category_id,topic_id,top_keywords,top_keyword_ids,top_keyword_weights,active,paper_documents,train_documents,validation_documents,replay_documents,name,domain,status,analysis_scope,uniform_assigned_papers
N0001,0,Electrochemistry | Chemical engineering | Electrode | Chemistry | Nanotechnology | Catalysis | Inorganic chemistry | Physical chemistry | Organic chemistry | Electrolyte | Composite material | Cyclic voltammetry | Anode | Metallurgy | Carbon fibers,https://openalex.org/keywords/electrochemistry | https://openalex.org/keywords/chemical-engineering | https://openalex.org/keywords/electrode | https://openalex.org/keywords/chemistry | https://openalex.org/keywords/nanotechnology | https://openalex.org/keywords/catalysis | https://openalex.org/keywords/inorganic-chemistry | https://openalex.org/keywords/physical-chemistry | https://openalex.org/keywords/organic-chemistry | https://openalex.org/keywords/electrolyte | https://openalex.org/keywords/composite-material | https://openalex.org/keywords/cyclic-voltammetry | https://openalex.org/keywords/anode | https://openalex.org/keywords/metallurgy | https://openalex.org/keywords/carbon-fibers,16.691 | 7.93303 | 7.92697 | 4.37403 | 3.51075 | 3.37269 | 2.39029 | 1.00016 | 0.993618 | 0.828985 | 0.568127 | 0.493945 | 0.431749 | 0.396658 | 0.390453,True,46,30,8,8,Electrochemistry / Chemical engineering / Electrode,待主题范围审阅,NMF关键词主题,待主题范围审阅,42
N0002,1,Engineering | Electrical engineering | Computer science | Power (physics) | Voltage | Electronic engineering | Control theory (sociology) | Automotive engineering | Mechanical engineering | Renewable energy | Photovoltaic system | Telecommunications | Control (management) | Grid | Environmental science,https://openalex.org/keywords/engineering | https://openalex.org/keywords/electrical-engineering | https://openalex.org/keywords/computer-science | https://openalex.org/keywords/power | https://openalex.org/keywords/voltage | https://openalex.org/keywords/electronic-engineering | https://openalex.org/keywords/control-theory | https://openalex.org/keywords/automotive-engineering | https://openalex.org/keywords/mechanical-engineering | https://openalex.org/keywords/renewable-energy | https://openalex.org/keywords/photovoltaic-system | https://openalex.org/keywords/telecommunications | https://openalex.org/keywords/control | https://openalex.org/keywords/grid | https://openalex.org/keywords/environmental-science,9.29806 | 9.26861 | 8.32539 | 4.01468 | 3.35656 | 1.34244 | 0.85169 | 0.77762 | 0.567908 | 0.513082 | 0.475628 | 0.431256 | 0.343689 | 0.314811 | 0.30071,True,124,108,7,9,Engineering / Electrical engineering / Computer science,待主题范围审阅,NMF关键词主题,待主题范围审阅,117
N0003,2,Photocatalysis | Visible spectrum | Catalysis | Photochemistry | Chemical engineering | Nanotechnology | Chemistry | Organic chemistry | Nuclear chemistry | Diffuse reflectance infrared fourier transform | Optoelectronics | Hydrogen production | Degradation (telecommunications) | Irradiation | Heterojunction,https://openalex.org/keywords/photocatalysis | https://openalex.org/keywords/visible-spectrum | https://openalex.org/keywords/catalysis | https://openalex.org/keywords/photochemistry | https://openalex.org/keywords/chemical-engineering | https://openalex.org/keywords/nanotechnology | https://openalex.org/keywords/chemistry | https://openalex.org/keywords/organic-chemistry | https://openalex.org/keywords/nuclear-chemistry | https://openalex.org/keywords/diffuse-reflectance-infrared-fourier-transform | https://openalex.org/keywords/optoelectronics | https://openalex.org/keywords/hydrogen-production | https://openalex.org/keywords/degradation | https://openalex.org/keywords/irradiation | https://openalex.org/keywords/heterojunction,17.9674 | 5.01354 | 3.77406 | 2.36566 | 1.94716 | 1.54436 | 1.5084 | 0.799975 | 0.750467 | 0.737629 | 0.64269 | 0.613712 | 0.377145 | 0.32988 | 0.251686,True,161,127,18,16,Photocatalysis / Visible spectrum / Catalysis,待主题范围审阅,NMF关键词主题,待主题范围审阅,143
N0004,3,Environmental science | Waste management | Engineering | Process engineering | Environmental engineering | Natural resource economics | Renewable energy | Pulp and paper industry | Meteorology | Environmental economics | Biomass (ecology) | Chemistry | Business | Economics | Geography,https://openalex.org/keywords/environmental-science | https://openalex.org/keywords/waste-management | https://openalex.org/keywords/engineering | https://openalex.org/keywords/process-engineering | https://openalex.org/keywords/environmental-engineering | https://openalex.org/keywords/natural-resource-economics | https://openalex.org/keywords/renewable-energy | https://openalex.org/keywords/pulp-and-paper-industry | https://openalex.org/keywords/meteorology | https://openalex.org/keywords/environmental-economics | https://openalex.org/keywords/biomass | https://openalex.org/keywords/chemistry | https://openalex.org/keywords/business | https://openalex.org/keywords/economics | https://openalex.org/keywords/geography,19.5075 | 3.43848 | 1.68601 | 1.27465 | 0.930745 | 0.567624 | 0.473731 | 0.422922 | 0.39562 | 0.320264 | 0.298617 | 0.290403 | 0.218182 | 0.212538 | 0.203917,True,254,211,23,20,Environmental science / Waste management / Engineering,待主题范围审阅,NMF关键词主题,待主题范围审阅,254
N0005,4,Optoelectronics | Nanotechnology | Energy conversion efficiency | Layer (electronics) | Thin film | Engineering physics | Solar cell | Optics | Planar | Photovoltaic system | Electrical engineering | Tandem | Polymer solar cell | Perovskite (structure) | Band gap,https://openalex.org/keywords/optoelectronics | https://openalex.org/keywords/nanotechnology | https://openalex.org/keywords/energy-conversion-efficiency | https://openalex.org/keywords/layer | https://openalex.org/keywords/thin-film | https://openalex.org/keywords/engineering-physics | https://openalex.org/keywords/solar-cell | https://openalex.org/keywords/optics | https://openalex.org/keywords/planar | https://openalex.org/keywords/photovoltaic-system | https://openalex.org/keywords/electrical-engineering | https://openalex.org/keywords/tandem | https://openalex.org/keywords/polymer-solar-cell | https://openalex.org/keywords/perovskite | https://openalex.org/keywords/band-gap,14.8208 | 7.1462 | 3.47538 | 1.9186 | 1.67624 | 1.12942 | 1.04694 | 0.993962 | 0.5618 | 0.518687 | 0.491786 | 0.421362 | 0.389514 | 0.379077 | 0.349495,True,59,40,12,7,Optoelectronics / Nanotechnology / Energy conversion efficiency,待主题范围审阅,NMF关键词主题,待主题范围审阅,58
N0006,5,Business | Environmental economics | Economics | Natural resource economics | Industrial organization | Finance | Renewable energy | Marketing | Operations management | Commerce | Supply chain | Economic growth | Revenue | Agricultural economics | Portfolio,https://openalex.org/keywords/business | https://openalex.org/keywords/environmental-economics | https://openalex.org/keywords/economics | https://openalex.org/keywords/natural-resource-economics | https://openalex.org/keywords/industrial-organization | https://openalex.org/keywords/finance | https://openalex.org/keywords/renewable-energy | https://openalex.org/keywords/marketing | https://openalex.org/keywords/operations-management | https://openalex.org/keywords/commerce | https://openalex.org/keywords/supply-chain | https://openalex.org/keywords/economic-growth | https://openalex.org/keywords/revenue | https://openalex.org/keywords/agricultural-economics | https://openalex.org/keywords/portfolio,16.0076 | 3.7116 | 2.77838 | 2.56452 | 1.48047 | 1.19851 | 0.901661 | 0.807049 | 0.61754 | 0.507768 | 0.440844 | 0.341509 | 0.341405 | 0.292747 | 0.260863,True,457,358,58,41,Business / Environmental economics / Economics,待主题范围审阅,NMF关键词主题,待主题范围审阅,453
N0007,6,Supercapacitor | Capacitance | Electrode | Power density | Nanotechnology | Pseudocapacitance | Graphene | Pseudocapacitor | Composite material | Horizontal scan rate | Specific surface area | Chemical engineering | Cyclic voltammetry | Capacitive sensing | Energy storage,https://openalex.org/keywords/supercapacitor | https://openalex.org/keywords/capacitance | https://openalex.org/keywords/electrode | https://openalex.org/keywords/power-density | https://openalex.org/keywords/nanotechnology | https://openalex.org/keywords/pseudocapacitance | https://openalex.org/keywords/graphene | https://openalex.org/keywords/pseudocapacitor | https://openalex.org/keywords/composite-material | https://openalex.org/keywords/horizontal-scan-rate | https://openalex.org/keywords/specific-surface-area | https://openalex.org/keywords/chemical-engineering | https://openalex.org/keywords/cyclic-voltammetry | https://openalex.org/keywords/capacitive-sensing | https://openalex.org/keywords/energy-storage,13.9293 | 8.03502 | 2.7348 | 1.14774 | 1.04363 | 0.794957 | 0.632699 | 0.543471 | 0.542421 | 0.505852 | 0.492978 | 0.475875 | 0.473394 | 0.390043 | 0.373819,True,656,497,69,90,Supercapacitor / Capacitance / Electrode,待主题范围审阅,NMF关键词主题,待主题范围审阅,646
N0008,7,Lithium (medication) | Anode | Lithium-ion battery | Ion | Battery (electricity) | Lithium metal | Cathode | Lithium iron phosphate | Lithium titanate | Lithium vanadium phosphate battery | Electrolyte | Lithium battery | Current collector | Energy density | Composite material,https://openalex.org/keywords/lithium | https://openalex.org/keywords/anode | https://openalex.org/keywords/lithium-ion-battery | https://openalex.org/keywords/ion | https://openalex.org/keywords/battery | https://openalex.org/keywords/lithium-metal | https://openalex.org/keywords/cathode | https://openalex.org/keywords/lithium-iron-phosphate | https://openalex.org/keywords/lithium-titanate | https://openalex.org/keywords/lithium-vanadium-phosphate-battery | https://openalex.org/keywords/electrolyte | https://openalex.org/keywords/lithium-battery | https://openalex.org/keywords/current-collector | https://openalex.org/keywords/energy-density | https://openalex.org/keywords/composite-material,15.2586 | 1.65785 | 1.56119 | 1.27048 | 0.751673 | 0.704568 | 0.553667 | 0.350717 | 0.289653 | 0.275539 | 0.260565 | 0.257856 | 0.187556 | 0.185154 | 0.176177,True,295,166,61,68,Lithium (medication) / Anode / Lithium-ion battery,待主题范围审阅,NMF关键词主题,待主题范围审阅,293
N0009,8,Computer science | Artificial intelligence | Telecommunications | Mathematics | Programming language | Database | World Wide Web | Data science | Operating system | Distributed computing | Algorithm | Real-time computing | Business | Data mining | Code (set theory),https://openalex.org/keywords/computer-science | https://openalex.org/keywords/artificial-intelligence | https://openalex.org/keywords/telecommunications | https://openalex.org/keywords/mathematics | https://openalex.org/keywords/programming-language | https://openalex.org/keywords/database | https://openalex.org/keywords/world-wide-web | https://openalex.org/keywords/data-science | https://openalex.org/keywords/operating-system | https://openalex.org/keywords/distributed-computing | https://openalex.org/keywords/algorithm | https://openalex.org/keywords/real-time-computing | https://openalex.org/keywords/business | https://openalex.org/keywords/data-mining | https://openalex.org/keywords/code,17.8892 | 0.716047 | 0.60095 | 0.446475 | 0.294121 | 0.249502 | 0.246699 | 0.241372 | 0.227026 | 0.217763 | 0.194468 | 0.18884 | 0.187176 | 0.171904 | 0.156067,True,520,425,54,41,Computer science / Artificial intelligence / Telecommunications,待主题范围审阅,NMF关键词主题,待主题范围审阅,518
N0010,9,Control theory (sociology) | Voltage | Control (management) | Electronic engineering | AC power | Three-phase | Automatic frequency control | Voltage source | Control engineering | Observer (physics) | Engineering | Controller (irrigation) | Physics | Sliding mode control | Decoupling (probability),https://openalex.org/keywords/control-theory | https://openalex.org/keywords/voltage | https://openalex.org/keywords/control | https://openalex.org/keywords/electronic-engineering | https://openalex.org/keywords/ac-power | https://openalex.org/keywords/three-phase | https://openalex.org/keywords/automatic-frequency-control | https://openalex.org/keywords/voltage-source | https://openalex.org/keywords/control-engineering | https://openalex.org/keywords/observer | https://openalex.org/keywords/engineering | https://openalex.org/keywords/controller | https://openalex.org/keywords/physics | https://openalex.org/keywords/sliding-mode-control | https://openalex.org/keywords/decoupling,16.625 | 4.39654 | 1.28239 | 0.870709 | 0.866475 | 0.790295 | 0.766526 | 0.672657 | 0.651842 | 0.638424 | 0.534694 | 0.518111 | 0.500194 | 0.480006 | 0.451512,True,106,75,11,20,Control theory (sociology) / Voltage / Control (management),待主题范围审阅,NMF关键词主题,待主题范围审阅,108
N0011,10,Graphene | Nanotechnology | Oxide | Graphene oxide paper | Graphene nanoribbons | Exfoliation joint | Graphene foam | Graphite oxide | Zigzag | Anode | Bilayer graphene | Lithium (medication) | Nanoparticle | Catalysis | Composite number,https://openalex.org/keywords/graphene | https://openalex.org/keywords/nanotechnology | https://openalex.org/keywords/oxide | https://openalex.org/keywords/graphene-oxide-paper | https://openalex.org/keywords/graphene-nanoribbons | https://openalex.org/keywords/exfoliation-joint | https://openalex.org/keywords/graphene-foam | https://openalex.org/keywords/graphite-oxide | https://openalex.org/keywords/zigzag | https://openalex.org/keywords/anode | https://openalex.org/keywords/bilayer-graphene | https://openalex.org/keywords/lithium | https://openalex.org/keywords/nanoparticle | https://openalex.org/keywords/catalysis | https://openalex.org/keywords/composite-number,17.4928 | 2.84128 | 1.25516 | 1.24115 | 0.845715 | 0.616013 | 0.613228 | 0.249664 | 0.184991 | 0.169374 | 0.160039 | 0.140639 | 0.140317 | 0.137593 | 0.132804,True,205,168,21,16,Graphene / Nanotechnology / Oxide,待主题范围审阅,NMF关键词主题,待主题范围审阅,200
N0012,11,Renewable energy | Thermodynamics | Automotive engineering | Enthalpy | Energy storage | Mechanical engineering | Power (physics) | Intermittent energy source | Pumped-storage hydroelectricity | Stand-alone power system | Isothermal process | Thermal | Diesel generator | Physics | Wind power,https://openalex.org/keywords/renewable-energy | https://openalex.org/keywords/thermodynamics | https://openalex.org/keywords/automotive-engineering | https://openalex.org/keywords/enthalpy | https://openalex.org/keywords/energy-storage | https://openalex.org/keywords/mechanical-engineering | https://openalex.org/keywords/power | https://openalex.org/keywords/intermittent-energy-source | https://openalex.org/keywords/pumped-storage-hydroelectricity | https://openalex.org/keywords/stand-alone-power-system | https://openalex.org/keywords/isothermal-process | https://openalex.org/keywords/thermal | https://openalex.org/keywords/diesel-generator | https://openalex.org/keywords/physics | https://openalex.org/keywords/wind-power,5.51175 | 5.48018 | 1.66639 | 1.39875 | 1.256 | 0.949113 | 0.931387 | 0.903459 | 0.831767 | 0.812103 | 0.778924 | 0.686313 | 0.673567 | 0.673508 | 0.629927,True,116,102,7,7,Renewable energy / Thermodynamics / Automotive engineering,待主题范围审阅,NMF关键词主题,待主题范围审阅,67
N0013,12,Overpotential | Oxygen evolution | Catalysis | Electrocatalyst | Water splitting | Electrochemistry | Inorganic chemistry | Electrolysis of water | Electrode | Physical chemistry | Tafel equation | Noble metal | Hydrogen production | Phosphide | Nanotechnology,https://openalex.org/keywords/overpotential | https://openalex.org/keywords/oxygen-evolution | https://openalex.org/keywords/catalysis | https://openalex.org/keywords/electrocatalyst | https://openalex.org/keywords/water-splitting | https://openalex.org/keywords/electrochemistry | https://openalex.org/keywords/inorganic-chemistry | https://openalex.org/keywords/electrolysis-of-water | https://openalex.org/keywords/electrode | https://openalex.org/keywords/physical-chemistry | https://openalex.org/keywords/tafel-equation | https://openalex.org/keywords/noble-metal | https://openalex.org/keywords/hydrogen-production | https://openalex.org/keywords/phosphide | https://openalex.org/keywords/nanotechnology,10.9089 | 6.42735 | 2.32475 | 1.83293 | 1.6244 | 0.937513 | 0.888531 | 0.601702 | 0.506034 | 0.462724 | 0.418172 | 0.321447 | 0.286624 | 0.233509 | 0.163641,True,404,294,40,70,Overpotential / Oxygen evolution / Catalysis,待主题范围审阅,NMF关键词主题,待主题范围审阅,388
N0014,13,Scanning electron microscope | Analytical Chemistry (journal) | Diffraction | Thin film | Diffractometer | Energy-dispersive X-ray spectroscopy | Electrochemistry | Transmission electron microscopy | Chemical engineering | Powder diffraction | Cyclic voltammetry | X-ray photoelectron spectroscopy | Diffuse reflectance infrared fourier transform | Field emission microscopy | Composite material,https://openalex.org/keywords/scanning-electron-microscope | https://openalex.org/keywords/analytical-chemistry | https://openalex.org/keywords/diffraction | https://openalex.org/keywords/thin-film | https://openalex.org/keywords/diffractometer | https://openalex.org/keywords/energy-dispersive-x-ray-spectroscopy | https://openalex.org/keywords/electrochemistry | https://openalex.org/keywords/transmission-electron-microscopy | https://openalex.org/keywords/chemical-engineering | https://openalex.org/keywords/powder-diffraction | https://openalex.org/keywords/cyclic-voltammetry | https://openalex.org/keywords/x-ray-photoelectron-spectroscopy | https://openalex.org/keywords/diffuse-reflectance-infrared-fourier-transform | https://openalex.org/keywords/field-emission-microscopy | https://openalex.org/keywords/composite-material,13.2222 | 2.90641 | 0.855375 | 0.715342 | 0.623793 | 0.508991 | 0.499402 | 0.487816 | 0.453833 | 0.38233 | 0.380273 | 0.336557 | 0.289354 | 0.284618 | 0.254832,True,44,43,1,0,Scanning electron microscope / Analytical Chemistry (journal) / Diffraction,待主题范围审阅,NMF关键词主题,待主题范围审阅,38
N0015,14,Mechanics | Heat transfer | Thermodynamics | Convection | Physics | Heat transfer coefficient | Heat flux | Pressure drop | Natural convection | Convective heat transfer | Thermal | Tube (container) | Nusselt number | Composite material | Thermal conduction,https://openalex.org/keywords/mechanics | https://openalex.org/keywords/heat-transfer | https://openalex.org/keywords/thermodynamics | https://openalex.org/keywords/convection | https://openalex.org/keywords/physics | https://openalex.org/keywords/heat-transfer-coefficient | https://openalex.org/keywords/heat-flux | https://openalex.org/keywords/pressure-drop | https://openalex.org/keywords/natural-convection | https://openalex.org/keywords/convective-heat-transfer | https://openalex.org/keywords/thermal | https://openalex.org/keywords/tube | https://openalex.org/keywords/nusselt-number | https://openalex.org/keywords/composite-material | https://openalex.org/keywords/thermal-conduction,9.45678 | 5.06696 | 2.37702 | 1.69765 | 1.39665 | 1.16417 | 1.12889 | 1.01539 | 1.00141 | 0.904341 | 0.860189 | 0.831551 | 0.741588 | 0.67051 | 0.65437,True,437,377,30,30,Mechanics / Heat transfer / Thermodynamics,待主题范围审阅,NMF关键词主题,待主题范围审阅,434
N0016,15,Wind power | Wind speed | Induction generator | Turbine | Meteorology | Doubly fed electric machine | Wind power forecasting | Weibull distribution | Offshore wind power | Permanent magnet synchronous generator | Environmental science | Control theory (sociology) | Power optimizer | Wind profile power law | Marine engineering,https://openalex.org/keywords/wind-power | https://openalex.org/keywords/wind-speed | https://openalex.org/keywords/induction-generator | https://openalex.org/keywords/turbine | https://openalex.org/keywords/meteorology | https://openalex.org/keywords/doubly-fed-electric-machine | https://openalex.org/keywords/wind-power-forecasting | https://openalex.org/keywords/weibull-distribution | https://openalex.org/keywords/offshore-wind-power | https://openalex.org/keywords/permanent-magnet-synchronous-generator | https://openalex.org/keywords/environmental-science | https://openalex.org/keywords/control-theory | https://openalex.org/keywords/power-optimizer | https://openalex.org/keywords/wind-profile-power-law | https://openalex.org/keywords/marine-engineering,12.7715 | 2.81815 | 0.800818 | 0.74466 | 0.650111 | 0.537849 | 0.478401 | 0.444499 | 0.402032 | 0.394091 | 0.379592 | 0.367539 | 0.363099 | 0.319167 | 0.233022,True,416,337,24,55,Wind power / Wind speed / Induction generator,待主题范围审阅,NMF关键词主题,待主题范围审阅,418
N0017,16,Photovoltaic system | Electrical engineering | Maximum power point tracking | Grid-connected photovoltaic power system | Computer science | Environmental science | Building-integrated photovoltaics | Photovoltaic thermal hybrid solar collector | Rooftop photovoltaic power station | Engineering physics | Payback period | Shading | Water pumping | Electronic engineering | Maximum power principle,https://openalex.org/keywords/photovoltaic-system | https://openalex.org/keywords/electrical-engineering | https://openalex.org/keywords/maximum-power-point-tracking | https://openalex.org/keywords/grid-connected-photovoltaic-power-system | https://openalex.org/keywords/computer-science | https://openalex.org/keywords/environmental-science | https://openalex.org/keywords/building-integrated-photovoltaics | https://openalex.org/keywords/photovoltaic-thermal-hybrid-solar-collector | https://openalex.org/keywords/rooftop-photovoltaic-power-station | https://openalex.org/keywords/engineering-physics | https://openalex.org/keywords/payback-period | https://openalex.org/keywords/shading | https://openalex.org/keywords/water-pumping | https://openalex.org/keywords/electronic-engineering | https://openalex.org/keywords/maximum-power-principle,18.2775 | 0.839697 | 0.642896 | 0.472483 | 0.450367 | 0.274699 | 0.271145 | 0.242781 | 0.215048 | 0.206237 | 0.19653 | 0.182966 | 0.17851 | 0.177288 | 0.162133,True,222,149,37,36,Photovoltaic system / Electrical engineering / Maximum power point tracking,待主题范围审阅,NMF关键词主题,待主题范围审阅,221
N0018,17,Polymer | Polymer chemistry | Membrane | Chemical engineering | Composite material | Electrospinning | Electrolyte | Polymerization | Nanofiber | Polymer science | Organic chemistry | Side chain | Monomer | Ether | Vinyl alcohol,https://openalex.org/keywords/polymer | https://openalex.org/keywords/polymer-chemistry | https://openalex.org/keywords/membrane | https://openalex.org/keywords/chemical-engineering | https://openalex.org/keywords/composite-material | https://openalex.org/keywords/electrospinning | https://openalex.org/keywords/electrolyte | https://openalex.org/keywords/polymerization | https://openalex.org/keywords/nanofiber | https://openalex.org/keywords/polymer-science | https://openalex.org/keywords/organic-chemistry | https://openalex.org/keywords/side-chain | https://openalex.org/keywords/monomer | https://openalex.org/keywords/ether | https://openalex.org/keywords/vinyl-alcohol,11.1653 | 4.49942 | 2.91389 | 2.7416 | 1.54256 | 1.14844 | 1.11276 | 1.00276 | 0.992247 | 0.84823 | 0.798542 | 0.758914 | 0.713246 | 0.659583 | 0.612837,True,142,116,9,17,Polymer / Polymer chemistry / Membrane,待主题范围审阅,NMF关键词主题,待主题范围审阅,130
N0019,18,Thermoelectric effect | Thermoelectric materials | Seebeck coefficient | Figure of merit | Thermal conductivity | Thermoelectric generator | Condensed matter physics | Thermodynamics | Thermoelectric cooling | Electrical resistivity and conductivity | Phonon scattering | Skutterudite | Composite material | Bismuth telluride | Dimensionless quantity,https://openalex.org/keywords/thermoelectric-effect | https://openalex.org/keywords/thermoelectric-materials | https://openalex.org/keywords/seebeck-coefficient | https://openalex.org/keywords/figure-of-merit | https://openalex.org/keywords/thermal-conductivity | https://openalex.org/keywords/thermoelectric-generator | https://openalex.org/keywords/condensed-matter-physics | https://openalex.org/keywords/thermodynamics | https://openalex.org/keywords/thermoelectric-cooling | https://openalex.org/keywords/electrical-resistivity-and-conductivity | https://openalex.org/keywords/phonon-scattering | https://openalex.org/keywords/skutterudite | https://openalex.org/keywords/composite-material | https://openalex.org/keywords/bismuth-telluride | https://openalex.org/keywords/dimensionless-quantity,10.9125 | 6.17174 | 5.67421 | 1.99583 | 1.89352 | 1.86838 | 1.29088 | 0.958322 | 0.731124 | 0.498001 | 0.447937 | 0.353436 | 0.343933 | 0.331094 | 0.281198,True,660,537,55,68,Thermoelectric effect / Thermoelectric materials / Seebeck coefficient,待主题范围审阅,NMF关键词主题,待主题范围审阅,648
N0020,19,Plasma | Atomic physics | Physics | Nuclear physics | Computational physics | Tokamak | Toroid | Cyclotron | Instability | Beam (structure) | Fusion | Plasma diagnostics | Fusion power | DIII-D | Magnetohydrodynamics,https://openalex.org/keywords/plasma | https://openalex.org/keywords/atomic-physics | https://openalex.org/keywords/physics | https://openalex.org/keywords/nuclear-physics | https://openalex.org/keywords/computational-physics | https://openalex.org/keywords/tokamak | https://openalex.org/keywords/toroid | https://openalex.org/keywords/cyclotron | https://openalex.org/keywords/instability | https://openalex.org/keywords/beam | https://openalex.org/keywords/fusion | https://openalex.org/keywords/plasma-diagnostics | https://openalex.org/keywords/fusion-power | https://openalex.org/keywords/diii-d | https://openalex.org/keywords/magnetohydrodynamics,11.5892 | 4.65193 | 3.5478 | 3.18635 | 2.2154 | 1.52002 | 1.19003 | 1.0446 | 0.789546 | 0.735098 | 0.720907 | 0.688312 | 0.675285 | 0.599502 | 0.599115,True,411,367,23,21,Plasma / Atomic physics / Physics,待主题范围审阅,NMF关键词主题,待主题范围审阅,395
N0021,20,Perovskite (structure) | Halide | Energy conversion efficiency | Perovskite solar cell | Chemical engineering | Iodide | Inorganic chemistry | Formamidinium | Crystallography | Hysteresis | Light-emitting diode | Planar | Tandem | Mesoscopic physics | Caesium,https://openalex.org/keywords/perovskite | https://openalex.org/keywords/halide | https://openalex.org/keywords/energy-conversion-efficiency | https://openalex.org/keywords/perovskite-solar-cell | https://openalex.org/keywords/chemical-engineering | https://openalex.org/keywords/iodide | https://openalex.org/keywords/inorganic-chemistry | https://openalex.org/keywords/formamidinium | https://openalex.org/keywords/crystallography | https://openalex.org/keywords/hysteresis | https://openalex.org/keywords/light-emitting-diode | https://openalex.org/keywords/planar | https://openalex.org/keywords/tandem | https://openalex.org/keywords/mesoscopic-physics | https://openalex.org/keywords/caesium,12.4706 | 2.40822 | 1.75644 | 1.29134 | 0.981502 | 0.914867 | 0.776129 | 0.565461 | 0.425733 | 0.39957 | 0.315065 | 0.297711 | 0.268916 | 0.165091 | 0.164412,True,653,454,78,121,Perovskite (structure) / Halide / Energy conversion efficiency,待主题范围审阅,NMF关键词主题,待主题范围审阅,623
N0022,21,Electronic engineering | Amplifier | CMOS | Voltage | Electrical engineering | Electronic circuit | Bandwidth (computing) | Wideband | Waveform | Oxide | Orthogonal frequency-division multiplexing | Channel (broadcasting) | Radio frequency | Chip | Metallurgy,https://openalex.org/keywords/electronic-engineering | https://openalex.org/keywords/amplifier | https://openalex.org/keywords/cmos | https://openalex.org/keywords/voltage | https://openalex.org/keywords/electrical-engineering | https://openalex.org/keywords/electronic-circuit | https://openalex.org/keywords/bandwidth | https://openalex.org/keywords/wideband | https://openalex.org/keywords/waveform | https://openalex.org/keywords/oxide | https://openalex.org/keywords/orthogonal-frequency-division-multiplexing | https://openalex.org/keywords/channel | https://openalex.org/keywords/radio-frequency | https://openalex.org/keywords/chip | https://openalex.org/keywords/metallurgy,9.24944 | 2.44766 | 2.28592 | 1.4859 | 1.15043 | 1.08656 | 1.01166 | 0.756072 | 0.74105 | 0.692564 | 0.668654 | 0.60795 | 0.592434 | 0.570152 | 0.561169,True,398,350,22,26,Electronic engineering / Amplifier / CMOS,待主题范围审阅,NMF关键词主题,待主题范围审阅,394
N0023,22,Nanoparticle | Nanotechnology | Chemical engineering | Magnetic nanoparticles | Iron oxide nanoparticles | Superparamagnetism | Colloidal gold | Perovskite (structure) | Colloid | Dispersity | Silver nanoparticle | Iron oxide | Magnetization | Nanomaterial-based catalyst | Zeta potential,https://openalex.org/keywords/nanoparticle | https://openalex.org/keywords/nanotechnology | https://openalex.org/keywords/chemical-engineering | https://openalex.org/keywords/magnetic-nanoparticles | https://openalex.org/keywords/iron-oxide-nanoparticles | https://openalex.org/keywords/superparamagnetism | https://openalex.org/keywords/colloidal-gold | https://openalex.org/keywords/perovskite | https://openalex.org/keywords/colloid | https://openalex.org/keywords/dispersity | https://openalex.org/keywords/silver-nanoparticle | https://openalex.org/keywords/iron-oxide | https://openalex.org/keywords/magnetization | https://openalex.org/keywords/nanomaterial-based-catalyst | https://openalex.org/keywords/zeta-potential,13.4509 | 2.77016 | 2.44013 | 0.822199 | 0.526161 | 0.434856 | 0.429148 | 0.365032 | 0.288652 | 0.25097 | 0.237798 | 0.227462 | 0.204619 | 0.202246 | 0.199827,True,170,136,19,15,Nanoparticle / Nanotechnology / Chemical engineering,待主题范围审阅,NMF关键词主题,待主题范围审阅,168
N0024,23,Automotive engineering | Powertrain | Engineering | Fuel efficiency | Traction (geology) | Electric motor | Battery (electricity) | Electric vehicle | Internal combustion engine | Brake | Propulsion | Regenerative brake | Power (physics) | Traction motor | Clutch,https://openalex.org/keywords/automotive-engineering | https://openalex.org/keywords/powertrain | https://openalex.org/keywords/engineering | https://openalex.org/keywords/fuel-efficiency | https://openalex.org/keywords/traction | https://openalex.org/keywords/electric-motor | https://openalex.org/keywords/battery | https://openalex.org/keywords/electric-vehicle | https://openalex.org/keywords/internal-combustion-engine | https://openalex.org/keywords/brake | https://openalex.org/keywords/propulsion | https://openalex.org/keywords/regenerative-brake | https://openalex.org/keywords/power | https://openalex.org/keywords/traction-motor | https://openalex.org/keywords/clutch,13.6256 | 1.13032 | 1.09872 | 0.888986 | 0.553036 | 0.546529 | 0.531824 | 0.531088 | 0.507436 | 0.474927 | 0.386187 | 0.351276 | 0.341517 | 0.318457 | 0.254349,True,318,271,29,18,Automotive engineering / Powertrain / Engineering,待主题范围审阅,NMF关键词主题,待主题范围审阅,319
N0025,24,Hydrogen | Hydrogen production | Hydrogen storage | Catalysis | Hydrogen fuel | Steam reforming | Chemical engineering | Hydrogen economy | Energy carrier | Thermochemical cycle | Biohydrogen | Methane reformer | Metallurgy | Hydrogen technologies | Permeation,https://openalex.org/keywords/hydrogen | https://openalex.org/keywords/hydrogen-production | https://openalex.org/keywords/hydrogen-storage | https://openalex.org/keywords/catalysis | https://openalex.org/keywords/hydrogen-fuel | https://openalex.org/keywords/steam-reforming | https://openalex.org/keywords/chemical-engineering | https://openalex.org/keywords/hydrogen-economy | https://openalex.org/keywords/energy-carrier | https://openalex.org/keywords/thermochemical-cycle | https://openalex.org/keywords/biohydrogen | https://openalex.org/keywords/methane-reformer | https://openalex.org/keywords/metallurgy | https://openalex.org/keywords/hydrogen-technologies | https://openalex.org/keywords/permeation,13.5322 | 7.60542 | 3.53065 | 1.27023 | 1.22673 | 0.964063 | 0.848896 | 0.429227 | 0.395303 | 0.372546 | 0.273727 | 0.260937 | 0.259955 | 0.242654 | 0.212758,True,190,113,27,50,Hydrogen / Hydrogen production / Hydrogen storage,待主题范围审阅,NMF关键词主题,待主题范围审阅,182
N0026,25,Doping | Analytical Chemistry (journal) | Optoelectronics | Dopant | Phosphor | Tin oxide | Photoluminescence | Chemical engineering | Luminescence | Carbon fibers | Yttrium | Lanthanum | Cathode | Quantum efficiency | Phosphorus,https://openalex.org/keywords/doping | https://openalex.org/keywords/analytical-chemistry | https://openalex.org/keywords/optoelectronics | https://openalex.org/keywords/dopant | https://openalex.org/keywords/phosphor | https://openalex.org/keywords/tin-oxide | https://openalex.org/keywords/photoluminescence | https://openalex.org/keywords/chemical-engineering | https://openalex.org/keywords/luminescence | https://openalex.org/keywords/carbon-fibers | https://openalex.org/keywords/yttrium | https://openalex.org/keywords/lanthanum | https://openalex.org/keywords/cathode | https://openalex.org/keywords/quantum-efficiency | https://openalex.org/keywords/phosphorus,15.8472 | 0.695423 | 0.672766 | 0.375394 | 0.31433 | 0.300147 | 0.249381 | 0.247137 | 0.206892 | 0.17266 | 0.148118 | 0.147586 | 0.142758 | 0.101412 | 0.0998121,True,98,58,26,14,Doping / Analytical Chemistry (journal) / Optoelectronics,待主题范围审阅,NMF关键词主题,待主题范围审阅,98
N0027,26,Turbine | Marine engineering | Mechanical engineering | Engineering | Turbine blade | Aerospace engineering | Structural engineering | Rotor (electric) | Steam turbine | Blade (archaeology) | Vertical axis wind turbine | Tidal power | Gas turbines | Horizontal axis | Combined cycle,https://openalex.org/keywords/turbine | https://openalex.org/keywords/marine-engineering | https://openalex.org/keywords/mechanical-engineering | https://openalex.org/keywords/engineering | https://openalex.org/keywords/turbine-blade | https://openalex.org/keywords/aerospace-engineering | https://openalex.org/keywords/structural-engineering | https://openalex.org/keywords/rotor | https://openalex.org/keywords/steam-turbine | https://openalex.org/keywords/blade | https://openalex.org/keywords/vertical-axis-wind-turbine | https://openalex.org/keywords/tidal-power | https://openalex.org/keywords/gas-turbines | https://openalex.org/keywords/horizontal-axis | https://openalex.org/keywords/combined-cycle,10.2425 | 3.95028 | 2.11327 | 1.6692 | 1.229 | 1.00444 | 0.966736 | 0.837327 | 0.755568 | 0.647584 | 0.551439 | 0.46628 | 0.461877 | 0.443375 | 0.41934,True,441,367,34,40,Turbine / Marine engineering / Mechanical engineering,待主题范围审阅,NMF关键词主题,待主题范围审阅,435
N0028,27,Electrolyte | Fast ion conductor | Ionic conductivity | Inorganic chemistry | Interphase | Ethylene carbonate | Lithium (medication) | Propylene carbonate | Lithium metal | Electrochemical window | Quasi-solid | Polymer electrolytes | Solvation | Chemical engineering | Conductivity,https://openalex.org/keywords/electrolyte | https://openalex.org/keywords/fast-ion-conductor | https://openalex.org/keywords/ionic-conductivity | https://openalex.org/keywords/inorganic-chemistry | https://openalex.org/keywords/interphase | https://openalex.org/keywords/ethylene-carbonate | https://openalex.org/keywords/lithium | https://openalex.org/keywords/propylene-carbonate | https://openalex.org/keywords/lithium-metal | https://openalex.org/keywords/electrochemical-window | https://openalex.org/keywords/quasi-solid | https://openalex.org/keywords/polymer-electrolytes | https://openalex.org/keywords/solvation | https://openalex.org/keywords/chemical-engineering | https://openalex.org/keywords/conductivity,16.6622 | 1.22351 | 1.04589 | 1.01817 | 0.743426 | 0.572331 | 0.48822 | 0.415207 | 0.368809 | 0.312029 | 0.30173 | 0.288662 | 0.269042 | 0.26458 | 0.233219,True,120,70,20,30,Electrolyte / Fast ion conductor / Ionic conductivity,待主题范围审阅,NMF关键词主题,待主题范围审阅,121
N0029,28,Power (physics) | Electric power system | Power flow | Reliability engineering | Phasor | Power grid | Economic dispatch | Automatic frequency control | AC power | Automatic Generation Control | Power network | Solar power | Power transmission | Blackout | Mathematical optimization,https://openalex.org/keywords/power | https://openalex.org/keywords/electric-power-system | https://openalex.org/keywords/power-flow | https://openalex.org/keywords/reliability-engineering | https://openalex.org/keywords/phasor | https://openalex.org/keywords/power-grid | https://openalex.org/keywords/economic-dispatch | https://openalex.org/keywords/automatic-frequency-control | https://openalex.org/keywords/ac-power | https://openalex.org/keywords/automatic-generation-control | https://openalex.org/keywords/power-network | https://openalex.org/keywords/solar-power | https://openalex.org/keywords/power-transmission | https://openalex.org/keywords/blackout | https://openalex.org/keywords/mathematical-optimization,11.5149 | 9.94747 | 1.0581 | 1.05714 | 0.621429 | 0.579719 | 0.574647 | 0.556228 | 0.397954 | 0.32853 | 0.304461 | 0.301275 | 0.29511 | 0.281729 | 0.28114,True,162,117,21,24,Power (physics) / Electric power system / Power flow,待主题范围审阅,NMF关键词主题,待主题范围审阅,162
N0030,29,Composite number | Composite material | Epoxy | Carbon fibers | Scanning electron microscope | Fiber | Lithium (medication) | Electrochemistry | Polymer | Filler (materials) | Electromagnetic shielding | Phase-change material | Graphene | Electrospinning | X-ray photoelectron spectroscopy,https://openalex.org/keywords/composite-number | https://openalex.org/keywords/composite-material | https://openalex.org/keywords/epoxy | https://openalex.org/keywords/carbon-fibers | https://openalex.org/keywords/scanning-electron-microscope | https://openalex.org/keywords/fiber | https://openalex.org/keywords/lithium | https://openalex.org/keywords/electrochemistry | https://openalex.org/keywords/polymer | https://openalex.org/keywords/filler | https://openalex.org/keywords/electromagnetic-shielding | https://openalex.org/keywords/phase-change-material | https://openalex.org/keywords/graphene | https://openalex.org/keywords/electrospinning | https://openalex.org/keywords/x-ray-photoelectron-spectroscopy,12.853 | 3.74895 | 0.420405 | 0.390501 | 0.382272 | 0.287315 | 0.2667 | 0.164594 | 0.157146 | 0.127224 | 0.125076 | 0.124944 | 0.124772 | 0.121564 | 0.119354,True,172,108,31,33,Composite number / Composite material / Epoxy,待主题范围审阅,NMF关键词主题,待主题范围审阅,173
N0031,30,Anode | Electrode | Chemical engineering | Electrochemistry | Dendrite (mathematics) | Galvanic anode | Nanofiber | Direct-ethanol fuel cell | Cathodic protection | Electrospinning | Direct methanol fuel cell | Plating (geology) | Sodium-ion battery | Carbon nanofiber | Potassium-ion battery,https://openalex.org/keywords/anode | https://openalex.org/keywords/electrode | https://openalex.org/keywords/chemical-engineering | https://openalex.org/keywords/electrochemistry | https://openalex.org/keywords/dendrite | https://openalex.org/keywords/galvanic-anode | https://openalex.org/keywords/nanofiber | https://openalex.org/keywords/direct-ethanol-fuel-cell | https://openalex.org/keywords/cathodic-protection | https://openalex.org/keywords/electrospinning | https://openalex.org/keywords/direct-methanol-fuel-cell | https://openalex.org/keywords/plating | https://openalex.org/keywords/sodium-ion-battery | https://openalex.org/keywords/carbon-nanofiber | https://openalex.org/keywords/potassium-ion-battery,17.0115 | 2.20074 | 0.692138 | 0.399022 | 0.261666 | 0.194742 | 0.187527 | 0.15911 | 0.152505 | 0.151277 | 0.149872 | 0.146335 | 0.143681 | 0.132164 | 0.131509,True,156,110,14,32,Anode / Electrode / Chemical engineering,待主题范围审阅,NMF关键词主题,待主题范围审阅,154
N0032,31,Cathode | Electrolyte | Chemical engineering | Electrochemistry | Physical chemistry | Lithium vanadium phosphate battery | Nanotechnology | Capacity loss | Lithium iron phosphate | Structural stability | Polysulfide | Organic radical battery | Cycling | Durability | Electrical engineering,https://openalex.org/keywords/cathode | https://openalex.org/keywords/electrolyte | https://openalex.org/keywords/chemical-engineering | https://openalex.org/keywords/electrochemistry | https://openalex.org/keywords/physical-chemistry | https://openalex.org/keywords/lithium-vanadium-phosphate-battery | https://openalex.org/keywords/nanotechnology | https://openalex.org/keywords/capacity-loss | https://openalex.org/keywords/lithium-iron-phosphate | https://openalex.org/keywords/structural-stability | https://openalex.org/keywords/polysulfide | https://openalex.org/keywords/organic-radical-battery | https://openalex.org/keywords/cycling | https://openalex.org/keywords/durability | https://openalex.org/keywords/electrical-engineering,17.4305 | 1.04781 | 0.542325 | 0.271841 | 0.23671 | 0.221419 | 0.173517 | 0.17322 | 0.172667 | 0.150148 | 0.12401 | 0.121174 | 0.114801 | 0.104023 | 0.0886975,True,156,96,21,39,Cathode / Electrolyte / Chemical engineering,待主题范围审阅,NMF关键词主题,待主题范围审阅,157
N0033,32,Membrane | Permeation | Ion exchange | Chemical engineering | Ion | Chromatography | Electrodialysis | Polysulfone | Membrane distillation | Nanofiltration | Permeance | Permeability (electromagnetism) | Gas separation | Phase inversion | Hollow fiber membrane,https://openalex.org/keywords/membrane | https://openalex.org/keywords/permeation | https://openalex.org/keywords/ion-exchange | https://openalex.org/keywords/chemical-engineering | https://openalex.org/keywords/ion | https://openalex.org/keywords/chromatography | https://openalex.org/keywords/electrodialysis | https://openalex.org/keywords/polysulfone | https://openalex.org/keywords/membrane-distillation | https://openalex.org/keywords/nanofiltration | https://openalex.org/keywords/permeance | https://openalex.org/keywords/permeability | https://openalex.org/keywords/gas-separation | https://openalex.org/keywords/phase-inversion | https://openalex.org/keywords/hollow-fiber-membrane,11.6525 | 2.28747 | 1.78744 | 1.29153 | 1.17506 | 1.08573 | 0.806274 | 0.662062 | 0.594235 | 0.514506 | 0.512185 | 0.495602 | 0.483241 | 0.468922 | 0.443455,True,567,400,74,93,Membrane / Permeation / Ion exchange,待主题范围审阅,NMF关键词主题,待主题范围审阅,584
N0034,33,Battery (electricity) | Lithium-ion battery | Battery pack | Power (physics) | Thermal runaway | Lead–acid battery | State of charge | Energy storage | Flow battery | State of health | Battery charger | Automotive battery | Internal resistance | Trickle charging | Lithium–sulfur battery,https://openalex.org/keywords/battery | https://openalex.org/keywords/lithium-ion-battery | https://openalex.org/keywords/battery-pack | https://openalex.org/keywords/power | https://openalex.org/keywords/thermal-runaway | https://openalex.org/keywords/lead–acid-battery | https://openalex.org/keywords/state-of-charge | https://openalex.org/keywords/energy-storage | https://openalex.org/keywords/flow-battery | https://openalex.org/keywords/state-of-health | https://openalex.org/keywords/battery-charger | https://openalex.org/keywords/automotive-battery | https://openalex.org/keywords/internal-resistance | https://openalex.org/keywords/trickle-charging | https://openalex.org/keywords/lithium–sulfur-battery,15.5149 | 2.26559 | 1.0391 | 0.724207 | 0.646976 | 0.441534 | 0.433896 | 0.387011 | 0.369986 | 0.350508 | 0.316238 | 0.309205 | 0.289895 | 0.279224 | 0.262963,True,240,164,33,43,Battery (electricity) / Lithium-ion battery / Battery pack,待主题范围审阅,NMF关键词主题,待主题范围审阅,239
N0035,34,Adsorption | Chemical engineering | Physical chemistry | Langmuir adsorption model | Chemisorption | Physisorption | Chitosan | Density functional theory | Metal ions in aqueous solution | Pressure swing adsorption | Molecular sieve | Goethite | Montmorillonite | Chemical physics | Computational chemistry,https://openalex.org/keywords/adsorption | https://openalex.org/keywords/chemical-engineering | https://openalex.org/keywords/physical-chemistry | https://openalex.org/keywords/langmuir-adsorption-model | https://openalex.org/keywords/chemisorption | https://openalex.org/keywords/physisorption | https://openalex.org/keywords/chitosan | https://openalex.org/keywords/density-functional-theory | https://openalex.org/keywords/metal-ions-in-aqueous-solution | https://openalex.org/keywords/pressure-swing-adsorption | https://openalex.org/keywords/molecular-sieve | https://openalex.org/keywords/goethite | https://openalex.org/keywords/montmorillonite | https://openalex.org/keywords/chemical-physics | https://openalex.org/keywords/computational-chemistry,17.4166 | 1.57199 | 1.12228 | 0.546503 | 0.505652 | 0.467955 | 0.31324 | 0.302227 | 0.300422 | 0.260259 | 0.255113 | 0.222067 | 0.214126 | 0.179609 | 0.176051,True,115,77,12,26,Adsorption / Chemical engineering / Physical chemistry,待主题范围审阅,NMF关键词主题,待主题范围审阅,115
N0036,35,Microstructure | Composite material | Metallurgy | Indentation hardness | Fracture toughness | Welding | Flexural strength | Ball mill | Composite number | Martensite | Tribology | Grain size | Vickers hardness test | Nanoindentation | Hardening (computing),https://openalex.org/keywords/microstructure | https://openalex.org/keywords/composite-material | https://openalex.org/keywords/metallurgy | https://openalex.org/keywords/indentation-hardness | https://openalex.org/keywords/fracture-toughness | https://openalex.org/keywords/welding | https://openalex.org/keywords/flexural-strength | https://openalex.org/keywords/ball-mill | https://openalex.org/keywords/composite-number | https://openalex.org/keywords/martensite | https://openalex.org/keywords/tribology | https://openalex.org/keywords/grain-size | https://openalex.org/keywords/vickers-hardness-test | https://openalex.org/keywords/nanoindentation | https://openalex.org/keywords/hardening,5.46821 | 4.90149 | 2.41223 | 1.36957 | 1.13415 | 1.07709 | 1.01117 | 0.873605 | 0.84545 | 0.817317 | 0.792401 | 0.772347 | 0.724536 | 0.624382 | 0.54479,True,216,175,22,19,Microstructure / Composite material / Metallurgy,待主题范围审阅,NMF关键词主题,待主题范围审阅,182
N0037,36,Biogas | Anaerobic digestion | Methane | Pulp and paper industry | Waste management | Biogas production | Anaerobic exercise | Mesophile | Manure | Digestion (alchemy) | Food waste | Methanogenesis | Digestate | Food science | Hydraulic retention time,https://openalex.org/keywords/biogas | https://openalex.org/keywords/anaerobic-digestion | https://openalex.org/keywords/methane | https://openalex.org/keywords/pulp-and-paper-industry | https://openalex.org/keywords/waste-management | https://openalex.org/keywords/biogas-production | https://openalex.org/keywords/anaerobic-exercise | https://openalex.org/keywords/mesophile | https://openalex.org/keywords/manure | https://openalex.org/keywords/digestion | https://openalex.org/keywords/food-waste | https://openalex.org/keywords/methanogenesis | https://openalex.org/keywords/digestate | https://openalex.org/keywords/food-science | https://openalex.org/keywords/hydraulic-retention-time,6.75013 | 5.90552 | 3.97384 | 2.50138 | 2.06921 | 1.64716 | 1.48442 | 1.32749 | 1.20528 | 1.06778 | 0.842989 | 0.775068 | 0.699984 | 0.669461 | 0.583133,True,834,688,60,86,Biogas / Anaerobic digestion / Methane,待主题范围审阅,NMF关键词主题,待主题范围审阅,830
N0038,37,Energy (signal processing) | Statistics | Mathematics | Energy supply | Electric potential energy | Wave energy converter | Engineering | Energy harvesting | Energy system | Physics | Energy recovery | Sustainable energy | Energy transformation | Energy management | Energy consumption,https://openalex.org/keywords/energy | https://openalex.org/keywords/statistics | https://openalex.org/keywords/mathematics | https://openalex.org/keywords/energy-supply | https://openalex.org/keywords/electric-potential-energy | https://openalex.org/keywords/wave-energy-converter | https://openalex.org/keywords/engineering | https://openalex.org/keywords/energy-harvesting | https://openalex.org/keywords/energy-system | https://openalex.org/keywords/physics | https://openalex.org/keywords/energy-recovery | https://openalex.org/keywords/sustainable-energy | https://openalex.org/keywords/energy-transformation | https://openalex.org/keywords/energy-management | https://openalex.org/keywords/energy-consumption,10.9653 | 0.7071 | 0.669776 | 0.591167 | 0.32026 | 0.313515 | 0.257691 | 0.227774 | 0.218228 | 0.21432 | 0.211906 | 0.210834 | 0.205823 | 0.205347 | 0.202469,True,596,362,91,143,Energy (signal processing) / Statistics / Mathematics,待主题范围审阅,NMF关键词主题,待主题范围审阅,592
N0039,38,Electricity | Electricity market | Environmental economics | Mains electricity | Economics | Electricity generation | Electricity retailing | Microeconomics | Industrial organization | Electricity demand | Tariff | Electricity system | Engineering | Electricity price | Bidding,https://openalex.org/keywords/electricity | https://openalex.org/keywords/electricity-market | https://openalex.org/keywords/environmental-economics | https://openalex.org/keywords/mains-electricity | https://openalex.org/keywords/economics | https://openalex.org/keywords/electricity-generation | https://openalex.org/keywords/electricity-retailing | https://openalex.org/keywords/microeconomics | https://openalex.org/keywords/industrial-organization | https://openalex.org/keywords/electricity-demand | https://openalex.org/keywords/tariff | https://openalex.org/keywords/electricity-system | https://openalex.org/keywords/engineering | https://openalex.org/keywords/electricity-price | https://openalex.org/keywords/bidding,12.7941 | 2.94513 | 2.48369 | 1.11779 | 0.869398 | 0.774571 | 0.602303 | 0.577593 | 0.561155 | 0.511978 | 0.489834 | 0.41785 | 0.41737 | 0.334278 | 0.308485,True,347,264,37,46,Electricity / Electricity market / Environmental economics,待主题范围审阅,NMF关键词主题,待主题范围审阅,340
N0040,39,Electricity generation | Cost of electricity by source | Power (physics) | Electricity | Environmental economics | Process engineering | Natural resource economics | Stand-alone power system | Economics | Solar power | Nameplate capacity | Capital cost | Combined cycle | Thermoelectric generator | Grid parity,https://openalex.org/keywords/electricity-generation | https://openalex.org/keywords/cost-of-electricity-by-source | https://openalex.org/keywords/power | https://openalex.org/keywords/electricity | https://openalex.org/keywords/environmental-economics | https://openalex.org/keywords/process-engineering | https://openalex.org/keywords/natural-resource-economics | https://openalex.org/keywords/stand-alone-power-system | https://openalex.org/keywords/economics | https://openalex.org/keywords/solar-power | https://openalex.org/keywords/nameplate-capacity | https://openalex.org/keywords/capital-cost | https://openalex.org/keywords/combined-cycle | https://openalex.org/keywords/thermoelectric-generator | https://openalex.org/keywords/grid-parity,9.7019 | 2.13945 | 1.23654 | 1.13364 | 0.727613 | 0.35075 | 0.337908 | 0.323489 | 0.30231 | 0.298095 | 0.287127 | 0.27343 | 0.252207 | 0.239873 | 0.23137,True,256,213,10,33,Electricity generation / Cost of electricity by source / Power (physics),待主题范围审阅,NMF关键词主题,待主题范围审阅,258
N0041,40,Heterojunction | Optoelectronics | Chemical engineering | Polymer solar cell | Planar | Homojunction | Band offset | Photoelectric effect | Photocurrent | Hybrid solar cell | Quantum tunnelling | Work function | Valence band | Charge carrier | Doping,https://openalex.org/keywords/heterojunction | https://openalex.org/keywords/optoelectronics | https://openalex.org/keywords/chemical-engineering | https://openalex.org/keywords/polymer-solar-cell | https://openalex.org/keywords/planar | https://openalex.org/keywords/homojunction | https://openalex.org/keywords/band-offset | https://openalex.org/keywords/photoelectric-effect | https://openalex.org/keywords/photocurrent | https://openalex.org/keywords/hybrid-solar-cell | https://openalex.org/keywords/quantum-tunnelling | https://openalex.org/keywords/work-function | https://openalex.org/keywords/valence-band | https://openalex.org/keywords/charge-carrier | https://openalex.org/keywords/doping,16.0957 | 0.558477 | 0.442926 | 0.319296 | 0.193403 | 0.105953 | 0.105073 | 0.100901 | 0.097393 | 0.0951319 | 0.0949067 | 0.0847725 | 0.0844516 | 0.0839268 | 0.0800621,True,209,126,42,41,Heterojunction / Optoelectronics / Chemical engineering,待主题范围审阅,NMF关键词主题,待主题范围审阅,205
N0042,41,X-ray photoelectron spectroscopy | Catalysis | Diffuse reflectance infrared fourier transform | Inorganic chemistry | Nuclear chemistry | Valence (chemistry) | Ultraviolet photoelectron spectroscopy | Chemical state | Photoemission spectroscopy | Nuclear magnetic resonance | Electron paramagnetic resonance | Oxide | Auger electron spectroscopy | Fourier transform infrared spectroscopy | Physisorption,https://openalex.org/keywords/x-ray-photoelectron-spectroscopy | https://openalex.org/keywords/catalysis | https://openalex.org/keywords/diffuse-reflectance-infrared-fourier-transform | https://openalex.org/keywords/inorganic-chemistry | https://openalex.org/keywords/nuclear-chemistry | https://openalex.org/keywords/valence | https://openalex.org/keywords/ultraviolet-photoelectron-spectroscopy | https://openalex.org/keywords/chemical-state | https://openalex.org/keywords/photoemission-spectroscopy | https://openalex.org/keywords/nuclear-magnetic-resonance | https://openalex.org/keywords/electron-paramagnetic-resonance | https://openalex.org/keywords/oxide | https://openalex.org/keywords/auger-electron-spectroscopy | https://openalex.org/keywords/fourier-transform-infrared-spectroscopy | https://openalex.org/keywords/physisorption,15.9669 | 0.850889 | 0.835476 | 0.483752 | 0.322678 | 0.265149 | 0.246787 | 0.204651 | 0.187926 | 0.186765 | 0.184182 | 0.183076 | 0.171864 | 0.156875 | 0.144925,True,56,52,2,2,X-ray photoelectron spectroscopy / Catalysis / Diffuse reflectance infrared fourier transform,待主题范围审阅,NMF关键词主题,待主题范围审阅,57
N0043,42,Greenhouse gas | Natural resource economics | Emissions trading | Global warming | Carbon tax | Climate change mitigation | Carbon footprint | Climate change | Economics | Environmental protection | Carbon capture and storage (timeline) | Kyoto Protocol | Carbon sequestration | Carbon price | Carbon offset,https://openalex.org/keywords/greenhouse-gas | https://openalex.org/keywords/natural-resource-economics | https://openalex.org/keywords/emissions-trading | https://openalex.org/keywords/global-warming | https://openalex.org/keywords/carbon-tax | https://openalex.org/keywords/climate-change-mitigation | https://openalex.org/keywords/carbon-footprint | https://openalex.org/keywords/climate-change | https://openalex.org/keywords/economics | https://openalex.org/keywords/environmental-protection | https://openalex.org/keywords/carbon-capture-and-storage | https://openalex.org/keywords/kyoto-protocol | https://openalex.org/keywords/carbon-sequestration | https://openalex.org/keywords/carbon-price | https://openalex.org/keywords/carbon-offset,11.5701 | 3.64154 | 1.21856 | 1.02901 | 0.973086 | 0.94734 | 0.865021 | 0.824144 | 0.778584 | 0.591773 | 0.556708 | 0.470108 | 0.376179 | 0.368733 | 0.361924,True,422,336,40,46,Greenhouse gas / Natural resource economics / Emissions trading,待主题范围审阅,NMF关键词主题,待主题范围审阅,414
N0044,43,Grid | Power grid | Smart grid | Grid-connected photovoltaic power system | Environmental economics | Grid connection | Electricity | Geodesy | Vehicle-to-grid | Low voltage ride through | Distributed generation | Synchronization (alternating current) | Distribution grid | Frequency grid | Phase-locked loop,https://openalex.org/keywords/grid | https://openalex.org/keywords/power-grid | https://openalex.org/keywords/smart-grid | https://openalex.org/keywords/grid-connected-photovoltaic-power-system | https://openalex.org/keywords/environmental-economics | https://openalex.org/keywords/grid-connection | https://openalex.org/keywords/electricity | https://openalex.org/keywords/geodesy | https://openalex.org/keywords/vehicle-to-grid | https://openalex.org/keywords/low-voltage-ride-through | https://openalex.org/keywords/distributed-generation | https://openalex.org/keywords/synchronization | https://openalex.org/keywords/distribution-grid | https://openalex.org/keywords/frequency-grid | https://openalex.org/keywords/phase-locked-loop,15.0166 | 2.58785 | 1.05665 | 0.551118 | 0.389818 | 0.379244 | 0.353082 | 0.291432 | 0.239586 | 0.238134 | 0.216626 | 0.209349 | 0.193431 | 0.187465 | 0.170354,True,187,125,25,37,Grid / Power grid / Smart grid,待主题范围审阅,NMF关键词主题,待主题范围审阅,182
N0045,44,Thin film | Nanocomposite | Thin film solar cell | Chemical bath deposition | Spin coating | Composite material | Pulsed laser deposition | Ellipsometry | Refractive index | Transmittance | Spray pyrolysis | Sol-gel | Analytical Chemistry (journal) | Vacuum evaporation | Carbon film,https://openalex.org/keywords/thin-film | https://openalex.org/keywords/nanocomposite | https://openalex.org/keywords/thin-film-solar-cell | https://openalex.org/keywords/chemical-bath-deposition | https://openalex.org/keywords/spin-coating | https://openalex.org/keywords/composite-material | https://openalex.org/keywords/pulsed-laser-deposition | https://openalex.org/keywords/ellipsometry | https://openalex.org/keywords/refractive-index | https://openalex.org/keywords/transmittance | https://openalex.org/keywords/spray-pyrolysis | https://openalex.org/keywords/sol-gel | https://openalex.org/keywords/analytical-chemistry | https://openalex.org/keywords/vacuum-evaporation | https://openalex.org/keywords/carbon-film,13.7952 | 1.4617 | 0.884612 | 0.791252 | 0.740323 | 0.69246 | 0.60309 | 0.406881 | 0.363871 | 0.330542 | 0.272048 | 0.240353 | 0.193964 | 0.181322 | 0.176085,True,84,63,11,10,Thin film / Nanocomposite / Thin film solar cell,待主题范围审阅,NMF关键词主题,待主题范围审阅,86
N0046,45,Carbon fibers | Carbon black | Carbon nanofiber | Amorphous carbon | Nanoparticle | Composite number | Chemistry | Carbon capture and storage (timeline) | Heterojunction | Methane | Inorganic chemistry | Carbon nitride | Nitrogen | Low-carbon economy | Potassium,https://openalex.org/keywords/carbon-fibers | https://openalex.org/keywords/carbon-black | https://openalex.org/keywords/carbon-nanofiber | https://openalex.org/keywords/amorphous-carbon | https://openalex.org/keywords/nanoparticle | https://openalex.org/keywords/composite-number | https://openalex.org/keywords/chemistry | https://openalex.org/keywords/carbon-capture-and-storage | https://openalex.org/keywords/heterojunction | https://openalex.org/keywords/methane | https://openalex.org/keywords/inorganic-chemistry | https://openalex.org/keywords/carbon-nitride | https://openalex.org/keywords/nitrogen | https://openalex.org/keywords/low-carbon-economy | https://openalex.org/keywords/potassium,15.9791 | 0.641657 | 0.57941 | 0.355244 | 0.352307 | 0.336926 | 0.277458 | 0.168386 | 0.162389 | 0.16117 | 0.116377 | 0.114034 | 0.0983795 | 0.0947262 | 0.0943528,True,117,51,28,38,Carbon fibers / Carbon black / Carbon nanofiber,待主题范围审阅,NMF关键词主题,待主题范围审阅,116
N0047,46,Transformer | Distribution transformer | Voltage | Reliability engineering | Current transformer | Transformer oil | Inrush current | Engineering | Energy efficient transformer | Delta-wye transformer | Partial discharge | Differential protection | Dissolved gas analysis | Autotransformer | Tap changer,https://openalex.org/keywords/transformer | https://openalex.org/keywords/distribution-transformer | https://openalex.org/keywords/voltage | https://openalex.org/keywords/reliability-engineering | https://openalex.org/keywords/current-transformer | https://openalex.org/keywords/transformer-oil | https://openalex.org/keywords/inrush-current | https://openalex.org/keywords/engineering | https://openalex.org/keywords/energy-efficient-transformer | https://openalex.org/keywords/delta-wye-transformer | https://openalex.org/keywords/partial-discharge | https://openalex.org/keywords/differential-protection | https://openalex.org/keywords/dissolved-gas-analysis | https://openalex.org/keywords/autotransformer | https://openalex.org/keywords/tap-changer,12.2671 | 2.16847 | 2.00746 | 1.61728 | 1.11743 | 0.872331 | 0.606276 | 0.605365 | 0.54562 | 0.512709 | 0.478057 | 0.338719 | 0.330901 | 0.327099 | 0.325562,True,449,353,48,48,Transformer / Distribution transformer / Voltage,待主题范围审阅,NMF关键词主题,待主题范围审阅,446
N0048,47,Dye-sensitized solar cell | Energy conversion efficiency | Auxiliary electrode | Electrode | Triiodide | Quasi-solid | Tin oxide | Solar cell | Chemistry | Iodide | Photochemistry | Chemical engineering | Light scattering | Organic dye | Physical chemistry,https://openalex.org/keywords/dye-sensitized-solar-cell | https://openalex.org/keywords/energy-conversion-efficiency | https://openalex.org/keywords/auxiliary-electrode | https://openalex.org/keywords/electrode | https://openalex.org/keywords/triiodide | https://openalex.org/keywords/quasi-solid | https://openalex.org/keywords/tin-oxide | https://openalex.org/keywords/solar-cell | https://openalex.org/keywords/chemistry | https://openalex.org/keywords/iodide | https://openalex.org/keywords/photochemistry | https://openalex.org/keywords/chemical-engineering | https://openalex.org/keywords/light-scattering | https://openalex.org/keywords/organic-dye | https://openalex.org/keywords/physical-chemistry,12.4264 | 3.42921 | 2.5171 | 1.0583 | 0.714481 | 0.516578 | 0.488745 | 0.442974 | 0.423729 | 0.417688 | 0.413861 | 0.376094 | 0.257335 | 0.24659 | 0.22019,True,367,342,11,14,Dye-sensitized solar cell / Energy conversion efficiency / Auxiliary electrode,待主题范围审阅,NMF关键词主题,待主题范围审阅,363
N0049,48,Political science | Law | Sociology | Public administration | Public relations | Climate change | Development economics | History | Economics | Political economy | Negotiation | Politics | Environmental ethics | Law and economics | Corporate governance,https://openalex.org/keywords/political-science | https://openalex.org/keywords/law | https://openalex.org/keywords/sociology | https://openalex.org/keywords/public-administration | https://openalex.org/keywords/public-relations | https://openalex.org/keywords/climate-change | https://openalex.org/keywords/development-economics | https://openalex.org/keywords/history | https://openalex.org/keywords/economics | https://openalex.org/keywords/political-economy | https://openalex.org/keywords/negotiation | https://openalex.org/keywords/politics | https://openalex.org/keywords/environmental-ethics | https://openalex.org/keywords/law-and-economics | https://openalex.org/keywords/corporate-governance,12.5865 | 2.13149 | 1.03087 | 0.746746 | 0.737564 | 0.652524 | 0.625271 | 0.620024 | 0.592572 | 0.558533 | 0.550799 | 0.530058 | 0.518626 | 0.458804 | 0.45519,True,308,270,22,16,Political science / Law / Sociology,待主题范围审阅,NMF关键词主题,待主题范围审阅,307
N0050,49,Nanocomposite | Nanotechnology | Polymer nanocomposite | Halloysite | Epoxy | Visible spectrum | X-ray photoelectron spectroscopy | Oxide | Montmorillonite | Scanning electron microscope | Low-density polyethylene | Dye-sensitized solar cell | Matrix (chemical analysis) | Antimicrobial | Carbon nanotube,https://openalex.org/keywords/nanocomposite | https://openalex.org/keywords/nanotechnology | https://openalex.org/keywords/polymer-nanocomposite | https://openalex.org/keywords/halloysite | https://openalex.org/keywords/epoxy | https://openalex.org/keywords/visible-spectrum | https://openalex.org/keywords/x-ray-photoelectron-spectroscopy | https://openalex.org/keywords/oxide | https://openalex.org/keywords/montmorillonite | https://openalex.org/keywords/scanning-electron-microscope | https://openalex.org/keywords/low-density-polyethylene | https://openalex.org/keywords/dye-sensitized-solar-cell | https://openalex.org/keywords/matrix | https://openalex.org/keywords/antimicrobial | https://openalex.org/keywords/carbon-nanotube,13.2547 | 0.525236 | 0.269636 | 0.142345 | 0.128823 | 0.101729 | 0.0925425 | 0.091007 | 0.0790985 | 0.0774781 | 0.0709002 | 0.06845 | 0.0680452 | 0.0587473 | 0.0570092,True,385,281,48,56,Nanocomposite / Nanotechnology / Polymer nanocomposite,待主题范围审阅,NMF关键词主题,待主题范围审阅,383
N0051,50,Aqueous solution | Chemistry | Inorganic chemistry | Nuclear chemistry | Metal ions in aqueous solution | Aqueous two-phase system | Aqueous medium | Chromatography | Phenol | Chloride | Cadmium | Ionic strength | Mineralization (soil science) | Amine gas treating | Piperazine,https://openalex.org/keywords/aqueous-solution | https://openalex.org/keywords/chemistry | https://openalex.org/keywords/inorganic-chemistry | https://openalex.org/keywords/nuclear-chemistry | https://openalex.org/keywords/metal-ions-in-aqueous-solution | https://openalex.org/keywords/aqueous-two-phase-system | https://openalex.org/keywords/aqueous-medium | https://openalex.org/keywords/chromatography | https://openalex.org/keywords/phenol | https://openalex.org/keywords/chloride | https://openalex.org/keywords/cadmium | https://openalex.org/keywords/ionic-strength | https://openalex.org/keywords/mineralization | https://openalex.org/keywords/amine-gas-treating | https://openalex.org/keywords/piperazine,14.5422 | 2.68836 | 2.31004 | 1.53023 | 0.63023 | 0.600114 | 0.380307 | 0.30974 | 0.286779 | 0.276582 | 0.234093 | 0.224204 | 0.223984 | 0.209438 | 0.2063,True,144,112,16,16,Aqueous solution / Chemistry / Inorganic chemistry,待主题范围审阅,NMF关键词主题,待主题范围审阅,137
N0052,51,Anatase | Brookite | Nanotechnology | Titanate | Sol-gel | Chemical engineering | Rutile | Inorganic chemistry | Absorption edge | Nanocomposite | Facet (psychology) | Composite material | Nanorod | Superhydrophilicity | Titanium dioxide,https://openalex.org/keywords/anatase | https://openalex.org/keywords/brookite | https://openalex.org/keywords/nanotechnology | https://openalex.org/keywords/titanate | https://openalex.org/keywords/sol-gel | https://openalex.org/keywords/chemical-engineering | https://openalex.org/keywords/rutile | https://openalex.org/keywords/inorganic-chemistry | https://openalex.org/keywords/absorption-edge | https://openalex.org/keywords/nanocomposite | https://openalex.org/keywords/facet | https://openalex.org/keywords/composite-material | https://openalex.org/keywords/nanorod | https://openalex.org/keywords/superhydrophilicity | https://openalex.org/keywords/titanium-dioxide,12.4377 | 0.76413 | 0.429856 | 0.392988 | 0.376125 | 0.300623 | 0.24133 | 0.216783 | 0.210348 | 0.179963 | 0.166862 | 0.157936 | 0.123254 | 0.103691 | 0.102702,True,230,223,2,5,Anatase / Brookite / Nanotechnology,待主题范围审阅,NMF关键词主题,待主题范围审阅,220
N0053,52,Reliability (semiconductor) | Reliability engineering | Computer science | Failure rate | Failure mode and effects analysis | Redundancy (engineering) | Fault tree analysis | Markov chain | Unavailability | Preventive maintenance | Catalysis | Network topology | Durability | Condition monitoring | Backup,https://openalex.org/keywords/reliability | https://openalex.org/keywords/reliability-engineering | https://openalex.org/keywords/computer-science | https://openalex.org/keywords/failure-rate | https://openalex.org/keywords/failure-mode-and-effects-analysis | https://openalex.org/keywords/redundancy | https://openalex.org/keywords/fault-tree-analysis | https://openalex.org/keywords/markov-chain | https://openalex.org/keywords/unavailability | https://openalex.org/keywords/preventive-maintenance | https://openalex.org/keywords/catalysis | https://openalex.org/keywords/network-topology | https://openalex.org/keywords/durability | https://openalex.org/keywords/condition-monitoring | https://openalex.org/keywords/backup,8.95366 | 8.04447 | 0.320192 | 0.314758 | 0.210321 | 0.183767 | 0.181921 | 0.176057 | 0.162685 | 0.144336 | 0.12862 | 0.120039 | 0.118961 | 0.118512 | 0.118022,True,442,365,33,44,Reliability (semiconductor) / Reliability engineering / Computer science,待主题范围审阅,NMF关键词主题,待主题范围审阅,441
N0054,53,Mathematical optimization | Mathematics | Economic dispatch | Scheduling (production processes) | Optimization problem | Linear programming | Integer programming | Convergence (economics) | Heuristic | Multi-objective optimization | Pareto principle | Minification | Constraint (computer-aided design) | Applied mathematics | Algorithm,https://openalex.org/keywords/mathematical-optimization | https://openalex.org/keywords/mathematics | https://openalex.org/keywords/economic-dispatch | https://openalex.org/keywords/scheduling | https://openalex.org/keywords/optimization-problem | https://openalex.org/keywords/linear-programming | https://openalex.org/keywords/integer-programming | https://openalex.org/keywords/convergence | https://openalex.org/keywords/heuristic | https://openalex.org/keywords/multi-objective-optimization | https://openalex.org/keywords/pareto-principle | https://openalex.org/keywords/minification | https://openalex.org/keywords/constraint | https://openalex.org/keywords/applied-mathematics | https://openalex.org/keywords/algorithm,10.6075 | 3.23855 | 1.89715 | 1.86067 | 1.69598 | 1.14991 | 1.06965 | 0.968967 | 0.89708 | 0.894255 | 0.846617 | 0.752099 | 0.650265 | 0.63178 | 0.617009,True,425,376,21,28,Mathematical optimization / Mathematics / Economic dispatch,待主题范围审阅,NMF关键词主题,待主题范围审阅,423
N0055,54,Band gap | Direct and indirect band gaps | Condensed matter physics | Electronic band structure | Absorption edge | Refractive index | Visible spectrum | Optoelectronics | HOMO/LUMO | Lattice constant | Phosphorene | Density functional theory | Attenuation coefficient | Electronic structure | Valence band,https://openalex.org/keywords/band-gap | https://openalex.org/keywords/direct-and-indirect-band-gaps | https://openalex.org/keywords/condensed-matter-physics | https://openalex.org/keywords/electronic-band-structure | https://openalex.org/keywords/absorption-edge | https://openalex.org/keywords/refractive-index | https://openalex.org/keywords/visible-spectrum | https://openalex.org/keywords/optoelectronics | https://openalex.org/keywords/homo/lumo | https://openalex.org/keywords/lattice-constant | https://openalex.org/keywords/phosphorene | https://openalex.org/keywords/density-functional-theory | https://openalex.org/keywords/attenuation-coefficient | https://openalex.org/keywords/electronic-structure | https://openalex.org/keywords/valence-band,13.3927 | 1.11786 | 0.969461 | 0.934513 | 0.747709 | 0.611905 | 0.534051 | 0.501334 | 0.40555 | 0.385354 | 0.34446 | 0.332809 | 0.328494 | 0.314085 | 0.309918,True,46,36,2,8,Band gap / Direct and indirect band gaps / Condensed matter physics,待主题范围审阅,NMF关键词主题,待主题范围审阅,43
N0056,55,Oxide | Chemical engineering | Iron oxide | Cobalt oxide | Chemistry | Titanium oxide | Graphite oxide | Tin oxide | Nickel oxide | Ethylene oxide | Cerium oxide | Iron oxide nanoparticles | Solid oxide fuel cell | Copper oxide | Yttrium,https://openalex.org/keywords/oxide | https://openalex.org/keywords/chemical-engineering | https://openalex.org/keywords/iron-oxide | https://openalex.org/keywords/cobalt-oxide | https://openalex.org/keywords/chemistry | https://openalex.org/keywords/titanium-oxide | https://openalex.org/keywords/graphite-oxide | https://openalex.org/keywords/tin-oxide | https://openalex.org/keywords/nickel-oxide | https://openalex.org/keywords/ethylene-oxide | https://openalex.org/keywords/cerium-oxide | https://openalex.org/keywords/iron-oxide-nanoparticles | https://openalex.org/keywords/solid-oxide-fuel-cell | https://openalex.org/keywords/copper-oxide | https://openalex.org/keywords/yttrium,16.2693 | 1.11574 | 0.730887 | 0.540222 | 0.413199 | 0.404305 | 0.35028 | 0.336515 | 0.317473 | 0.317445 | 0.269566 | 0.220563 | 0.196852 | 0.17554 | 0.151213,True,22,18,3,1,Oxide / Chemical engineering / Iron oxide,待主题范围审阅,NMF关键词主题,待主题范围审阅,23
N0057,56,Silicon | Crystalline silicon | Amorphous silicon | Monocrystalline silicon | Germanium | Polycrystalline silicon | Plasma-enhanced chemical vapor deposition | Silicon solar cell | Nanocrystalline silicon | Metallurgy | Carrier lifetime | Porous silicon | Silicon nitride | Silicon on insulator | Silicide,https://openalex.org/keywords/silicon | https://openalex.org/keywords/crystalline-silicon | https://openalex.org/keywords/amorphous-silicon | https://openalex.org/keywords/monocrystalline-silicon | https://openalex.org/keywords/germanium | https://openalex.org/keywords/polycrystalline-silicon | https://openalex.org/keywords/plasma-enhanced-chemical-vapor-deposition | https://openalex.org/keywords/silicon-solar-cell | https://openalex.org/keywords/nanocrystalline-silicon | https://openalex.org/keywords/metallurgy | https://openalex.org/keywords/carrier-lifetime | https://openalex.org/keywords/porous-silicon | https://openalex.org/keywords/silicon-nitride | https://openalex.org/keywords/silicon-on-insulator | https://openalex.org/keywords/silicide,14.6569 | 2.30253 | 1.79824 | 1.00685 | 0.811315 | 0.595526 | 0.587618 | 0.573536 | 0.571481 | 0.569669 | 0.501454 | 0.382312 | 0.355777 | 0.333657 | 0.325307,True,178,154,13,11,Silicon / Crystalline silicon / Amorphous silicon,待主题范围审阅,NMF关键词主题,待主题范围审阅,177
N0058,57,Alloy | Metallurgy | Microstructure | Magnesium alloy | Hydrogen storage | Titanium alloy | Extrusion | Elongation | Creep | Casting | Lamellar structure | Solid solution | Ductility (Earth science) | Melt spinning | Amorphous metal,https://openalex.org/keywords/alloy | https://openalex.org/keywords/metallurgy | https://openalex.org/keywords/microstructure | https://openalex.org/keywords/magnesium-alloy | https://openalex.org/keywords/hydrogen-storage | https://openalex.org/keywords/titanium-alloy | https://openalex.org/keywords/extrusion | https://openalex.org/keywords/elongation | https://openalex.org/keywords/creep | https://openalex.org/keywords/casting | https://openalex.org/keywords/lamellar-structure | https://openalex.org/keywords/solid-solution | https://openalex.org/keywords/ductility | https://openalex.org/keywords/melt-spinning | https://openalex.org/keywords/amorphous-metal,12.8703 | 3.28183 | 0.662751 | 0.625752 | 0.581457 | 0.327115 | 0.272076 | 0.266032 | 0.256936 | 0.254837 | 0.218228 | 0.197795 | 0.197082 | 0.195761 | 0.190844,True,195,144,22,29,Alloy / Metallurgy / Microstructure,待主题范围审阅,NMF关键词主题,待主题范围审阅,185
N0059,58,Ion | Ionic bonding | Atomic physics | Ion exchange | Inorganic chemistry | Physical chemistry | Ion implantation | Ion beam | Ion transporter | Ionization | Metal ions in aqueous solution | Ionic radius | Ionic conductivity | Battery (electricity) | Analytical Chemistry (journal),https://openalex.org/keywords/ion | https://openalex.org/keywords/ionic-bonding | https://openalex.org/keywords/atomic-physics | https://openalex.org/keywords/ion-exchange | https://openalex.org/keywords/inorganic-chemistry | https://openalex.org/keywords/physical-chemistry | https://openalex.org/keywords/ion-implantation | https://openalex.org/keywords/ion-beam | https://openalex.org/keywords/ion-transporter | https://openalex.org/keywords/ionization | https://openalex.org/keywords/metal-ions-in-aqueous-solution | https://openalex.org/keywords/ionic-radius | https://openalex.org/keywords/ionic-conductivity | https://openalex.org/keywords/battery | https://openalex.org/keywords/analytical-chemistry,14.0788 | 1.802 | 0.768438 | 0.714964 | 0.540342 | 0.465902 | 0.443493 | 0.312624 | 0.303376 | 0.290779 | 0.263897 | 0.215181 | 0.206112 | 0.190862 | 0.188504,True,95,66,13,16,Ion / Ionic bonding / Atomic physics,待主题范围审阅,NMF关键词主题,待主题范围审阅,96
N0060,59,Proton exchange membrane fuel cell | Fuel cells | Membrane electrode assembly | Durability | Proton | Gaseous diffusion | Hydrogen fuel | Engineering | Nuclear engineering | Water transport | Direct-ethanol fuel cell | Oxygen reduction reaction | Relative humidity | Contact resistance | Operating temperature,https://openalex.org/keywords/proton-exchange-membrane-fuel-cell | https://openalex.org/keywords/fuel-cells | https://openalex.org/keywords/membrane-electrode-assembly | https://openalex.org/keywords/durability | https://openalex.org/keywords/proton | https://openalex.org/keywords/gaseous-diffusion | https://openalex.org/keywords/hydrogen-fuel | https://openalex.org/keywords/engineering | https://openalex.org/keywords/nuclear-engineering | https://openalex.org/keywords/water-transport | https://openalex.org/keywords/direct-ethanol-fuel-cell | https://openalex.org/keywords/oxygen-reduction-reaction | https://openalex.org/keywords/relative-humidity | https://openalex.org/keywords/contact-resistance | https://openalex.org/keywords/operating-temperature,11.9098 | 5.08634 | 0.756247 | 0.704655 | 0.531482 | 0.425265 | 0.39568 | 0.372788 | 0.337681 | 0.312031 | 0.306053 | 0.243448 | 0.205854 | 0.190268 | 0.18515,True,380,287,44,49,Proton exchange membrane fuel cell / Fuel cells / Membrane electrode assembly,待主题范围审阅,NMF关键词主题,待主题范围审阅,364
N0061,60,Energy storage | Electrochemical energy storage | Process engineering | Computer data storage | Compressed air energy storage | Energy density | Electrochemical energy conversion | Energy transformation | Thermal energy storage | Electrochemistry | Reliability engineering | Flywheel | Hydrogen storage | Pumped-storage hydroelectricity | Computer science,https://openalex.org/keywords/energy-storage | https://openalex.org/keywords/electrochemical-energy-storage | https://openalex.org/keywords/process-engineering | https://openalex.org/keywords/computer-data-storage | https://openalex.org/keywords/compressed-air-energy-storage | https://openalex.org/keywords/energy-density | https://openalex.org/keywords/electrochemical-energy-conversion | https://openalex.org/keywords/energy-transformation | https://openalex.org/keywords/thermal-energy-storage | https://openalex.org/keywords/electrochemistry | https://openalex.org/keywords/reliability-engineering | https://openalex.org/keywords/flywheel | https://openalex.org/keywords/hydrogen-storage | https://openalex.org/keywords/pumped-storage-hydroelectricity | https://openalex.org/keywords/computer-science,12.9057 | 1.00008 | 0.565757 | 0.531001 | 0.473747 | 0.450799 | 0.421076 | 0.36572 | 0.308688 | 0.288718 | 0.245375 | 0.217671 | 0.211095 | 0.20349 | 0.18789,True,264,165,37,62,Energy storage / Electrochemical energy storage / Process engineering,待主题范围审阅,NMF关键词主题,待主题范围审阅,279
N0062,61,OLED | Diode | Electroluminescence | Light-emitting diode | Optoelectronics | Quantum efficiency | Phosphorescence | Fluorescence | Common emitter | Layer (electronics) | Luminance | Carbazole | Photochemistry | Optics | Brightness,https://openalex.org/keywords/oled | https://openalex.org/keywords/diode | https://openalex.org/keywords/electroluminescence | https://openalex.org/keywords/light-emitting-diode | https://openalex.org/keywords/optoelectronics | https://openalex.org/keywords/quantum-efficiency | https://openalex.org/keywords/phosphorescence | https://openalex.org/keywords/fluorescence | https://openalex.org/keywords/common-emitter | https://openalex.org/keywords/layer | https://openalex.org/keywords/luminance | https://openalex.org/keywords/carbazole | https://openalex.org/keywords/photochemistry | https://openalex.org/keywords/optics | https://openalex.org/keywords/brightness,6.99543 | 5.83526 | 3.33274 | 2.70618 | 2.09141 | 2.0748 | 1.46383 | 1.33982 | 0.944598 | 0.783636 | 0.617195 | 0.512868 | 0.49778 | 0.464688 | 0.439187,True,525,460,34,31,OLED / Diode / Electroluminescence,待主题范围审阅,NMF关键词主题,待主题范围审阅,521
N0063,62,Renewable energy | Energy policy | Environmental economics | Feed-in tariff | Renewable resource | Energy transition | Energy development | Sustainable energy | Energy supply | Portfolio | Energy source | Energy engineering | Energy subsidies | Energy security | Energy planning,https://openalex.org/keywords/renewable-energy | https://openalex.org/keywords/energy-policy | https://openalex.org/keywords/environmental-economics | https://openalex.org/keywords/feed-in-tariff | https://openalex.org/keywords/renewable-resource | https://openalex.org/keywords/energy-transition | https://openalex.org/keywords/energy-development | https://openalex.org/keywords/sustainable-energy | https://openalex.org/keywords/energy-supply | https://openalex.org/keywords/portfolio | https://openalex.org/keywords/energy-source | https://openalex.org/keywords/energy-engineering | https://openalex.org/keywords/energy-subsidies | https://openalex.org/keywords/energy-security | https://openalex.org/keywords/energy-planning,13.5159 | 0.80873 | 0.674932 | 0.534963 | 0.422229 | 0.380608 | 0.37976 | 0.241666 | 0.209483 | 0.196192 | 0.180679 | 0.170014 | 0.165576 | 0.149157 | 0.147492,True,366,225,63,78,Renewable energy / Energy policy / Environmental economics,待主题范围审阅,NMF关键词主题,待主题范围审阅,403
N0064,63,Degradation (telecommunications) | Chemical engineering | Radical | Phenol | Tetracycline | Mineralization (soil science) | Persulfate | Bisphenol A | Electron paramagnetic resonance | Reaction rate constant | Peroxydisulfate | Environmental chemistry | Singlet oxygen | X-ray photoelectron spectroscopy | Biodegradation,https://openalex.org/keywords/degradation | https://openalex.org/keywords/chemical-engineering | https://openalex.org/keywords/radical | https://openalex.org/keywords/phenol | https://openalex.org/keywords/tetracycline | https://openalex.org/keywords/mineralization | https://openalex.org/keywords/persulfate | https://openalex.org/keywords/bisphenol-a | https://openalex.org/keywords/electron-paramagnetic-resonance | https://openalex.org/keywords/reaction-rate-constant | https://openalex.org/keywords/peroxydisulfate | https://openalex.org/keywords/environmental-chemistry | https://openalex.org/keywords/singlet-oxygen | https://openalex.org/keywords/x-ray-photoelectron-spectroscopy | https://openalex.org/keywords/biodegradation,14.7657 | 1.32733 | 0.695626 | 0.623891 | 0.475058 | 0.41404 | 0.352467 | 0.339743 | 0.297424 | 0.266625 | 0.224397 | 0.219539 | 0.187687 | 0.187321 | 0.186215,True,312,164,63,85,Degradation (telecommunications) / Chemical engineering / Radical,待主题范围审阅,NMF关键词主题,待主题范围审阅,310
N0065,64,Combustion | Waste management | Combustor | Flue gas | NOx | Coal | Coal combustion products | Pulverized coal-fired boiler | Ignition system | Heat of combustion | Solid fuel | Combustion chamber | Fluidized bed combustion | Municipal solid waste | Fly ash,https://openalex.org/keywords/combustion | https://openalex.org/keywords/waste-management | https://openalex.org/keywords/combustor | https://openalex.org/keywords/flue-gas | https://openalex.org/keywords/nox | https://openalex.org/keywords/coal | https://openalex.org/keywords/coal-combustion-products | https://openalex.org/keywords/pulverized-coal-fired-boiler | https://openalex.org/keywords/ignition-system | https://openalex.org/keywords/heat-of-combustion | https://openalex.org/keywords/solid-fuel | https://openalex.org/keywords/combustion-chamber | https://openalex.org/keywords/fluidized-bed-combustion | https://openalex.org/keywords/municipal-solid-waste | https://openalex.org/keywords/fly-ash,9.93722 | 4.72836 | 1.86982 | 1.71196 | 1.60359 | 1.28824 | 1.07751 | 0.995356 | 0.945897 | 0.891085 | 0.757661 | 0.687474 | 0.60865 | 0.427384 | 0.406037,True,363,300,31,32,Combustion / Waste management / Combustor,待主题范围审阅,NMF关键词主题,待主题范围审阅,356
N0066,65,Phase (matter) | Phase transition | Phase change | Three-phase | Phase diagram | Diffraction | Solid solution | Single phase | Metastability | Induction motor | Physics | Amplitude | Phase-change memory | Crystallography | Aqueous two-phase system,https://openalex.org/keywords/phase | https://openalex.org/keywords/phase-transition | https://openalex.org/keywords/phase-change | https://openalex.org/keywords/three-phase | https://openalex.org/keywords/phase-diagram | https://openalex.org/keywords/diffraction | https://openalex.org/keywords/solid-solution | https://openalex.org/keywords/single-phase | https://openalex.org/keywords/metastability | https://openalex.org/keywords/induction-motor | https://openalex.org/keywords/physics | https://openalex.org/keywords/amplitude | https://openalex.org/keywords/phase-change-memory | https://openalex.org/keywords/crystallography | https://openalex.org/keywords/aqueous-two-phase-system,14.3336 | 1.3641 | 0.885258 | 0.772766 | 0.643713 | 0.382059 | 0.327012 | 0.298303 | 0.282155 | 0.270547 | 0.25797 | 0.25215 | 0.24264 | 0.236053 | 0.215911,True,146,100,19,27,Phase (matter) / Phase transition / Phase change,待主题范围审阅,NMF关键词主题,待主题范围审阅,143
N0067,66,Geology | Geochemistry | Geotechnical engineering | Oceanography | Hydrology (agriculture) | Structural basin | Aquifer | Groundwater | Earth science | Petrology | Volcano | Seismology | Geomorphology | Mining engineering | Geophysics,https://openalex.org/keywords/geology | https://openalex.org/keywords/geochemistry | https://openalex.org/keywords/geotechnical-engineering | https://openalex.org/keywords/oceanography | https://openalex.org/keywords/hydrology | https://openalex.org/keywords/structural-basin | https://openalex.org/keywords/aquifer | https://openalex.org/keywords/groundwater | https://openalex.org/keywords/earth-science | https://openalex.org/keywords/petrology | https://openalex.org/keywords/volcano | https://openalex.org/keywords/seismology | https://openalex.org/keywords/geomorphology | https://openalex.org/keywords/mining-engineering | https://openalex.org/keywords/geophysics,11.2747 | 2.03813 | 1.93824 | 1.07127 | 0.970154 | 0.936456 | 0.929748 | 0.917108 | 0.90023 | 0.829282 | 0.805418 | 0.795584 | 0.780715 | 0.69705 | 0.589824,True,403,349,27,27,Geology / Geochemistry / Geotechnical engineering,待主题范围审阅,NMF关键词主题,待主题范围审阅,395
N0068,67,Quantum dot | Lead sulfide | Multiple exciton generation | Cadmium selenide | Infrared | Quantum dot solar cell | Optoelectronics | Wavelength | Absorption (acoustics) | Absorption spectroscopy | Potential well | Chemical bath deposition | Cadmium sulfide | Nanotechnology | Photon,https://openalex.org/keywords/quantum-dot | https://openalex.org/keywords/lead-sulfide | https://openalex.org/keywords/multiple-exciton-generation | https://openalex.org/keywords/cadmium-selenide | https://openalex.org/keywords/infrared | https://openalex.org/keywords/quantum-dot-solar-cell | https://openalex.org/keywords/optoelectronics | https://openalex.org/keywords/wavelength | https://openalex.org/keywords/absorption | https://openalex.org/keywords/absorption-spectroscopy | https://openalex.org/keywords/potential-well | https://openalex.org/keywords/chemical-bath-deposition | https://openalex.org/keywords/cadmium-sulfide | https://openalex.org/keywords/nanotechnology | https://openalex.org/keywords/photon,8.46705 | 1.19352 | 1.16623 | 0.745547 | 0.585798 | 0.536787 | 0.489856 | 0.439276 | 0.384541 | 0.342874 | 0.339002 | 0.302564 | 0.272613 | 0.235914 | 0.23575,True,177,120,26,31,Quantum dot / Lead sulfide / Multiple exciton generation,待主题范围审阅,NMF关键词主题,待主题范围审阅,327
N0069,68,Nanorod | Process engineering | Biochemical engineering | Quantum efficiency | Hydrogen production | Process integration | Molten carbonate fuel cell | Chemical bath deposition | Cadmium sulfide | Photocurrent | Energy storage | Ostwald ripening | Separation (statistics) | Tin oxide | Composite number,https://openalex.org/keywords/nanorod | https://openalex.org/keywords/process-engineering | https://openalex.org/keywords/biochemical-engineering | https://openalex.org/keywords/quantum-efficiency | https://openalex.org/keywords/hydrogen-production | https://openalex.org/keywords/process-integration | https://openalex.org/keywords/molten-carbonate-fuel-cell | https://openalex.org/keywords/chemical-bath-deposition | https://openalex.org/keywords/cadmium-sulfide | https://openalex.org/keywords/photocurrent | https://openalex.org/keywords/energy-storage | https://openalex.org/keywords/ostwald-ripening | https://openalex.org/keywords/separation | https://openalex.org/keywords/tin-oxide | https://openalex.org/keywords/composite-number,5.93791 | 5.76827 | 0.462621 | 0.272147 | 0.194797 | 0.187059 | 0.181568 | 0.15646 | 0.152428 | 0.147145 | 0.137815 | 0.133676 | 0.13205 | 0.123941 | 0.104571,True,3,2,0,1,Nanorod / Process engineering / Biochemical engineering,待主题范围审阅,NMF关键词主题,待主题范围审阅,4
N0070,69,Artificial neural network | Artificial intelligence | Machine learning | Mean squared error | Backpropagation | Wavelet | Deep learning | Convolutional neural network | Statistics | Data mining | Mean absolute percentage error | Pattern recognition (psychology) | Recurrent neural network | Perceptron | Extreme learning machine,https://openalex.org/keywords/artificial-neural-network | https://openalex.org/keywords/artificial-intelligence | https://openalex.org/keywords/machine-learning | https://openalex.org/keywords/mean-squared-error | https://openalex.org/keywords/backpropagation | https://openalex.org/keywords/wavelet | https://openalex.org/keywords/deep-learning | https://openalex.org/keywords/convolutional-neural-network | https://openalex.org/keywords/statistics | https://openalex.org/keywords/data-mining | https://openalex.org/keywords/mean-absolute-percentage-error | https://openalex.org/keywords/pattern-recognition | https://openalex.org/keywords/recurrent-neural-network | https://openalex.org/keywords/perceptron | https://openalex.org/keywords/extreme-learning-machine,10.2602 | 3.835 | 2.23413 | 1.4227 | 0.777532 | 0.698376 | 0.679736 | 0.652513 | 0.608122 | 0.51169 | 0.504955 | 0.487082 | 0.460758 | 0.458124 | 0.430286,True,512,349,51,112,Artificial neural network / Artificial intelligence / Machine learning,待主题范围审阅,NMF关键词主题,待主题范围审阅,499
N0071,70,Nanorod | Chemical engineering | Hydrothermal circulation | Rod | Visible spectrum | Optoelectronics | Field electron emission | Template | Nanochemistry | Noble metal | Wurtzite crystal structure | Field emission microscopy | Nanostructure | Photothermal therapy | Photoelectric effect,https://openalex.org/keywords/nanorod | https://openalex.org/keywords/chemical-engineering | https://openalex.org/keywords/hydrothermal-circulation | https://openalex.org/keywords/rod | https://openalex.org/keywords/visible-spectrum | https://openalex.org/keywords/optoelectronics | https://openalex.org/keywords/field-electron-emission | https://openalex.org/keywords/template | https://openalex.org/keywords/nanochemistry | https://openalex.org/keywords/noble-metal | https://openalex.org/keywords/wurtzite-crystal-structure | https://openalex.org/keywords/field-emission-microscopy | https://openalex.org/keywords/nanostructure | https://openalex.org/keywords/photothermal-therapy | https://openalex.org/keywords/photoelectric-effect,12.1538 | 0.916407 | 0.184863 | 0.131114 | 0.122897 | 0.108413 | 0.107825 | 0.095922 | 0.0843139 | 0.0756809 | 0.0727094 | 0.0693757 | 0.0627021 | 0.0626787 | 0.0587364,True,264,226,18,20,Nanorod / Chemical engineering / Hydrothermal circulation,待主题范围审阅,NMF关键词主题,待主题范围审阅,377
N0072,71,Converters | Voltage droop | Voltage source | Electronic engineering | Microgrid | Switched capacitor | Boost converter | Power electronics | Power (physics) | Automatic frequency control | Control (management) | Network topology | Resonant converter | Output impedance | Series and parallel circuits,https://openalex.org/keywords/converters | https://openalex.org/keywords/voltage-droop | https://openalex.org/keywords/voltage-source | https://openalex.org/keywords/electronic-engineering | https://openalex.org/keywords/microgrid | https://openalex.org/keywords/switched-capacitor | https://openalex.org/keywords/boost-converter | https://openalex.org/keywords/power-electronics | https://openalex.org/keywords/power | https://openalex.org/keywords/automatic-frequency-control | https://openalex.org/keywords/control | https://openalex.org/keywords/network-topology | https://openalex.org/keywords/resonant-converter | https://openalex.org/keywords/output-impedance | https://openalex.org/keywords/series-and-parallel-circuits,7.66512 | 3.52871 | 1.67872 | 1.25262 | 1.21764 | 1.1744 | 0.325642 | 0.290574 | 0.283983 | 0.207953 | 0.19564 | 0.176666 | 0.15386 | 0.139868 | 0.136182,True,84,75,3,6,Converters / Voltage droop / Voltage source,待主题范围审阅,NMF关键词主题,待主题范围审阅,71
N0073,72,Annealing (glass) | Metallurgy | Composite material | Ion implantation | Grain size | Thin film | Recrystallization (geology) | Contact resistance | Microstructure | Silicide | Vacuum evaporation | Simulated annealing | Atomic force microscopy | Thermal treatment | Crystallography,https://openalex.org/keywords/annealing | https://openalex.org/keywords/metallurgy | https://openalex.org/keywords/composite-material | https://openalex.org/keywords/ion-implantation | https://openalex.org/keywords/grain-size | https://openalex.org/keywords/thin-film | https://openalex.org/keywords/recrystallization | https://openalex.org/keywords/contact-resistance | https://openalex.org/keywords/microstructure | https://openalex.org/keywords/silicide | https://openalex.org/keywords/vacuum-evaporation | https://openalex.org/keywords/simulated-annealing | https://openalex.org/keywords/atomic-force-microscopy | https://openalex.org/keywords/thermal-treatment | https://openalex.org/keywords/crystallography,15.2539 | 0.653074 | 0.521511 | 0.438107 | 0.436106 | 0.325002 | 0.266553 | 0.202751 | 0.114445 | 0.113599 | 0.111015 | 0.0933391 | 0.0921172 | 0.0890531 | 0.0849045,True,86,73,9,4,Annealing (glass) / Metallurgy / Composite material,待主题范围审阅,NMF关键词主题,待主题范围审阅,85
N0074,73,Electric power transmission | Transmission line | Transmission (telecommunications) | Power transmission | Overhead (engineering) | Telecommunications | Electronic engineering | Overhead line | Tower | Line (geometry) | Transmission tower | Engineering | Wireless | High voltage | Lightning (connector),https://openalex.org/keywords/electric-power-transmission | https://openalex.org/keywords/transmission-line | https://openalex.org/keywords/transmission | https://openalex.org/keywords/power-transmission | https://openalex.org/keywords/overhead | https://openalex.org/keywords/telecommunications | https://openalex.org/keywords/electronic-engineering | https://openalex.org/keywords/overhead-line | https://openalex.org/keywords/tower | https://openalex.org/keywords/line | https://openalex.org/keywords/transmission-tower | https://openalex.org/keywords/engineering | https://openalex.org/keywords/wireless | https://openalex.org/keywords/high-voltage | https://openalex.org/keywords/lightning,7.58737 | 6.26701 | 2.4696 | 1.80261 | 1.62739 | 1.26056 | 0.71627 | 0.490545 | 0.485478 | 0.362816 | 0.319257 | 0.27107 | 0.250765 | 0.210858 | 0.204843,True,341,307,12,22,Electric power transmission / Transmission line / Transmission (telecommunications),待主题范围审阅,NMF关键词主题,待主题范围审阅,330
N0075,74,Carbon nanotube | Carbon nanofiber | Nanofiber | Electrospinning | Nanotube | Carbon nanotube supported catalyst | Electrode | Polyacrylonitrile | Buckypaper | Catalysis | Field electron emission | Electrophoretic deposition | Chirality (physics) | Optical properties of carbon nanotubes | Acetylene,https://openalex.org/keywords/carbon-nanotube | https://openalex.org/keywords/carbon-nanofiber | https://openalex.org/keywords/nanofiber | https://openalex.org/keywords/electrospinning | https://openalex.org/keywords/nanotube | https://openalex.org/keywords/carbon-nanotube-supported-catalyst | https://openalex.org/keywords/electrode | https://openalex.org/keywords/polyacrylonitrile | https://openalex.org/keywords/buckypaper | https://openalex.org/keywords/catalysis | https://openalex.org/keywords/field-electron-emission | https://openalex.org/keywords/electrophoretic-deposition | https://openalex.org/keywords/chirality | https://openalex.org/keywords/optical-properties-of-carbon-nanotubes | https://openalex.org/keywords/acetylene,13.572 | 1.28854 | 1.14441 | 0.652667 | 0.404658 | 0.214908 | 0.145351 | 0.118251 | 0.102984 | 0.098048 | 0.091845 | 0.089003 | 0.0844312 | 0.0834331 | 0.0826609,True,153,129,10,14,Carbon nanotube / Carbon nanofiber / Nanofiber,待主题范围审阅,NMF关键词主题,待主题范围审阅,152
N0076,75,Fabrication | Electrospinning | Composite material | Nanofiber | Electrode | Lithography | Photolithography | Porosity | Microsphere | Engineering drawing | 3D printing | Inkwell | Pillar | Casting | Microfluidics,https://openalex.org/keywords/fabrication | https://openalex.org/keywords/electrospinning | https://openalex.org/keywords/composite-material | https://openalex.org/keywords/nanofiber | https://openalex.org/keywords/electrode | https://openalex.org/keywords/lithography | https://openalex.org/keywords/photolithography | https://openalex.org/keywords/porosity | https://openalex.org/keywords/microsphere | https://openalex.org/keywords/engineering-drawing | https://openalex.org/keywords/3d-printing | https://openalex.org/keywords/inkwell | https://openalex.org/keywords/pillar | https://openalex.org/keywords/casting | https://openalex.org/keywords/microfluidics,13.8983 | 0.2751 | 0.249513 | 0.240508 | 0.226915 | 0.194511 | 0.162922 | 0.147857 | 0.132505 | 0.128726 | 0.116693 | 0.108201 | 0.0960647 | 0.0925676 | 0.0874843,True,190,136,23,31,Fabrication / Electrospinning / Composite material,待主题范围审阅,NMF关键词主题,待主题范围审阅,188
N0077,76,Microgrid | Voltage droop | Automatic frequency control | Distributed generation | Distributed computing | Diesel generator | Synchronization (alternating current) | Frequency deviation | Voltage source | Inverter | Overcurrent | Engineering | Voltage regulator | Energy management | Testbed,https://openalex.org/keywords/microgrid | https://openalex.org/keywords/voltage-droop | https://openalex.org/keywords/automatic-frequency-control | https://openalex.org/keywords/distributed-generation | https://openalex.org/keywords/distributed-computing | https://openalex.org/keywords/diesel-generator | https://openalex.org/keywords/synchronization | https://openalex.org/keywords/frequency-deviation | https://openalex.org/keywords/voltage-source | https://openalex.org/keywords/inverter | https://openalex.org/keywords/overcurrent | https://openalex.org/keywords/engineering | https://openalex.org/keywords/voltage-regulator | https://openalex.org/keywords/energy-management | https://openalex.org/keywords/testbed,11.5688 | 1.14088 | 0.482395 | 0.386841 | 0.137384 | 0.13482 | 0.128962 | 0.103953 | 0.0908527 | 0.0877067 | 0.0869195 | 0.0844118 | 0.0825767 | 0.0753972 | 0.0698742,True,556,432,50,74,Microgrid / Voltage droop / Automatic frequency control,待主题范围审阅,NMF关键词主题,待主题范围审阅,560
N0078,77,Electrocatalyst | Oxygen reduction reaction | Reversible hydrogen electrode | Oxygen reduction | Physical chemistry | Palladium | Chemistry | Electrochemical energy conversion | Hydrogen peroxide | Exchange current density | Rotating disk electrode | Rotating ring-disk electrode | Hydrogen | Tungsten carbide | Electrochemistry,https://openalex.org/keywords/electrocatalyst | https://openalex.org/keywords/oxygen-reduction-reaction | https://openalex.org/keywords/reversible-hydrogen-electrode | https://openalex.org/keywords/oxygen-reduction | https://openalex.org/keywords/physical-chemistry | https://openalex.org/keywords/palladium | https://openalex.org/keywords/chemistry | https://openalex.org/keywords/electrochemical-energy-conversion | https://openalex.org/keywords/hydrogen-peroxide | https://openalex.org/keywords/exchange-current-density | https://openalex.org/keywords/rotating-disk-electrode | https://openalex.org/keywords/rotating-ring-disk-electrode | https://openalex.org/keywords/hydrogen | https://openalex.org/keywords/tungsten-carbide | https://openalex.org/keywords/electrochemistry,15.0702 | 0.742078 | 0.449565 | 0.438363 | 0.413526 | 0.269331 | 0.191324 | 0.147591 | 0.119924 | 0.115072 | 0.112246 | 0.11004 | 0.108635 | 0.100137 | 0.0986165,True,216,149,35,32,Electrocatalyst / Oxygen reduction reaction / Reversible hydrogen electrode,待主题范围审阅,NMF关键词主题,待主题范围审阅,214
N0079,78,Photochemistry | Visible spectrum | Fluorescence | Carbazole | Radical | Carbon nanotube | Catalysis | Photosensitizer | Triphenylamine | Fluorene | Intramolecular force | Chromophore | Moiety | Singlet oxygen | Anthracene,https://openalex.org/keywords/photochemistry | https://openalex.org/keywords/visible-spectrum | https://openalex.org/keywords/fluorescence | https://openalex.org/keywords/carbazole | https://openalex.org/keywords/radical | https://openalex.org/keywords/carbon-nanotube | https://openalex.org/keywords/catalysis | https://openalex.org/keywords/photosensitizer | https://openalex.org/keywords/triphenylamine | https://openalex.org/keywords/fluorene | https://openalex.org/keywords/intramolecular-force | https://openalex.org/keywords/chromophore | https://openalex.org/keywords/moiety | https://openalex.org/keywords/singlet-oxygen | https://openalex.org/keywords/anthracene,9.28177 | 4.09862 | 1.57367 | 1.55485 | 1.49439 | 1.0585 | 0.639728 | 0.517712 | 0.505243 | 0.491107 | 0.461423 | 0.448906 | 0.436199 | 0.394845 | 0.371522,True,163,136,16,11,Photochemistry / Visible spectrum / Fluorescence,待主题范围审阅,NMF关键词主题,待主题范围审阅,165
N0080,79,Quantum dot | Quantum yield | Fluorescence | Colloid | Light-emitting diode | Nanotechnology | Quantum efficiency | Förster resonance energy transfer | Quantum | Molecular physics | Diode | Quenching (fluorescence) | Condensed matter physics | Photochemistry | Thioglycolic acid,https://openalex.org/keywords/quantum-dot | https://openalex.org/keywords/quantum-yield | https://openalex.org/keywords/fluorescence | https://openalex.org/keywords/colloid | https://openalex.org/keywords/light-emitting-diode | https://openalex.org/keywords/nanotechnology | https://openalex.org/keywords/quantum-efficiency | https://openalex.org/keywords/förster-resonance-energy-transfer | https://openalex.org/keywords/quantum | https://openalex.org/keywords/molecular-physics | https://openalex.org/keywords/diode | https://openalex.org/keywords/quenching | https://openalex.org/keywords/condensed-matter-physics | https://openalex.org/keywords/photochemistry | https://openalex.org/keywords/thioglycolic-acid,9.74711 | 2.54477 | 2.0387 | 1.87792 | 1.09091 | 0.971226 | 0.627931 | 0.306833 | 0.304621 | 0.234018 | 0.21261 | 0.197498 | 0.194554 | 0.191982 | 0.174555,True,150,134,6,10,Quantum dot / Quantum yield / Fluorescence,待主题范围审阅,NMF关键词主题,待主题范围审阅,118
N0081,80,Water splitting | Photocatalytic water splitting | Photoelectrochemistry | Layer (electronics) | Photoelectrochemical cell | Noble metal | Fabrication | Artificial photosynthesis | Atomic layer deposition | Photocathode | Solar fuel | Electrolysis of water | Photocurrent | Catalysis | Bismuth vanadate,https://openalex.org/keywords/water-splitting | https://openalex.org/keywords/photocatalytic-water-splitting | https://openalex.org/keywords/photoelectrochemistry | https://openalex.org/keywords/layer | https://openalex.org/keywords/photoelectrochemical-cell | https://openalex.org/keywords/noble-metal | https://openalex.org/keywords/fabrication | https://openalex.org/keywords/artificial-photosynthesis | https://openalex.org/keywords/atomic-layer-deposition | https://openalex.org/keywords/photocathode | https://openalex.org/keywords/solar-fuel | https://openalex.org/keywords/electrolysis-of-water | https://openalex.org/keywords/photocurrent | https://openalex.org/keywords/catalysis | https://openalex.org/keywords/bismuth-vanadate,11.2262 | 1.31337 | 0.653372 | 0.598719 | 0.559589 | 0.46665 | 0.38428 | 0.293625 | 0.217237 | 0.217006 | 0.179896 | 0.162014 | 0.160478 | 0.155907 | 0.148794,True,247,188,24,35,Water splitting / Photocatalytic water splitting / Photoelectrochemistry,待主题范围审阅,NMF关键词主题,待主题范围审阅,248
N0082,81,Organic solar cell | Polymer solar cell | Energy conversion efficiency | Active layer | Hybrid solar cell | Photoactive layer | Organic semiconductor | Small molecule | Acceptor | Indium tin oxide | HOMO/LUMO | Morphology (biology) | Organic electronics | Work function | Tandem,https://openalex.org/keywords/organic-solar-cell | https://openalex.org/keywords/polymer-solar-cell | https://openalex.org/keywords/energy-conversion-efficiency | https://openalex.org/keywords/active-layer | https://openalex.org/keywords/hybrid-solar-cell | https://openalex.org/keywords/photoactive-layer | https://openalex.org/keywords/organic-semiconductor | https://openalex.org/keywords/small-molecule | https://openalex.org/keywords/acceptor | https://openalex.org/keywords/indium-tin-oxide | https://openalex.org/keywords/homo/lumo | https://openalex.org/keywords/morphology | https://openalex.org/keywords/organic-electronics | https://openalex.org/keywords/work-function | https://openalex.org/keywords/tandem,10.5498 | 3.07694 | 2.9598 | 1.88024 | 0.951248 | 0.767825 | 0.606548 | 0.443878 | 0.440967 | 0.304906 | 0.290252 | 0.230768 | 0.199122 | 0.19543 | 0.185324,True,281,226,16,39,Organic solar cell / Polymer solar cell / Energy conversion efficiency,待主题范围审阅,NMF关键词主题,待主题范围审阅,277
N0083,82,Economics | Econometrics | Natural resource economics | Microeconomics | Monetary economics | Volatility (finance) | Financial economics | Macroeconomics | Public economics | Statistics | Stock (firearms) | Mathematics | Agricultural economics | Economy | Futures contract,https://openalex.org/keywords/economics | https://openalex.org/keywords/econometrics | https://openalex.org/keywords/natural-resource-economics | https://openalex.org/keywords/microeconomics | https://openalex.org/keywords/monetary-economics | https://openalex.org/keywords/volatility | https://openalex.org/keywords/financial-economics | https://openalex.org/keywords/macroeconomics | https://openalex.org/keywords/public-economics | https://openalex.org/keywords/statistics | https://openalex.org/keywords/stock | https://openalex.org/keywords/mathematics | https://openalex.org/keywords/agricultural-economics | https://openalex.org/keywords/economy | https://openalex.org/keywords/futures-contract,9.21663 | 4.7466 | 3.45451 | 1.96609 | 1.21474 | 1.2022 | 1.07995 | 0.905665 | 0.740935 | 0.678308 | 0.653085 | 0.650782 | 0.633729 | 0.633248 | 0.614431,True,634,503,72,59,Economics / Econometrics / Natural resource economics,待主题范围审阅,NMF关键词主题,待主题范围审阅,632
N0084,83,Oxygen | Oxygen reduction reaction | Oxygen evolution | Oxygen reduction | Partial pressure | Chemical looping combustion | Catalysis | Singlet oxygen | Physical chemistry | Oxygen transport | Permeation | Limiting oxygen concentration | Oxygen permeability | Reactive oxygen species | Oxygen atom,https://openalex.org/keywords/oxygen | https://openalex.org/keywords/oxygen-reduction-reaction | https://openalex.org/keywords/oxygen-evolution | https://openalex.org/keywords/oxygen-reduction | https://openalex.org/keywords/partial-pressure | https://openalex.org/keywords/chemical-looping-combustion | https://openalex.org/keywords/catalysis | https://openalex.org/keywords/singlet-oxygen | https://openalex.org/keywords/physical-chemistry | https://openalex.org/keywords/oxygen-transport | https://openalex.org/keywords/permeation | https://openalex.org/keywords/limiting-oxygen-concentration | https://openalex.org/keywords/oxygen-permeability | https://openalex.org/keywords/reactive-oxygen-species | https://openalex.org/keywords/oxygen-atom,13.2365 | 2.44998 | 2.15693 | 1.39221 | 0.610171 | 0.575492 | 0.56761 | 0.489571 | 0.390342 | 0.313217 | 0.31226 | 0.285365 | 0.284655 | 0.222783 | 0.21994,True,185,103,38,44,Oxygen / Oxygen reduction reaction / Oxygen evolution,待主题范围审阅,NMF关键词主题,待主题范围审阅,183
N0085,84,Mesoporous material | Mesoporous silica | Specific surface area | Nanotechnology | Mesoporous organosilica | Organic chemistry | BET theory | Microsphere | MCM-41 | Template method pattern | Carbide-derived carbon | Macropore | Monolith | Bromide | Molecular sieve,https://openalex.org/keywords/mesoporous-material | https://openalex.org/keywords/mesoporous-silica | https://openalex.org/keywords/specific-surface-area | https://openalex.org/keywords/nanotechnology | https://openalex.org/keywords/mesoporous-organosilica | https://openalex.org/keywords/organic-chemistry | https://openalex.org/keywords/bet-theory | https://openalex.org/keywords/microsphere | https://openalex.org/keywords/mcm-41 | https://openalex.org/keywords/template-method-pattern | https://openalex.org/keywords/carbide-derived-carbon | https://openalex.org/keywords/macropore | https://openalex.org/keywords/monolith | https://openalex.org/keywords/bromide | https://openalex.org/keywords/molecular-sieve,15.5919 | 1.86943 | 1.41028 | 0.568083 | 0.475231 | 0.283515 | 0.23952 | 0.214537 | 0.194523 | 0.171161 | 0.154523 | 0.148189 | 0.142335 | 0.126238 | 0.117395,True,158,141,11,6,Mesoporous material / Mesoporous silica / Specific surface area,待主题范围审阅,NMF关键词主题,待主题范围审阅,157
N0086,85,Current (fluid) | Electrical engineering | Voltage | Alternating current | Current limiting | Fault current limiter | Limiter | Zero (linguistics) | Constant current | Overcurrent | Superconductivity | Limiting | Physics | Arc (geometry) | Direct current,https://openalex.org/keywords/current | https://openalex.org/keywords/electrical-engineering | https://openalex.org/keywords/voltage | https://openalex.org/keywords/alternating-current | https://openalex.org/keywords/current-limiting | https://openalex.org/keywords/fault-current-limiter | https://openalex.org/keywords/limiter | https://openalex.org/keywords/zero | https://openalex.org/keywords/constant-current | https://openalex.org/keywords/overcurrent | https://openalex.org/keywords/superconductivity | https://openalex.org/keywords/limiting | https://openalex.org/keywords/physics | https://openalex.org/keywords/arc | https://openalex.org/keywords/direct-current,9.5042 | 1.19631 | 1.14438 | 0.497506 | 0.483792 | 0.460945 | 0.44352 | 0.364858 | 0.360429 | 0.316954 | 0.288582 | 0.272197 | 0.261355 | 0.260051 | 0.259056,True,331,234,43,54,Current (fluid) / Electrical engineering / Voltage,待主题范围审阅,NMF关键词主题,待主题范围审阅,453
N0087,86,Process (computing) | Process engineering | Engineering | Mechanical engineering | Manufacturing engineering | Process management | Process integration | Process simulation | Industrial engineering | Set (abstract data type) | Machining | Separation process | Analytic hierarchy process | Engineering design process | Manufacturing process,https://openalex.org/keywords/process | https://openalex.org/keywords/process-engineering | https://openalex.org/keywords/engineering | https://openalex.org/keywords/mechanical-engineering | https://openalex.org/keywords/manufacturing-engineering | https://openalex.org/keywords/process-management | https://openalex.org/keywords/process-integration | https://openalex.org/keywords/process-simulation | https://openalex.org/keywords/industrial-engineering | https://openalex.org/keywords/set | https://openalex.org/keywords/machining | https://openalex.org/keywords/separation-process | https://openalex.org/keywords/analytic-hierarchy-process | https://openalex.org/keywords/engineering-design-process | https://openalex.org/keywords/manufacturing-process,14.7 | 1.22247 | 0.579283 | 0.494804 | 0.379477 | 0.325776 | 0.244593 | 0.233808 | 0.229899 | 0.222972 | 0.197177 | 0.175844 | 0.167163 | 0.166419 | 0.162833,True,193,132,20,41,Process (computing) / Process engineering / Engineering,待主题范围审阅,NMF关键词主题,待主题范围审阅,191
N0088,87,Porosity | Porous medium | Composite material | Specific surface area | Permeability (electromagnetism) | Nanofiber | Metal foam | Tortuosity | Electrospinning | Porous silicon | Saturation (graph theory) | Microsphere | Template | Compressive strength | Capillary action,https://openalex.org/keywords/porosity | https://openalex.org/keywords/porous-medium | https://openalex.org/keywords/composite-material | https://openalex.org/keywords/specific-surface-area | https://openalex.org/keywords/permeability | https://openalex.org/keywords/nanofiber | https://openalex.org/keywords/metal-foam | https://openalex.org/keywords/tortuosity | https://openalex.org/keywords/electrospinning | https://openalex.org/keywords/porous-silicon | https://openalex.org/keywords/saturation | https://openalex.org/keywords/microsphere | https://openalex.org/keywords/template | https://openalex.org/keywords/compressive-strength | https://openalex.org/keywords/capillary-action,14.3317 | 3.22738 | 1.77918 | 0.790831 | 0.603316 | 0.433032 | 0.272851 | 0.245899 | 0.240431 | 0.240277 | 0.215612 | 0.192849 | 0.173853 | 0.159327 | 0.159128,True,155,99,18,38,Porosity / Porous medium / Composite material,待主题范围审阅,NMF关键词主题,待主题范围审阅,155
N0089,88,Metal | Noble metal | Metal ions in aqueous solution | Lithium metal | Catalysis | Plating (geology) | Dendrite (mathematics) | Oxidation state | Metal-organic framework | Precious metal | Physical chemistry | Interphase | Liquid metal | Chelation | Heavy metals,https://openalex.org/keywords/metal | https://openalex.org/keywords/noble-metal | https://openalex.org/keywords/metal-ions-in-aqueous-solution | https://openalex.org/keywords/lithium-metal | https://openalex.org/keywords/catalysis | https://openalex.org/keywords/plating | https://openalex.org/keywords/dendrite | https://openalex.org/keywords/oxidation-state | https://openalex.org/keywords/metal-organic-framework | https://openalex.org/keywords/precious-metal | https://openalex.org/keywords/physical-chemistry | https://openalex.org/keywords/interphase | https://openalex.org/keywords/liquid-metal | https://openalex.org/keywords/chelation | https://openalex.org/keywords/heavy-metals,14.8186 | 1.80395 | 1.71025 | 0.914135 | 0.899825 | 0.201119 | 0.196001 | 0.187254 | 0.186048 | 0.18136 | 0.168267 | 0.163387 | 0.161262 | 0.159127 | 0.156142,True,62,40,9,13,Metal / Noble metal / Metal ions in aqueous solution,待主题范围审阅,NMF关键词主题,待主题范围审阅,62
N0090,89,Dielectric spectroscopy | Cyclic voltammetry | Chronoamperometry | Linear sweep voltammetry | Analytical Chemistry (journal) | Horizontal scan rate | Voltammetry | Nyquist plot | Auxiliary electrode | Glassy carbon | Lithium titanate | Rotating disk electrode | Borohydride | Double-layer capacitance | Sodium borohydride,https://openalex.org/keywords/dielectric-spectroscopy | https://openalex.org/keywords/cyclic-voltammetry | https://openalex.org/keywords/chronoamperometry | https://openalex.org/keywords/linear-sweep-voltammetry | https://openalex.org/keywords/analytical-chemistry | https://openalex.org/keywords/horizontal-scan-rate | https://openalex.org/keywords/voltammetry | https://openalex.org/keywords/nyquist-plot | https://openalex.org/keywords/auxiliary-electrode | https://openalex.org/keywords/glassy-carbon | https://openalex.org/keywords/lithium-titanate | https://openalex.org/keywords/rotating-disk-electrode | https://openalex.org/keywords/borohydride | https://openalex.org/keywords/double-layer-capacitance | https://openalex.org/keywords/sodium-borohydride,10.7306 | 8.61028 | 1.43544 | 1.06974 | 0.516021 | 0.296061 | 0.289653 | 0.205206 | 0.17571 | 0.16868 | 0.136039 | 0.12714 | 0.122543 | 0.120556 | 0.116831,True,202,180,9,13,Dielectric spectroscopy / Cyclic voltammetry / Chronoamperometry,待主题范围审阅,NMF关键词主题,待主题范围审阅,201
N0091,90,Current (fluid) | Tidal power | Tidal current | Marine energy | Oceanography | Anatase | Inrush current | Electric current | Current transformer | Residual | Current sheet | Current collector | Marine engineering | Physics | Seabed,https://openalex.org/keywords/current | https://openalex.org/keywords/tidal-power | https://openalex.org/keywords/tidal-current | https://openalex.org/keywords/marine-energy | https://openalex.org/keywords/oceanography | https://openalex.org/keywords/anatase | https://openalex.org/keywords/inrush-current | https://openalex.org/keywords/electric-current | https://openalex.org/keywords/current-transformer | https://openalex.org/keywords/residual | https://openalex.org/keywords/current-sheet | https://openalex.org/keywords/current-collector | https://openalex.org/keywords/marine-engineering | https://openalex.org/keywords/physics | https://openalex.org/keywords/seabed,6.84512 | 3.9271 | 1.55754 | 1.45743 | 0.907145 | 0.346514 | 0.293185 | 0.264379 | 0.230042 | 0.22887 | 0.200043 | 0.17466 | 0.157403 | 0.152841 | 0.147768,True,58,50,0,8,Current (fluid) / Tidal power / Tidal current,待主题范围审阅,NMF关键词主题,待主题范围审阅,64
N0092,91,Biomass (ecology) | Agronomy | Torrefaction | Lignocellulosic biomass | Forestry | Heat of combustion | Biomass gasification | Ecology | Pellets | Bioenergy | Biofuel | Agroforestry | Wood gas generator | Process engineering | Agricultural engineering,https://openalex.org/keywords/biomass | https://openalex.org/keywords/agronomy | https://openalex.org/keywords/torrefaction | https://openalex.org/keywords/lignocellulosic-biomass | https://openalex.org/keywords/forestry | https://openalex.org/keywords/heat-of-combustion | https://openalex.org/keywords/biomass-gasification | https://openalex.org/keywords/ecology | https://openalex.org/keywords/pellets | https://openalex.org/keywords/bioenergy | https://openalex.org/keywords/biofuel | https://openalex.org/keywords/agroforestry | https://openalex.org/keywords/wood-gas-generator | https://openalex.org/keywords/process-engineering | https://openalex.org/keywords/agricultural-engineering,11.6401 | 1.08028 | 0.790324 | 0.512781 | 0.439007 | 0.428831 | 0.428063 | 0.405625 | 0.37407 | 0.338325 | 0.33171 | 0.33109 | 0.277977 | 0.260109 | 0.248917,True,371,263,46,62,Biomass (ecology) / Agronomy / Torrefaction,待主题范围审阅,NMF关键词主题,待主题范围审阅,368
N0093,92,Raman spectroscopy | Optics | Raman scattering | Analytical Chemistry (journal) | Exfoliation joint | Molecular physics | Graphene oxide paper | Strain (injury) | Molybdenum disulfide | Composite material | Molecular vibration | Phonon | Graphite oxide | Full width at half maximum | Microcrystalline,https://openalex.org/keywords/raman-spectroscopy | https://openalex.org/keywords/optics | https://openalex.org/keywords/raman-scattering | https://openalex.org/keywords/analytical-chemistry | https://openalex.org/keywords/exfoliation-joint | https://openalex.org/keywords/molecular-physics | https://openalex.org/keywords/graphene-oxide-paper | https://openalex.org/keywords/strain | https://openalex.org/keywords/molybdenum-disulfide | https://openalex.org/keywords/composite-material | https://openalex.org/keywords/molecular-vibration | https://openalex.org/keywords/phonon | https://openalex.org/keywords/graphite-oxide | https://openalex.org/keywords/full-width-at-half-maximum | https://openalex.org/keywords/microcrystalline,13.5234 | 1.09647 | 1.0779 | 0.635869 | 0.271269 | 0.221529 | 0.180376 | 0.153239 | 0.138137 | 0.125312 | 0.112017 | 0.103861 | 0.0957301 | 0.0953388 | 0.0920957,True,142,126,5,11,Raman spectroscopy / Optics / Raman scattering,待主题范围审阅,NMF关键词主题,待主题范围审阅,142
N0094,93,Characterization (materials science) | Sol-gel | Nanotechnology | Polymer science | Microscopy | Iron oxide | Photonics | Chain (unit) | Biological system | Kelvin probe force microscope | Interpretation (philosophy) | Polyvinyl alcohol | Hybrid material | Inflow | Terahertz radiation,https://openalex.org/keywords/characterization | https://openalex.org/keywords/sol-gel | https://openalex.org/keywords/nanotechnology | https://openalex.org/keywords/polymer-science | https://openalex.org/keywords/microscopy | https://openalex.org/keywords/iron-oxide | https://openalex.org/keywords/photonics | https://openalex.org/keywords/chain | https://openalex.org/keywords/biological-system | https://openalex.org/keywords/kelvin-probe-force-microscope | https://openalex.org/keywords/interpretation | https://openalex.org/keywords/polyvinyl-alcohol | https://openalex.org/keywords/hybrid-material | https://openalex.org/keywords/inflow | https://openalex.org/keywords/terahertz-radiation,10.7053 | 0.0995863 | 0.0953165 | 0.0870806 | 0.0555712 | 0.0474515 | 0.0437891 | 0.0437305 | 0.0400509 | 0.0394489 | 0.0386839 | 0.0370765 | 0.0352827 | 0.0348587 | 0.0343479,True,425,328,42,55,Characterization (materials science) / Sol-gel / Nanotechnology,待主题范围审阅,NMF关键词主题,待主题范围审阅,421
N0095,94,Pyrolysis | Pulp and paper industry | Waste management | Pyrolysis oil | Pyrolytic carbon | Organic chemistry | Sawdust | tar (computing) | Coke | Polyethylene | Spray pyrolysis | Hydrocarbon | Kinetic energy | Activation energy | Sewage sludge,https://openalex.org/keywords/pyrolysis | https://openalex.org/keywords/pulp-and-paper-industry | https://openalex.org/keywords/waste-management | https://openalex.org/keywords/pyrolysis-oil | https://openalex.org/keywords/pyrolytic-carbon | https://openalex.org/keywords/organic-chemistry | https://openalex.org/keywords/sawdust | https://openalex.org/keywords/tar | https://openalex.org/keywords/coke | https://openalex.org/keywords/polyethylene | https://openalex.org/keywords/spray-pyrolysis | https://openalex.org/keywords/hydrocarbon | https://openalex.org/keywords/kinetic-energy | https://openalex.org/keywords/activation-energy | https://openalex.org/keywords/sewage-sludge,14.9843 | 1.64498 | 1.4628 | 1.2758 | 0.99943 | 0.812371 | 0.584627 | 0.568748 | 0.514654 | 0.467473 | 0.431563 | 0.429818 | 0.388335 | 0.343872 | 0.332593,True,172,133,10,29,Pyrolysis / Pulp and paper industry / Waste management,待主题范围审阅,NMF关键词主题,待主题范围审阅,174
N0096,95,Nuclear engineering | Fusion power | Blanket | Nuclear physics | Fusion | Coolant | Tritium | Mechanical engineering | Neutron | Photocurrent | Water cooling | Breeder (animal) | Nuclear power | Nuclear transmutation | Radiochemistry,https://openalex.org/keywords/nuclear-engineering | https://openalex.org/keywords/fusion-power | https://openalex.org/keywords/blanket | https://openalex.org/keywords/nuclear-physics | https://openalex.org/keywords/fusion | https://openalex.org/keywords/coolant | https://openalex.org/keywords/tritium | https://openalex.org/keywords/mechanical-engineering | https://openalex.org/keywords/neutron | https://openalex.org/keywords/photocurrent | https://openalex.org/keywords/water-cooling | https://openalex.org/keywords/breeder | https://openalex.org/keywords/nuclear-power | https://openalex.org/keywords/nuclear-transmutation | https://openalex.org/keywords/radiochemistry,13.2641 | 1.75006 | 1.62752 | 1.53408 | 1.02435 | 0.990757 | 0.916024 | 0.865176 | 0.753987 | 0.552891 | 0.4873 | 0.486304 | 0.425263 | 0.411705 | 0.372087,True,288,248,26,14,Nuclear engineering / Fusion power / Blanket,待主题范围审阅,NMF关键词主题,待主题范围审阅,291
N0097,96,Photocurrent | Photoelectrochemistry | Water splitting | Photocathode | Photoconductivity | Reversible hydrogen electrode | Tin oxide | Photoelectrochemical cell | Bismuth vanadate | Hydrogen production | Detection limit | Chemical bath deposition | Biosensor | Optoelectronics | Anatase,https://openalex.org/keywords/photocurrent | https://openalex.org/keywords/photoelectrochemistry | https://openalex.org/keywords/water-splitting | https://openalex.org/keywords/photocathode | https://openalex.org/keywords/photoconductivity | https://openalex.org/keywords/reversible-hydrogen-electrode | https://openalex.org/keywords/tin-oxide | https://openalex.org/keywords/photoelectrochemical-cell | https://openalex.org/keywords/bismuth-vanadate | https://openalex.org/keywords/hydrogen-production | https://openalex.org/keywords/detection-limit | https://openalex.org/keywords/chemical-bath-deposition | https://openalex.org/keywords/biosensor | https://openalex.org/keywords/optoelectronics | https://openalex.org/keywords/anatase,10.0891 | 0.689233 | 0.436153 | 0.349035 | 0.307861 | 0.290138 | 0.288402 | 0.239621 | 0.167663 | 0.127628 | 0.121639 | 0.102095 | 0.0937463 | 0.0864118 | 0.0816165,True,510,456,19,35,Photocurrent / Photoelectrochemistry / Water splitting,待主题范围审阅,NMF关键词主题,待主题范围审阅,502
N0098,97,Chemical physics | Molecular dynamics | Photocurrent | Delocalized electron | Relaxation (psychology) | Polaron | Dynamics (music) | Computational chemistry | Dipole | Molecular physics | Nanopore | Phase transition | Intermolecular force | Photochemistry | Atomic units,https://openalex.org/keywords/chemical-physics | https://openalex.org/keywords/molecular-dynamics | https://openalex.org/keywords/photocurrent | https://openalex.org/keywords/delocalized-electron | https://openalex.org/keywords/relaxation | https://openalex.org/keywords/polaron | https://openalex.org/keywords/dynamics | https://openalex.org/keywords/computational-chemistry | https://openalex.org/keywords/dipole | https://openalex.org/keywords/molecular-physics | https://openalex.org/keywords/nanopore | https://openalex.org/keywords/phase-transition | https://openalex.org/keywords/intermolecular-force | https://openalex.org/keywords/photochemistry | https://openalex.org/keywords/atomic-units,11.0991 | 1.9253 | 0.66777 | 0.442791 | 0.43018 | 0.408948 | 0.3896 | 0.325497 | 0.309338 | 0.307619 | 0.287964 | 0.282533 | 0.245306 | 0.244694 | 0.213772,True,94,74,9,11,Chemical physics / Molecular dynamics / Photocurrent,待主题范围审阅,NMF关键词主题,待主题范围审阅,92
N0099,98,Conductivity | Ionic conductivity | Proton | Fast ion conductor | Physical chemistry | Ionic bonding | Proton transport | Thermal conduction | Proton conductor | Chemical stability | Electrical resistivity and conductivity | Anhydrous | Relative humidity | Sintering | Lanthanum,https://openalex.org/keywords/conductivity | https://openalex.org/keywords/ionic-conductivity | https://openalex.org/keywords/proton | https://openalex.org/keywords/fast-ion-conductor | https://openalex.org/keywords/physical-chemistry | https://openalex.org/keywords/ionic-bonding | https://openalex.org/keywords/proton-transport | https://openalex.org/keywords/thermal-conduction | https://openalex.org/keywords/proton-conductor | https://openalex.org/keywords/chemical-stability | https://openalex.org/keywords/electrical-resistivity-and-conductivity | https://openalex.org/keywords/anhydrous | https://openalex.org/keywords/relative-humidity | https://openalex.org/keywords/sintering | https://openalex.org/keywords/lanthanum,12.6669 | 1.94274 | 1.03976 | 0.91316 | 0.711405 | 0.525352 | 0.262503 | 0.244108 | 0.228803 | 0.226126 | 0.22109 | 0.196657 | 0.174879 | 0.169509 | 0.135287,True,110,87,8,15,Conductivity / Ionic conductivity / Proton,待主题范围审阅,NMF关键词主题,待主题范围审阅,101
N0100,99,Crystallography | Crystal structure | Octahedron | Chemistry | Diffraction | X-ray crystallography | Rietveld refinement | Neutron diffraction | Hexagonal crystal system | Analytical Chemistry (journal) | Powder diffraction | Solid solution | Lattice constant | Monoclinic crystal system | Lattice (music),https://openalex.org/keywords/crystallography | https://openalex.org/keywords/crystal-structure | https://openalex.org/keywords/octahedron | https://openalex.org/keywords/chemistry | https://openalex.org/keywords/diffraction | https://openalex.org/keywords/x-ray-crystallography | https://openalex.org/keywords/rietveld-refinement | https://openalex.org/keywords/neutron-diffraction | https://openalex.org/keywords/hexagonal-crystal-system | https://openalex.org/keywords/analytical-chemistry | https://openalex.org/keywords/powder-diffraction | https://openalex.org/keywords/solid-solution | https://openalex.org/keywords/lattice-constant | https://openalex.org/keywords/monoclinic-crystal-system | https://openalex.org/keywords/lattice,9.17866 | 3.64946 | 2.0806 | 1.93398 | 1.4958 | 0.938667 | 0.908344 | 0.724146 | 0.644501 | 0.624746 | 0.547541 | 0.532839 | 0.486282 | 0.439741 | 0.416789,True,187,170,9,8,Crystallography / Crystal structure / Octahedron,待主题范围审阅,NMF关键词主题,待主题范围审阅,180
N0101,100,Harmonic | Total harmonic distortion | Harmonic analysis | Distortion (music) | Electronic engineering | Harmonics | Waveform | Filter (signal processing) | Active filter | Power quality | Active power filter | Fast Fourier transform | Hydrogen storage | THD analyzer | Voltage sag,https://openalex.org/keywords/harmonic | https://openalex.org/keywords/total-harmonic-distortion | https://openalex.org/keywords/harmonic-analysis | https://openalex.org/keywords/distortion | https://openalex.org/keywords/electronic-engineering | https://openalex.org/keywords/harmonics | https://openalex.org/keywords/waveform | https://openalex.org/keywords/filter | https://openalex.org/keywords/active-filter | https://openalex.org/keywords/power-quality | https://openalex.org/keywords/active-power-filter | https://openalex.org/keywords/fast-fourier-transform | https://openalex.org/keywords/hydrogen-storage | https://openalex.org/keywords/thd-analyzer | https://openalex.org/keywords/voltage-sag,6.59902 | 5.77444 | 2.04841 | 1.47779 | 0.981717 | 0.785825 | 0.443591 | 0.386469 | 0.345658 | 0.25338 | 0.249863 | 0.237571 | 0.218929 | 0.168078 | 0.147129,True,300,251,12,37,Harmonic / Total harmonic distortion / Harmonic analysis,待主题范围审阅,NMF关键词主题,待主题范围审阅,297
N0102,101,Climate change | Climatology | Global warming | Natural resource economics | Climate change mitigation | Oceanography | Climate policy | Environmental resource management | Geography | Climate model | Adaptation (eye) | Ecology | Political economy of climate change | Economics | Climate Finance,https://openalex.org/keywords/climate-change | https://openalex.org/keywords/climatology | https://openalex.org/keywords/global-warming | https://openalex.org/keywords/natural-resource-economics | https://openalex.org/keywords/climate-change-mitigation | https://openalex.org/keywords/oceanography | https://openalex.org/keywords/climate-policy | https://openalex.org/keywords/environmental-resource-management | https://openalex.org/keywords/geography | https://openalex.org/keywords/climate-model | https://openalex.org/keywords/adaptation | https://openalex.org/keywords/ecology | https://openalex.org/keywords/political-economy-of-climate-change | https://openalex.org/keywords/economics | https://openalex.org/keywords/climate-finance,10.4681 | 2.06364 | 1.71436 | 0.933357 | 0.885444 | 0.739621 | 0.64333 | 0.595309 | 0.55919 | 0.488683 | 0.486624 | 0.480367 | 0.444742 | 0.304257 | 0.290406,True,577,436,55,86,Climate change / Climatology / Global warming,待主题范围审阅,NMF关键词主题,待主题范围审阅,574
N0103,102,Energy consumption | Environmental economics | Consumption (sociology) | Energy conservation | Engineering | Efficient energy use | Fuel efficiency | Zero-energy building | Energy accounting | Population | Energy intensity | Machining | Thermal comfort | Civil engineering | Heating system,https://openalex.org/keywords/energy-consumption | https://openalex.org/keywords/environmental-economics | https://openalex.org/keywords/consumption | https://openalex.org/keywords/energy-conservation | https://openalex.org/keywords/engineering | https://openalex.org/keywords/efficient-energy-use | https://openalex.org/keywords/fuel-efficiency | https://openalex.org/keywords/zero-energy-building | https://openalex.org/keywords/energy-accounting | https://openalex.org/keywords/population | https://openalex.org/keywords/energy-intensity | https://openalex.org/keywords/machining | https://openalex.org/keywords/thermal-comfort | https://openalex.org/keywords/civil-engineering | https://openalex.org/keywords/heating-system,11.6228 | 2.5012 | 1.27485 | 0.964363 | 0.598011 | 0.399048 | 0.391538 | 0.373112 | 0.328103 | 0.327305 | 0.318672 | 0.27177 | 0.237928 | 0.230662 | 0.220983,True,147,111,11,25,Energy consumption / Environmental economics / Consumption (sociology),待主题范围审阅,NMF关键词主题,待主题范围审阅,144
N0104,103,Engineering physics | Raman spectroscopy | Energy density | Engineering ethics | Density functional theory | Library science | Commercialization | Engineering | Crystallography | National laboratory | Science and engineering | MOSFET | Computational chemistry | Energy transfer | High energy,https://openalex.org/keywords/engineering-physics | https://openalex.org/keywords/raman-spectroscopy | https://openalex.org/keywords/energy-density | https://openalex.org/keywords/engineering-ethics | https://openalex.org/keywords/density-functional-theory | https://openalex.org/keywords/library-science | https://openalex.org/keywords/commercialization | https://openalex.org/keywords/engineering | https://openalex.org/keywords/crystallography | https://openalex.org/keywords/national-laboratory | https://openalex.org/keywords/science-and-engineering | https://openalex.org/keywords/mosfet | https://openalex.org/keywords/computational-chemistry | https://openalex.org/keywords/energy-transfer | https://openalex.org/keywords/high-energy,14.7549 | 1.18905 | 0.755452 | 0.290074 | 0.284042 | 0.202946 | 0.193526 | 0.191386 | 0.188931 | 0.187886 | 0.158853 | 0.152817 | 0.129264 | 0.128346 | 0.113071,True,104,81,14,9,Engineering physics / Raman spectroscopy / Energy density,待主题范围审阅,NMF关键词主题,待主题范围审阅,104
N0105,104,Capacitor | Voltage | Electrical engineering | Switched capacitor | Decoupling capacitor | Capacitance | Electrolytic capacitor | Snubber | Capacitive sensing | Filter capacitor | Film capacitor | Resistor | Shunt (medical) | Charge pump | Electric double-layer capacitor,https://openalex.org/keywords/capacitor | https://openalex.org/keywords/voltage | https://openalex.org/keywords/electrical-engineering | https://openalex.org/keywords/switched-capacitor | https://openalex.org/keywords/decoupling-capacitor | https://openalex.org/keywords/capacitance | https://openalex.org/keywords/electrolytic-capacitor | https://openalex.org/keywords/snubber | https://openalex.org/keywords/capacitive-sensing | https://openalex.org/keywords/filter-capacitor | https://openalex.org/keywords/film-capacitor | https://openalex.org/keywords/resistor | https://openalex.org/keywords/shunt | https://openalex.org/keywords/charge-pump | https://openalex.org/keywords/electric-double-layer-capacitor,13.0247 | 3.03408 | 1.31139 | 1.14931 | 0.949391 | 0.863256 | 0.711358 | 0.401911 | 0.335089 | 0.333432 | 0.315074 | 0.314993 | 0.264858 | 0.26124 | 0.25433,True,179,145,10,24,Capacitor / Voltage / Electrical engineering,待主题范围审阅,NMF关键词主题,待主题范围审阅,179
N0106,105,Calcination | Nanofiber | Electrospinning | Chemical engineering | Carbon nanofiber | Sol-gel | Calcium looping | Polyacrylonitrile | Sorbent | Nuclear chemistry | Citric acid | Hydrotalcite | Ball mill | Thermogravimetry | BET theory,https://openalex.org/keywords/calcination | https://openalex.org/keywords/nanofiber | https://openalex.org/keywords/electrospinning | https://openalex.org/keywords/chemical-engineering | https://openalex.org/keywords/carbon-nanofiber | https://openalex.org/keywords/sol-gel | https://openalex.org/keywords/calcium-looping | https://openalex.org/keywords/polyacrylonitrile | https://openalex.org/keywords/sorbent | https://openalex.org/keywords/nuclear-chemistry | https://openalex.org/keywords/citric-acid | https://openalex.org/keywords/hydrotalcite | https://openalex.org/keywords/ball-mill | https://openalex.org/keywords/thermogravimetry | https://openalex.org/keywords/bet-theory,12.9902 | 1.5836 | 1.55119 | 0.908983 | 0.547159 | 0.326157 | 0.238302 | 0.211255 | 0.181403 | 0.168894 | 0.138149 | 0.132989 | 0.104538 | 0.0919446 | 0.0904321,True,225,194,13,18,Calcination / Nanofiber / Electrospinning,待主题范围审阅,NMF关键词主题,待主题范围审阅,222
N0107,106,Irradiation | Radiochemistry | Neutron | Nuclear physics | Fluence | Electron beam processing | Chemistry | Dislocation | Helium | Analytical Chemistry (journal) | Hardening (computing) | Radiation damage | Deuterium | Tritium | Neutron irradiation,https://openalex.org/keywords/irradiation | https://openalex.org/keywords/radiochemistry | https://openalex.org/keywords/neutron | https://openalex.org/keywords/nuclear-physics | https://openalex.org/keywords/fluence | https://openalex.org/keywords/electron-beam-processing | https://openalex.org/keywords/chemistry | https://openalex.org/keywords/dislocation | https://openalex.org/keywords/helium | https://openalex.org/keywords/analytical-chemistry | https://openalex.org/keywords/hardening | https://openalex.org/keywords/radiation-damage | https://openalex.org/keywords/deuterium | https://openalex.org/keywords/tritium | https://openalex.org/keywords/neutron-irradiation,9.7243 | 1.63069 | 0.799798 | 0.791876 | 0.787134 | 0.596936 | 0.584252 | 0.530753 | 0.433433 | 0.415902 | 0.413702 | 0.411286 | 0.375501 | 0.330777 | 0.314546,True,454,379,38,37,Irradiation / Radiochemistry / Neutron,待主题范围审阅,NMF关键词主题,待主题范围审阅,450
N0108,107,Nanowire | Nanotechnology | Nanofiber | Silicon nanowires | Electrospinning | Nanoscopic scale | Vapor–liquid–solid method | Tellurium | Template | Carbon nanofiber | Current collector | Composite material | Nanostructure | Electrode | Field electron emission,https://openalex.org/keywords/nanowire | https://openalex.org/keywords/nanotechnology | https://openalex.org/keywords/nanofiber | https://openalex.org/keywords/silicon-nanowires | https://openalex.org/keywords/electrospinning | https://openalex.org/keywords/nanoscopic-scale | https://openalex.org/keywords/vapor–liquid–solid-method | https://openalex.org/keywords/tellurium | https://openalex.org/keywords/template | https://openalex.org/keywords/carbon-nanofiber | https://openalex.org/keywords/current-collector | https://openalex.org/keywords/composite-material | https://openalex.org/keywords/nanostructure | https://openalex.org/keywords/electrode | https://openalex.org/keywords/field-electron-emission,12.1211 | 1.6688 | 0.451033 | 0.420732 | 0.331121 | 0.261783 | 0.236559 | 0.202723 | 0.127108 | 0.123371 | 0.119327 | 0.119238 | 0.113648 | 0.111741 | 0.111218,True,262,239,11,12,Nanowire / Nanotechnology / Nanofiber,待主题范围审阅,NMF关键词主题,待主题范围审阅,255
N0109,108,Diffusion | Thermodynamics | Thermal diffusivity | Gaseous diffusion | Analytical Chemistry (journal) | Activation energy | Physical chemistry | Diffusion layer | Effective diffusion coefficient | Diffusion barrier | Chemical physics | Diffusion process | Surface diffusion | Grain boundary diffusion coefficient | Molecular dynamics,https://openalex.org/keywords/diffusion | https://openalex.org/keywords/thermodynamics | https://openalex.org/keywords/thermal-diffusivity | https://openalex.org/keywords/gaseous-diffusion | https://openalex.org/keywords/analytical-chemistry | https://openalex.org/keywords/activation-energy | https://openalex.org/keywords/physical-chemistry | https://openalex.org/keywords/diffusion-layer | https://openalex.org/keywords/effective-diffusion-coefficient | https://openalex.org/keywords/diffusion-barrier | https://openalex.org/keywords/chemical-physics | https://openalex.org/keywords/diffusion-process | https://openalex.org/keywords/surface-diffusion | https://openalex.org/keywords/grain-boundary-diffusion-coefficient | https://openalex.org/keywords/molecular-dynamics,11.6056 | 1.79848 | 1.12547 | 0.720538 | 0.478496 | 0.377179 | 0.332338 | 0.292989 | 0.265025 | 0.257686 | 0.232386 | 0.216667 | 0.186934 | 0.181472 | 0.171545,True,253,194,26,33,Diffusion / Thermodynamics / Thermal diffusivity,待主题范围审阅,NMF关键词主题,待主题范围审阅,249
N0110,109,Nickel | Nickel oxide | Metallurgy | Nickel sulfide | Laterite | Cobalt | Catalysis | Phosphide | Urea | Graphene foam | Alkaline battery | Electroplating | Electrochemistry | Chemistry | Metal,https://openalex.org/keywords/nickel | https://openalex.org/keywords/nickel-oxide | https://openalex.org/keywords/metallurgy | https://openalex.org/keywords/nickel-sulfide | https://openalex.org/keywords/laterite | https://openalex.org/keywords/cobalt | https://openalex.org/keywords/catalysis | https://openalex.org/keywords/phosphide | https://openalex.org/keywords/urea | https://openalex.org/keywords/graphene-foam | https://openalex.org/keywords/alkaline-battery | https://openalex.org/keywords/electroplating | https://openalex.org/keywords/electrochemistry | https://openalex.org/keywords/chemistry | https://openalex.org/keywords/metal,11.8242 | 1.14126 | 0.885188 | 0.628542 | 0.519916 | 0.464284 | 0.324528 | 0.301619 | 0.161345 | 0.157896 | 0.137086 | 0.134417 | 0.125321 | 0.124972 | 0.121546,True,247,179,32,36,Nickel / Nickel oxide / Metallurgy,待主题范围审阅,NMF关键词主题,待主题范围审阅,242
N0111,110,Converters | Electronic engineering | Wave energy converter | Crystallography | Power electronics | Modulation (music) | Cascade | Mathematics | Chemical physics | Waveform | Amorphous solid | Harmonic analysis | Flyback transformer | Physics | Computer science,https://openalex.org/keywords/converters | https://openalex.org/keywords/electronic-engineering | https://openalex.org/keywords/wave-energy-converter | https://openalex.org/keywords/crystallography | https://openalex.org/keywords/power-electronics | https://openalex.org/keywords/modulation | https://openalex.org/keywords/cascade | https://openalex.org/keywords/mathematics | https://openalex.org/keywords/chemical-physics | https://openalex.org/keywords/waveform | https://openalex.org/keywords/amorphous-solid | https://openalex.org/keywords/harmonic-analysis | https://openalex.org/keywords/flyback-transformer | https://openalex.org/keywords/physics | https://openalex.org/keywords/computer-science,9.91093 | 0.533809 | 0.511225 | 0.46095 | 0.301262 | 0.138203 | 0.136373 | 0.129921 | 0.116896 | 0.115206 | 0.109152 | 0.0922951 | 0.0887862 | 0.0858619 | 0.0808866,True,251,159,34,58,Converters / Electronic engineering / Wave energy converter,待主题范围审阅,NMF关键词主题,待主题范围审阅,379
N0112,111,Density functional theory | Computational chemistry | Nanofiber | Physical chemistry | Electrospinning | Chemical physics | Hybrid functional | Cluster (spacecraft) | Time-dependent density functional theory | Carbon nanofiber | Electronic structure | Binding energy | Density of states | Chemistry | Molecular orbital,https://openalex.org/keywords/density-functional-theory | https://openalex.org/keywords/computational-chemistry | https://openalex.org/keywords/nanofiber | https://openalex.org/keywords/physical-chemistry | https://openalex.org/keywords/electrospinning | https://openalex.org/keywords/chemical-physics | https://openalex.org/keywords/hybrid-functional | https://openalex.org/keywords/cluster | https://openalex.org/keywords/time-dependent-density-functional-theory | https://openalex.org/keywords/carbon-nanofiber | https://openalex.org/keywords/electronic-structure | https://openalex.org/keywords/binding-energy | https://openalex.org/keywords/density-of-states | https://openalex.org/keywords/chemistry | https://openalex.org/keywords/molecular-orbital,10.4907 | 3.94128 | 1.2205 | 0.971143 | 0.925803 | 0.722428 | 0.619267 | 0.458799 | 0.458351 | 0.432921 | 0.393067 | 0.378845 | 0.328361 | 0.308541 | 0.286276,True,273,223,17,33,Density functional theory / Computational chemistry / Nanofiber,待主题范围审阅,NMF关键词主题,待主题范围审阅,269
N0113,112,Redox | Inorganic chemistry | Flow battery | Cyclic voltammetry | Cerium | Photochemistry | Physical chemistry | Cationic polymerization | Oxidation state | Half-reaction | Organic radical battery | X-ray absorption spectroscopy | Oxidizing agent | Reaction mechanism | Quinone,https://openalex.org/keywords/redox | https://openalex.org/keywords/inorganic-chemistry | https://openalex.org/keywords/flow-battery | https://openalex.org/keywords/cyclic-voltammetry | https://openalex.org/keywords/cerium | https://openalex.org/keywords/photochemistry | https://openalex.org/keywords/physical-chemistry | https://openalex.org/keywords/cationic-polymerization | https://openalex.org/keywords/oxidation-state | https://openalex.org/keywords/half-reaction | https://openalex.org/keywords/organic-radical-battery | https://openalex.org/keywords/x-ray-absorption-spectroscopy | https://openalex.org/keywords/oxidizing-agent | https://openalex.org/keywords/reaction-mechanism | https://openalex.org/keywords/quinone,12.8876 | 3.23112 | 1.2902 | 0.424467 | 0.348382 | 0.344674 | 0.274519 | 0.256045 | 0.237161 | 0.222846 | 0.215313 | 0.145193 | 0.144008 | 0.143781 | 0.141886,True,234,172,16,46,Redox / Inorganic chemistry / Flow battery,待主题范围审阅,NMF关键词主题,待主题范围审阅,231
N0114,113,Hydrothermal circulation | Hydrothermal synthesis | Chemical engineering | Morphology (biology) | Hydrothermal carbonization | Hydrothermal reaction | Hydrothermal liquefaction | Autoclave | Specific surface area | Titanate | Liquefaction | Pulmonary surfactant | Microsphere | Tungstate | Dispersity,https://openalex.org/keywords/hydrothermal-circulation | https://openalex.org/keywords/hydrothermal-synthesis | https://openalex.org/keywords/chemical-engineering | https://openalex.org/keywords/morphology | https://openalex.org/keywords/hydrothermal-carbonization | https://openalex.org/keywords/hydrothermal-reaction | https://openalex.org/keywords/hydrothermal-liquefaction | https://openalex.org/keywords/autoclave | https://openalex.org/keywords/specific-surface-area | https://openalex.org/keywords/titanate | https://openalex.org/keywords/liquefaction | https://openalex.org/keywords/pulmonary-surfactant | https://openalex.org/keywords/microsphere | https://openalex.org/keywords/tungstate | https://openalex.org/keywords/dispersity,11.8694 | 4.40146 | 1.91379 | 0.412293 | 0.373684 | 0.356985 | 0.31983 | 0.233752 | 0.226421 | 0.212178 | 0.182386 | 0.164299 | 0.143801 | 0.106635 | 0.0999737,True,223,179,13,31,Hydrothermal circulation / Hydrothermal synthesis / Chemical engineering,待主题范围审阅,NMF关键词主题,待主题范围审阅,220
N0115,114,Coating | Spin coating | Chemical engineering | Electrophoretic deposition | Dip-coating | Corrosion | Sol-gel | Anti-reflective coating | Thermal spraying | Epoxy | Conformal coating | Cementation (geology) | Metallurgy | Adhesion | Polyurethane,https://openalex.org/keywords/coating | https://openalex.org/keywords/spin-coating | https://openalex.org/keywords/chemical-engineering | https://openalex.org/keywords/electrophoretic-deposition | https://openalex.org/keywords/dip-coating | https://openalex.org/keywords/corrosion | https://openalex.org/keywords/sol-gel | https://openalex.org/keywords/anti-reflective-coating | https://openalex.org/keywords/thermal-spraying | https://openalex.org/keywords/epoxy | https://openalex.org/keywords/conformal-coating | https://openalex.org/keywords/cementation | https://openalex.org/keywords/metallurgy | https://openalex.org/keywords/adhesion | https://openalex.org/keywords/polyurethane,12.2208 | 0.644872 | 0.494097 | 0.388171 | 0.336035 | 0.277725 | 0.25426 | 0.251359 | 0.213416 | 0.192924 | 0.183702 | 0.156603 | 0.155306 | 0.153288 | 0.147047,True,280,205,26,49,Coating / Spin coating / Chemical engineering,待主题范围审阅,NMF关键词主题,待主题范围审阅,277
N0116,115,Inverter | Grid-tie inverter | Maximum power point tracking | Voltage | Resonant inverter | Grid-connected photovoltaic power system | H bridge | Z-source inverter | Common-mode signal | Single phase | Induction heating | Voltage source inverter | Pulse-width modulation | Bridge (graph theory) | Topology (electrical circuits),https://openalex.org/keywords/inverter | https://openalex.org/keywords/grid-tie-inverter | https://openalex.org/keywords/maximum-power-point-tracking | https://openalex.org/keywords/voltage | https://openalex.org/keywords/resonant-inverter | https://openalex.org/keywords/grid-connected-photovoltaic-power-system | https://openalex.org/keywords/h-bridge | https://openalex.org/keywords/z-source-inverter | https://openalex.org/keywords/common-mode-signal | https://openalex.org/keywords/single-phase | https://openalex.org/keywords/induction-heating | https://openalex.org/keywords/voltage-source-inverter | https://openalex.org/keywords/pulse-width-modulation | https://openalex.org/keywords/bridge | https://openalex.org/keywords/topology,13.0812 | 1.45396 | 0.9101 | 0.866491 | 0.561275 | 0.461277 | 0.438773 | 0.325702 | 0.219821 | 0.212881 | 0.203929 | 0.201261 | 0.173031 | 0.156082 | 0.150902,True,201,165,18,18,Inverter / Grid-tie inverter / Maximum power point tracking,待主题范围审阅,NMF关键词主题,待主题范围审阅,196
N0117,116,Ionic liquid | Ionic bonding | Inorganic chemistry | Imide | Tetrafluoroborate | Organic chemistry | Alkyl | Chloride | Molecular dynamics | Phosphonium | Hexafluorophosphate | Viscosity | Bromide | Ammonium | Chemical engineering,https://openalex.org/keywords/ionic-liquid | https://openalex.org/keywords/ionic-bonding | https://openalex.org/keywords/inorganic-chemistry | https://openalex.org/keywords/imide | https://openalex.org/keywords/tetrafluoroborate | https://openalex.org/keywords/organic-chemistry | https://openalex.org/keywords/alkyl | https://openalex.org/keywords/chloride | https://openalex.org/keywords/molecular-dynamics | https://openalex.org/keywords/phosphonium | https://openalex.org/keywords/hexafluorophosphate | https://openalex.org/keywords/viscosity | https://openalex.org/keywords/bromide | https://openalex.org/keywords/ammonium | https://openalex.org/keywords/chemical-engineering,11.6486 | 3.59526 | 0.833822 | 0.812111 | 0.656867 | 0.537407 | 0.411303 | 0.386305 | 0.309038 | 0.289595 | 0.265178 | 0.239719 | 0.238345 | 0.2135 | 0.19581,True,369,312,31,26,Ionic liquid / Ionic bonding / Inorganic chemistry,待主题范围审阅,NMF关键词主题,待主题范围审阅,365
N0118,117,Monolayer | Nanotechnology | Bilayer | Cyclic voltammetry | Self-assembled monolayer | Janus | Direct and indirect band gaps | Phosphorene | Strain (injury) | Trion | Molybdenum disulfide | Scanning tunneling microscope | Crystallography | Strain engineering | Tungsten disulfide,https://openalex.org/keywords/monolayer | https://openalex.org/keywords/nanotechnology | https://openalex.org/keywords/bilayer | https://openalex.org/keywords/cyclic-voltammetry | https://openalex.org/keywords/self-assembled-monolayer | https://openalex.org/keywords/janus | https://openalex.org/keywords/direct-and-indirect-band-gaps | https://openalex.org/keywords/phosphorene | https://openalex.org/keywords/strain | https://openalex.org/keywords/trion | https://openalex.org/keywords/molybdenum-disulfide | https://openalex.org/keywords/scanning-tunneling-microscope | https://openalex.org/keywords/crystallography | https://openalex.org/keywords/strain-engineering | https://openalex.org/keywords/tungsten-disulfide,11.5012 | 0.902366 | 0.707734 | 0.443542 | 0.405101 | 0.325157 | 0.309154 | 0.254571 | 0.235565 | 0.230244 | 0.220289 | 0.194881 | 0.168784 | 0.160084 | 0.149973,True,350,264,37,49,Monolayer / Nanotechnology / Bilayer,待主题范围审阅,NMF关键词主题,待主题范围审阅,349
N0119,118,Production (economics) | Payback period | Engineering | Waste management | Biogas production | Agriculture | Manufacturing engineering | Biochemical engineering | Natural resource economics | Net present value | Agricultural economics | Agricultural engineering | Agricultural science | Productivity | Product (mathematics),https://openalex.org/keywords/production | https://openalex.org/keywords/payback-period | https://openalex.org/keywords/engineering | https://openalex.org/keywords/waste-management | https://openalex.org/keywords/biogas-production | https://openalex.org/keywords/agriculture | https://openalex.org/keywords/manufacturing-engineering | https://openalex.org/keywords/biochemical-engineering | https://openalex.org/keywords/natural-resource-economics | https://openalex.org/keywords/net-present-value | https://openalex.org/keywords/agricultural-economics | https://openalex.org/keywords/agricultural-engineering | https://openalex.org/keywords/agricultural-science | https://openalex.org/keywords/productivity | https://openalex.org/keywords/product,12.3727 | 0.522564 | 0.461467 | 0.452921 | 0.422648 | 0.347861 | 0.327073 | 0.285786 | 0.27544 | 0.268661 | 0.255693 | 0.241962 | 0.205893 | 0.181252 | 0.176327,True,305,181,50,74,Production (economics) / Payback period / Engineering,待主题范围审阅,NMF关键词主题,待主题范围审阅,300
N0120,119,Medicine | Internal medicine | Cardiology | Heart failure | Surgery | Intensive care medicine | Endocrinology | Pathology | Ventricular assist device | Radiology | Cancer | Coenzyme Q10 | Environmental health | Ductus arteriosus | Ejection fraction,https://openalex.org/keywords/medicine | https://openalex.org/keywords/internal-medicine | https://openalex.org/keywords/cardiology | https://openalex.org/keywords/heart-failure | https://openalex.org/keywords/surgery | https://openalex.org/keywords/intensive-care-medicine | https://openalex.org/keywords/endocrinology | https://openalex.org/keywords/pathology | https://openalex.org/keywords/ventricular-assist-device | https://openalex.org/keywords/radiology | https://openalex.org/keywords/cancer | https://openalex.org/keywords/coenzyme-q10 | https://openalex.org/keywords/environmental-health | https://openalex.org/keywords/ductus-arteriosus | https://openalex.org/keywords/ejection-fraction,7.00848 | 2.73797 | 2.12645 | 1.05574 | 0.853337 | 0.501306 | 0.441567 | 0.405265 | 0.367803 | 0.343143 | 0.341198 | 0.328444 | 0.321658 | 0.300822 | 0.264657,True,571,464,62,45,Medicine / Internal medicine / Cardiology,待主题范围审阅,NMF关键词主题,待主题范围审阅,567
N0121,120,Wastewater | Pulp and paper industry | Environmental engineering | Sewage treatment | Effluent | Waste management | Chemical oxygen demand | Activated sludge | Bioreactor | Anaerobic exercise | Hydraulic retention time | Environmental chemistry | Biodegradation | Industrial wastewater treatment | Sewage sludge,https://openalex.org/keywords/wastewater | https://openalex.org/keywords/pulp-and-paper-industry | https://openalex.org/keywords/environmental-engineering | https://openalex.org/keywords/sewage-treatment | https://openalex.org/keywords/effluent | https://openalex.org/keywords/waste-management | https://openalex.org/keywords/chemical-oxygen-demand | https://openalex.org/keywords/activated-sludge | https://openalex.org/keywords/bioreactor | https://openalex.org/keywords/anaerobic-exercise | https://openalex.org/keywords/hydraulic-retention-time | https://openalex.org/keywords/environmental-chemistry | https://openalex.org/keywords/biodegradation | https://openalex.org/keywords/industrial-wastewater-treatment | https://openalex.org/keywords/sewage-sludge,7.94037 | 3.30936 | 3.02989 | 2.99484 | 2.51739 | 1.89302 | 1.88035 | 0.779405 | 0.648125 | 0.564273 | 0.555059 | 0.535972 | 0.496872 | 0.45788 | 0.386337,True,530,418,47,65,Wastewater / Pulp and paper industry / Environmental engineering,待主题范围审阅,NMF关键词主题,待主题范围审阅,528
N0122,121,Crystallinity | Chemical engineering | Composite material | Energy conversion efficiency | Morphology (biology) | Monolayer | Amorphous solid | Electron mobility | Microcrystalline | Polyethylene | Low-density polyethylene | Ostwald ripening | Polyvinylidene fluoride | Anatase | Crystallization,https://openalex.org/keywords/crystallinity | https://openalex.org/keywords/chemical-engineering | https://openalex.org/keywords/composite-material | https://openalex.org/keywords/energy-conversion-efficiency | https://openalex.org/keywords/morphology | https://openalex.org/keywords/monolayer | https://openalex.org/keywords/amorphous-solid | https://openalex.org/keywords/electron-mobility | https://openalex.org/keywords/microcrystalline | https://openalex.org/keywords/polyethylene | https://openalex.org/keywords/low-density-polyethylene | https://openalex.org/keywords/ostwald-ripening | https://openalex.org/keywords/polyvinylidene-fluoride | https://openalex.org/keywords/anatase | https://openalex.org/keywords/crystallization,11.7167 | 1.25852 | 0.519417 | 0.260647 | 0.183577 | 0.146052 | 0.143146 | 0.127478 | 0.110846 | 0.107632 | 0.0973125 | 0.0795374 | 0.0784616 | 0.0763888 | 0.0757019,True,283,251,14,18,Crystallinity / Chemical engineering / Composite material,待主题范围审阅,NMF关键词主题,待主题范围审阅,276
N0123,122,Copper | Metallurgy | Chalcopyrite | Copper sulfide | Copper oxide | Bioleaching | Copper extraction techniques | Arsenic | Electroplating | Slag (welding) | Smelting | Phthalocyanine | Electrowinning | Copper slag | Printed circuit board,https://openalex.org/keywords/copper | https://openalex.org/keywords/metallurgy | https://openalex.org/keywords/chalcopyrite | https://openalex.org/keywords/copper-sulfide | https://openalex.org/keywords/copper-oxide | https://openalex.org/keywords/bioleaching | https://openalex.org/keywords/copper-extraction-techniques | https://openalex.org/keywords/arsenic | https://openalex.org/keywords/electroplating | https://openalex.org/keywords/slag | https://openalex.org/keywords/smelting | https://openalex.org/keywords/phthalocyanine | https://openalex.org/keywords/electrowinning | https://openalex.org/keywords/copper-slag | https://openalex.org/keywords/printed-circuit-board,10.0446 | 1.45334 | 0.691655 | 0.505922 | 0.405077 | 0.311085 | 0.29564 | 0.241173 | 0.194842 | 0.189908 | 0.187562 | 0.185095 | 0.175254 | 0.166316 | 0.162793,True,469,364,53,52,Copper / Metallurgy / Chalcopyrite,待主题范围审阅,NMF关键词主题,待主题范围审阅,467
N0124,123,Graphite | Graphite oxide | Composite material | Exfoliation joint | Electrode | Graphene oxide paper | Chemical engineering | Pyrolytic carbon | Highly oriented pyrolytic graphite | Nanocrystal | Carbon black | FOIL method | Nanotechnology | Sonication | Amorphous carbon,https://openalex.org/keywords/graphite | https://openalex.org/keywords/graphite-oxide | https://openalex.org/keywords/composite-material | https://openalex.org/keywords/exfoliation-joint | https://openalex.org/keywords/electrode | https://openalex.org/keywords/graphene-oxide-paper | https://openalex.org/keywords/chemical-engineering | https://openalex.org/keywords/pyrolytic-carbon | https://openalex.org/keywords/highly-oriented-pyrolytic-graphite | https://openalex.org/keywords/nanocrystal | https://openalex.org/keywords/carbon-black | https://openalex.org/keywords/foil-method | https://openalex.org/keywords/nanotechnology | https://openalex.org/keywords/sonication | https://openalex.org/keywords/amorphous-carbon,12.1963 | 1.27597 | 1.10848 | 1.10223 | 0.477031 | 0.362627 | 0.313241 | 0.312284 | 0.266671 | 0.239454 | 0.221432 | 0.201144 | 0.142199 | 0.132571 | 0.116594,True,343,278,21,44,Graphite / Graphite oxide / Composite material,待主题范围审阅,NMF关键词主题,待主题范围审阅,343
N0125,124,Nanocrystal | Nanotechnology | Colloid | Chemical engineering | Oleylamine | Dispersity | Physics | Facet (psychology) | Optics | Photon upconversion | Physical chemistry | Ostwald ripening | Nanoclusters | Wurtzite crystal structure | Metastability,https://openalex.org/keywords/nanocrystal | https://openalex.org/keywords/nanotechnology | https://openalex.org/keywords/colloid | https://openalex.org/keywords/chemical-engineering | https://openalex.org/keywords/oleylamine | https://openalex.org/keywords/dispersity | https://openalex.org/keywords/physics | https://openalex.org/keywords/facet | https://openalex.org/keywords/optics | https://openalex.org/keywords/photon-upconversion | https://openalex.org/keywords/physical-chemistry | https://openalex.org/keywords/ostwald-ripening | https://openalex.org/keywords/nanoclusters | https://openalex.org/keywords/wurtzite-crystal-structure | https://openalex.org/keywords/metastability,10.5188 | 0.792678 | 0.729491 | 0.435634 | 0.355556 | 0.202573 | 0.160799 | 0.122965 | 0.092526 | 0.0908858 | 0.0906934 | 0.0905995 | 0.0796611 | 0.0795688 | 0.0766683,True,371,318,21,32,Nanocrystal / Nanotechnology / Colloid,待主题范围审阅,NMF关键词主题,待主题范围审阅,356
N0126,125,Reduction (mathematics) | Mathematics | Oxygen reduction reaction | Oxygen reduction | Model order reduction | Power loss | Electrochemical reduction of carbon dioxide | Control reconfiguration | Geometry | Surface (topology) | Cost reduction | Engineering | Nitrate | Combinatorial chemistry | Applied mathematics,https://openalex.org/keywords/reduction | https://openalex.org/keywords/mathematics | https://openalex.org/keywords/oxygen-reduction-reaction | https://openalex.org/keywords/oxygen-reduction | https://openalex.org/keywords/model-order-reduction | https://openalex.org/keywords/power-loss | https://openalex.org/keywords/electrochemical-reduction-of-carbon-dioxide | https://openalex.org/keywords/control-reconfiguration | https://openalex.org/keywords/geometry | https://openalex.org/keywords/surface | https://openalex.org/keywords/cost-reduction | https://openalex.org/keywords/engineering | https://openalex.org/keywords/nitrate | https://openalex.org/keywords/combinatorial-chemistry | https://openalex.org/keywords/applied-mathematics,12.5018 | 1.31582 | 1.28601 | 0.958585 | 0.347601 | 0.318267 | 0.31429 | 0.273208 | 0.235436 | 0.200648 | 0.159995 | 0.128597 | 0.120901 | 0.117631 | 0.113055,True,345,202,62,81,Reduction (mathematics) / Mathematics / Oxygen reduction reaction,待主题范围审阅,NMF关键词主题,待主题范围审阅,340
N0127,126,Work (physics) | Mechanical engineering | Thermodynamics | Welding | Work function | Scope (computer science) | Engineering management | Set (abstract data type) | Environmental economics | Promotion (chess) | Data collection | Presentation (obstetrics) | Agency (philosophy) | Sociotechnical system | Environmental science,https://openalex.org/keywords/work | https://openalex.org/keywords/mechanical-engineering | https://openalex.org/keywords/thermodynamics | https://openalex.org/keywords/welding | https://openalex.org/keywords/work-function | https://openalex.org/keywords/scope | https://openalex.org/keywords/engineering-management | https://openalex.org/keywords/set | https://openalex.org/keywords/environmental-economics | https://openalex.org/keywords/promotion | https://openalex.org/keywords/data-collection | https://openalex.org/keywords/presentation | https://openalex.org/keywords/agency | https://openalex.org/keywords/sociotechnical-system | https://openalex.org/keywords/environmental-science,13.5628 | 1.27739 | 0.606937 | 0.191338 | 0.178945 | 0.174023 | 0.166822 | 0.129904 | 0.126514 | 0.109246 | 0.10762 | 0.106286 | 0.10479 | 0.0992841 | 0.0978921,True,163,110,3,50,Work (physics) / Mechanical engineering / Thermodynamics,待主题范围审阅,NMF关键词主题,待主题范围审阅,162
N0128,127,Phosphor | Luminescence | Light-emitting diode | Analytical Chemistry (journal) | Excitation | Emission spectrum | Chromaticity | Emission intensity | Persistent luminescence | Ultraviolet | Energy transfer | Quenching (fluorescence) | Color rendering index | Fluorescence | Color temperature,https://openalex.org/keywords/phosphor | https://openalex.org/keywords/luminescence | https://openalex.org/keywords/light-emitting-diode | https://openalex.org/keywords/analytical-chemistry | https://openalex.org/keywords/excitation | https://openalex.org/keywords/emission-spectrum | https://openalex.org/keywords/chromaticity | https://openalex.org/keywords/emission-intensity | https://openalex.org/keywords/persistent-luminescence | https://openalex.org/keywords/ultraviolet | https://openalex.org/keywords/energy-transfer | https://openalex.org/keywords/quenching | https://openalex.org/keywords/color-rendering-index | https://openalex.org/keywords/fluorescence | https://openalex.org/keywords/color-temperature,7.80313 | 7.60664 | 1.30204 | 1.25068 | 1.0399 | 0.966603 | 0.886816 | 0.795774 | 0.602776 | 0.561072 | 0.522916 | 0.507969 | 0.49395 | 0.490274 | 0.481071,True,474,417,24,33,Phosphor / Luminescence / Light-emitting diode,待主题范围审阅,NMF关键词主题,待主题范围审阅,475
N0129,128,Solar cell | Solar cell efficiency | Copper indium gallium selenide solar cells | Perovskite solar cell | Polymer solar cell | Thin film solar cell | Silicon solar cell | Quantum dot solar cell | Quantum efficiency | Hybrid solar cell | Theory of solar cells | Equivalent series resistance | Tandem | Plasmonic solar cell | Coating,https://openalex.org/keywords/solar-cell | https://openalex.org/keywords/solar-cell-efficiency | https://openalex.org/keywords/copper-indium-gallium-selenide-solar-cells | https://openalex.org/keywords/perovskite-solar-cell | https://openalex.org/keywords/polymer-solar-cell | https://openalex.org/keywords/thin-film-solar-cell | https://openalex.org/keywords/silicon-solar-cell | https://openalex.org/keywords/quantum-dot-solar-cell | https://openalex.org/keywords/quantum-efficiency | https://openalex.org/keywords/hybrid-solar-cell | https://openalex.org/keywords/theory-of-solar-cells | https://openalex.org/keywords/equivalent-series-resistance | https://openalex.org/keywords/tandem | https://openalex.org/keywords/plasmonic-solar-cell | https://openalex.org/keywords/coating,11.0379 | 0.911768 | 0.77456 | 0.709836 | 0.621717 | 0.41406 | 0.380841 | 0.368587 | 0.364284 | 0.341036 | 0.327964 | 0.28619 | 0.277325 | 0.263316 | 0.25819,True,249,205,22,22,Solar cell / Solar cell efficiency / Copper indium gallium selenide solar cells,待主题范围审阅,NMF关键词主题,待主题范围审阅,249
N0130,129,Photoluminescence | Quantum yield | Electroluminescence | Optoelectronics | Photoluminescence excitation | Blueshift | Carrier lifetime | Band gap | Spontaneous emission | Nanocrystal | Diffuse reflectance infrared fourier transform | Chemistry | Molecular beam epitaxy | Wurtzite crystal structure | Quenching (fluorescence),https://openalex.org/keywords/photoluminescence | https://openalex.org/keywords/quantum-yield | https://openalex.org/keywords/electroluminescence | https://openalex.org/keywords/optoelectronics | https://openalex.org/keywords/photoluminescence-excitation | https://openalex.org/keywords/blueshift | https://openalex.org/keywords/carrier-lifetime | https://openalex.org/keywords/band-gap | https://openalex.org/keywords/spontaneous-emission | https://openalex.org/keywords/nanocrystal | https://openalex.org/keywords/diffuse-reflectance-infrared-fourier-transform | https://openalex.org/keywords/chemistry | https://openalex.org/keywords/molecular-beam-epitaxy | https://openalex.org/keywords/wurtzite-crystal-structure | https://openalex.org/keywords/quenching,14.7828 | 1.17731 | 0.411345 | 0.379266 | 0.315892 | 0.232977 | 0.166223 | 0.164175 | 0.141234 | 0.130193 | 0.125061 | 0.120209 | 0.110327 | 0.100896 | 0.0983516,True,95,76,10,9,Photoluminescence / Quantum yield / Electroluminescence,待主题范围审阅,NMF关键词主题,待主题范围审阅,91
N0131,130,Solar energy | Solar power | Photovoltaic thermal hybrid solar collector | Parabolic trough | Concentrated solar power | Thermal energy | Process engineering | Solar air conditioning | Passive solar building design | Energy transformation | Electrical engineering | Heliostat | Payback period | Engineering physics | Nanofluids in solar collectors,https://openalex.org/keywords/solar-energy | https://openalex.org/keywords/solar-power | https://openalex.org/keywords/photovoltaic-thermal-hybrid-solar-collector | https://openalex.org/keywords/parabolic-trough | https://openalex.org/keywords/concentrated-solar-power | https://openalex.org/keywords/thermal-energy | https://openalex.org/keywords/process-engineering | https://openalex.org/keywords/solar-air-conditioning | https://openalex.org/keywords/passive-solar-building-design | https://openalex.org/keywords/energy-transformation | https://openalex.org/keywords/electrical-engineering | https://openalex.org/keywords/heliostat | https://openalex.org/keywords/payback-period | https://openalex.org/keywords/engineering-physics | https://openalex.org/keywords/nanofluids-in-solar-collectors,12.4139 | 1.84919 | 1.21176 | 1.19857 | 1.00892 | 0.817835 | 0.550686 | 0.526371 | 0.489585 | 0.455797 | 0.430817 | 0.38069 | 0.378548 | 0.372355 | 0.371406,True,305,241,21,43,Solar energy / Solar power / Photovoltaic thermal hybrid solar collector,待主题范围审阅,NMF关键词主题,待主题范围审阅,305
N0132,131,Absorption (acoustics) | Absorption spectroscopy | Optics | Absorption edge | Absorption refrigerator | Attenuation coefficient | Spectral line | Visible spectrum | Ultrafast laser spectroscopy | XANES | Extended X-ray absorption fine structure | X-ray absorption spectroscopy | Amine gas treating | Wavelength | Geography,https://openalex.org/keywords/absorption | https://openalex.org/keywords/absorption-spectroscopy | https://openalex.org/keywords/optics | https://openalex.org/keywords/absorption-edge | https://openalex.org/keywords/absorption-refrigerator | https://openalex.org/keywords/attenuation-coefficient | https://openalex.org/keywords/spectral-line | https://openalex.org/keywords/visible-spectrum | https://openalex.org/keywords/ultrafast-laser-spectroscopy | https://openalex.org/keywords/xanes | https://openalex.org/keywords/extended-x-ray-absorption-fine-structure | https://openalex.org/keywords/x-ray-absorption-spectroscopy | https://openalex.org/keywords/amine-gas-treating | https://openalex.org/keywords/wavelength | https://openalex.org/keywords/geography,11.4653 | 2.58472 | 0.805696 | 0.692363 | 0.484303 | 0.392213 | 0.33964 | 0.336108 | 0.321176 | 0.305486 | 0.272057 | 0.260367 | 0.246187 | 0.237679 | 0.229164,True,147,126,11,10,Absorption (acoustics) / Absorption spectroscopy / Optics,待主题范围审阅,NMF关键词主题,待主题范围审阅,145
N0133,132,Transient (computer programming) | Transient response | Transient analysis | Electric power system | Transient voltage suppressor | Steady state (chemistry) | Emtp | Control engineering | Overvoltage | Stability (learning theory) | Time domain | Pipeline (software) | Water hammer | Thermal resistance | Pipeline transport,https://openalex.org/keywords/transient | https://openalex.org/keywords/transient-response | https://openalex.org/keywords/transient-analysis | https://openalex.org/keywords/electric-power-system | https://openalex.org/keywords/transient-voltage-suppressor | https://openalex.org/keywords/steady-state | https://openalex.org/keywords/emtp | https://openalex.org/keywords/control-engineering | https://openalex.org/keywords/overvoltage | https://openalex.org/keywords/stability | https://openalex.org/keywords/time-domain | https://openalex.org/keywords/pipeline | https://openalex.org/keywords/water-hammer | https://openalex.org/keywords/thermal-resistance | https://openalex.org/keywords/pipeline-transport,11.8303 | 1.25906 | 0.800358 | 0.528854 | 0.425686 | 0.365896 | 0.313173 | 0.289742 | 0.281757 | 0.240612 | 0.182584 | 0.155036 | 0.146214 | 0.124286 | 0.109565,True,298,240,20,38,Transient (computer programming) / Transient response / Transient analysis,待主题范围审阅,NMF关键词主题,待主题范围审阅,288
N0134,133,Amorphous solid | Amorphous silicon | Amorphous carbon | Crystallography | Crystalline silicon | Amorphous metal | Thin film | Layer (electronics) | Nanocrystalline silicon | Plasma-enhanced chemical vapor deposition | Passivation | Phase-change memory | Ellipsometry | Thin-film transistor | Oxide thin-film transistor,https://openalex.org/keywords/amorphous-solid | https://openalex.org/keywords/amorphous-silicon | https://openalex.org/keywords/amorphous-carbon | https://openalex.org/keywords/crystallography | https://openalex.org/keywords/crystalline-silicon | https://openalex.org/keywords/amorphous-metal | https://openalex.org/keywords/thin-film | https://openalex.org/keywords/layer | https://openalex.org/keywords/nanocrystalline-silicon | https://openalex.org/keywords/plasma-enhanced-chemical-vapor-deposition | https://openalex.org/keywords/passivation | https://openalex.org/keywords/phase-change-memory | https://openalex.org/keywords/ellipsometry | https://openalex.org/keywords/thin-film-transistor | https://openalex.org/keywords/oxide-thin-film-transistor,12.2152 | 1.39294 | 1.07815 | 0.95515 | 0.53736 | 0.339873 | 0.311841 | 0.300659 | 0.219219 | 0.17484 | 0.157589 | 0.151517 | 0.134846 | 0.0945094 | 0.09221,True,198,160,14,24,Amorphous solid / Amorphous silicon / Amorphous carbon,待主题范围审阅,NMF关键词主题,待主题范围审阅,194
N0135,134,Thermogravimetric analysis | Fourier transform infrared spectroscopy | Chemical engineering | Activation energy | Kinetic energy | Gravimetric analysis | Composite material | Differential thermal analysis | Infrared spectroscopy | Thermal analysis | Isothermal process | Differential scanning calorimetry | Thermal stability | Nuclear chemistry | Polysulfone,https://openalex.org/keywords/thermogravimetric-analysis | https://openalex.org/keywords/fourier-transform-infrared-spectroscopy | https://openalex.org/keywords/chemical-engineering | https://openalex.org/keywords/activation-energy | https://openalex.org/keywords/kinetic-energy | https://openalex.org/keywords/gravimetric-analysis | https://openalex.org/keywords/composite-material | https://openalex.org/keywords/differential-thermal-analysis | https://openalex.org/keywords/infrared-spectroscopy | https://openalex.org/keywords/thermal-analysis | https://openalex.org/keywords/isothermal-process | https://openalex.org/keywords/differential-scanning-calorimetry | https://openalex.org/keywords/thermal-stability | https://openalex.org/keywords/nuclear-chemistry | https://openalex.org/keywords/polysulfone,11.3285 | 2.33327 | 1.15025 | 0.502614 | 0.372979 | 0.370275 | 0.312674 | 0.298445 | 0.237176 | 0.234534 | 0.232118 | 0.208495 | 0.196802 | 0.187142 | 0.171942,True,260,237,5,18,Thermogravimetric analysis / Fourier transform infrared spectroscopy / Chemical engineering,待主题范围审阅,NMF关键词主题,待主题范围审阅,246
N0136,135,Semiconductor | Organic semiconductor | Semiconductor device | Semiconductor materials | Direct and indirect band gaps | Wide-bandgap semiconductor | p–n junction | Irradiation | Engineering physics | Depletion region | Magnetic semiconductor | Electron | Crystallography | Substrate (aquarium) | Solid-state physics,https://openalex.org/keywords/semiconductor | https://openalex.org/keywords/organic-semiconductor | https://openalex.org/keywords/semiconductor-device | https://openalex.org/keywords/semiconductor-materials | https://openalex.org/keywords/direct-and-indirect-band-gaps | https://openalex.org/keywords/wide-bandgap-semiconductor | https://openalex.org/keywords/p–n-junction | https://openalex.org/keywords/irradiation | https://openalex.org/keywords/engineering-physics | https://openalex.org/keywords/depletion-region | https://openalex.org/keywords/magnetic-semiconductor | https://openalex.org/keywords/electron | https://openalex.org/keywords/crystallography | https://openalex.org/keywords/substrate | https://openalex.org/keywords/solid-state-physics,12.4226 | 2.33322 | 0.312459 | 0.287929 | 0.279137 | 0.19558 | 0.175948 | 0.155021 | 0.125487 | 0.118281 | 0.100908 | 0.0892377 | 0.0645409 | 0.064095 | 0.0637568,True,128,97,14,17,Semiconductor / Organic semiconductor / Semiconductor device,待主题范围审阅,NMF关键词主题,待主题范围审阅,128
N0137,136,Flow (mathematics) | Mechanics | Power flow | Volumetric flow rate | Mathematics | Channel (broadcasting) | Inlet | Fluid dynamics | Two-phase flow | Water flow | Open-channel flow | Internal flow | Computer simulation | Flow velocity | Geometry,https://openalex.org/keywords/flow | https://openalex.org/keywords/mechanics | https://openalex.org/keywords/power-flow | https://openalex.org/keywords/volumetric-flow-rate | https://openalex.org/keywords/mathematics | https://openalex.org/keywords/channel | https://openalex.org/keywords/inlet | https://openalex.org/keywords/fluid-dynamics | https://openalex.org/keywords/two-phase-flow | https://openalex.org/keywords/water-flow | https://openalex.org/keywords/open-channel-flow | https://openalex.org/keywords/internal-flow | https://openalex.org/keywords/computer-simulation | https://openalex.org/keywords/flow-velocity | https://openalex.org/keywords/geometry,10.2584 | 1.97241 | 1.42108 | 1.29736 | 0.425631 | 0.365321 | 0.358483 | 0.336788 | 0.326481 | 0.303202 | 0.237523 | 0.225066 | 0.222128 | 0.220026 | 0.18987,True,340,252,42,46,Flow (mathematics) / Mechanics / Power flow,待主题范围审阅,NMF关键词主题,待主题范围审阅,340
N0138,137,Context (archaeology) | Environmental economics | Energy transition | Sustainability | Profitability index | Scope (computer science) | Set (abstract data type) | Variety (cybernetics) | Energy planning | Management science | Supply chain | Environmental resource management | Energy demand | Production (economics) | Geography,https://openalex.org/keywords/context | https://openalex.org/keywords/environmental-economics | https://openalex.org/keywords/energy-transition | https://openalex.org/keywords/sustainability | https://openalex.org/keywords/profitability-index | https://openalex.org/keywords/scope | https://openalex.org/keywords/set | https://openalex.org/keywords/variety | https://openalex.org/keywords/energy-planning | https://openalex.org/keywords/management-science | https://openalex.org/keywords/supply-chain | https://openalex.org/keywords/environmental-resource-management | https://openalex.org/keywords/energy-demand | https://openalex.org/keywords/production | https://openalex.org/keywords/geography,10.049 | 3.27842 | 0.260971 | 0.212892 | 0.145123 | 0.137154 | 0.136927 | 0.134348 | 0.123378 | 0.111285 | 0.108337 | 0.104001 | 0.10091 | 0.0964532 | 0.0877005,True,276,169,24,83,Context (archaeology) / Environmental economics / Energy transition,待主题范围审阅,NMF关键词主题,待主题范围审阅,366
N0139,138,Photodegradation | Chemical engineering | Visible spectrum | Photochemistry | Radical | Reaction rate constant | Malachite green | Rhodamine B | Photodissociation | Crystal violet | Indigo carmine | Absorbance | Tungstate | Scanning electron microscope | Ultraviolet,https://openalex.org/keywords/photodegradation | https://openalex.org/keywords/chemical-engineering | https://openalex.org/keywords/visible-spectrum | https://openalex.org/keywords/photochemistry | https://openalex.org/keywords/radical | https://openalex.org/keywords/reaction-rate-constant | https://openalex.org/keywords/malachite-green | https://openalex.org/keywords/rhodamine-b | https://openalex.org/keywords/photodissociation | https://openalex.org/keywords/crystal-violet | https://openalex.org/keywords/indigo-carmine | https://openalex.org/keywords/absorbance | https://openalex.org/keywords/tungstate | https://openalex.org/keywords/scanning-electron-microscope | https://openalex.org/keywords/ultraviolet,13.3991 | 0.478606 | 0.245719 | 0.229193 | 0.218311 | 0.185531 | 0.160791 | 0.143751 | 0.134544 | 0.130091 | 0.111506 | 0.107136 | 0.104781 | 0.0986493 | 0.09306,True,256,214,21,21,Photodegradation / Chemical engineering / Visible spectrum,待主题范围审阅,NMF关键词主题,待主题范围审阅,256
N0140,139,Nuclear chemistry | Inorganic chemistry | Catalysis | Chloride | Antibacterial activity | Nitric acid | Phosphate | Uranium | Nanofluid | Citric acid | Chitosan | Oxalic acid | Hydrogen peroxide | Hydrochloric acid | Chelation,https://openalex.org/keywords/nuclear-chemistry | https://openalex.org/keywords/inorganic-chemistry | https://openalex.org/keywords/catalysis | https://openalex.org/keywords/chloride | https://openalex.org/keywords/antibacterial-activity | https://openalex.org/keywords/nitric-acid | https://openalex.org/keywords/phosphate | https://openalex.org/keywords/uranium | https://openalex.org/keywords/nanofluid | https://openalex.org/keywords/citric-acid | https://openalex.org/keywords/chitosan | https://openalex.org/keywords/oxalic-acid | https://openalex.org/keywords/hydrogen-peroxide | https://openalex.org/keywords/hydrochloric-acid | https://openalex.org/keywords/chelation,10.7721 | 1.89834 | 0.742165 | 0.448696 | 0.428387 | 0.396159 | 0.337039 | 0.319945 | 0.316995 | 0.304977 | 0.301674 | 0.291585 | 0.287578 | 0.286177 | 0.27914,True,73,63,5,5,Nuclear chemistry / Inorganic chemistry / Catalysis,待主题范围审阅,NMF关键词主题,待主题范围审阅,74
N0141,140,Meteorology | Atmospheric sciences | Climatology | Wind speed | Atmosphere (unit) | Weibull distribution | Relative humidity | Wind profile power law | Mean squared error | Cloud computing | Solar wind | Sunshine duration | Wind direction | Satellite | Latitude,https://openalex.org/keywords/meteorology | https://openalex.org/keywords/atmospheric-sciences | https://openalex.org/keywords/climatology | https://openalex.org/keywords/wind-speed | https://openalex.org/keywords/atmosphere | https://openalex.org/keywords/weibull-distribution | https://openalex.org/keywords/relative-humidity | https://openalex.org/keywords/wind-profile-power-law | https://openalex.org/keywords/mean-squared-error | https://openalex.org/keywords/cloud-computing | https://openalex.org/keywords/solar-wind | https://openalex.org/keywords/sunshine-duration | https://openalex.org/keywords/wind-direction | https://openalex.org/keywords/satellite | https://openalex.org/keywords/latitude,10.6762 | 3.51268 | 2.86609 | 2.37527 | 0.574756 | 0.424869 | 0.422492 | 0.414659 | 0.374984 | 0.351369 | 0.350011 | 0.33566 | 0.329348 | 0.32716 | 0.317828,True,347,302,29,16,Meteorology / Atmospheric sciences / Climatology,待主题范围审阅,NMF关键词主题,待主题范围审阅,345
N0142,141,Algorithm | Mathematics | Fast Fourier transform | Optimization algorithm | Fourier transform | Residual | Correctness | Orthogonal frequency-division multiplexing | Interpolation (computer graphics) | Convergence (economics) | Notation | Channel (broadcasting) | Wavelet | Theoretical computer science | Decoding methods,https://openalex.org/keywords/algorithm | https://openalex.org/keywords/mathematics | https://openalex.org/keywords/fast-fourier-transform | https://openalex.org/keywords/optimization-algorithm | https://openalex.org/keywords/fourier-transform | https://openalex.org/keywords/residual | https://openalex.org/keywords/correctness | https://openalex.org/keywords/orthogonal-frequency-division-multiplexing | https://openalex.org/keywords/interpolation | https://openalex.org/keywords/convergence | https://openalex.org/keywords/notation | https://openalex.org/keywords/channel | https://openalex.org/keywords/wavelet | https://openalex.org/keywords/theoretical-computer-science | https://openalex.org/keywords/decoding-methods,11.8891 | 1.20424 | 0.514559 | 0.38745 | 0.384962 | 0.380978 | 0.354762 | 0.315286 | 0.302694 | 0.291111 | 0.282635 | 0.266775 | 0.266045 | 0.244111 | 0.235934,True,250,220,15,15,Algorithm / Mathematics / Fast Fourier transform,待主题范围审阅,NMF关键词主题,待主题范围审阅,247
N0143,142,Sulfur | Polysulfide | Lithium–sulfur battery | Sulfide | Inorganic chemistry | Metallurgy | Flue-gas desulfurization | Hydrogen sulfide | Chemical engineering | Sulfidation | Sulfur dioxide | Cobalt sulfide | Thiosulfate | Nickel sulfide | Pyrite,https://openalex.org/keywords/sulfur | https://openalex.org/keywords/polysulfide | https://openalex.org/keywords/lithium–sulfur-battery | https://openalex.org/keywords/sulfide | https://openalex.org/keywords/inorganic-chemistry | https://openalex.org/keywords/metallurgy | https://openalex.org/keywords/flue-gas-desulfurization | https://openalex.org/keywords/hydrogen-sulfide | https://openalex.org/keywords/chemical-engineering | https://openalex.org/keywords/sulfidation | https://openalex.org/keywords/sulfur-dioxide | https://openalex.org/keywords/cobalt-sulfide | https://openalex.org/keywords/thiosulfate | https://openalex.org/keywords/nickel-sulfide | https://openalex.org/keywords/pyrite,10.0129 | 4.2233 | 2.19937 | 1.43484 | 0.81532 | 0.455697 | 0.402483 | 0.384769 | 0.30582 | 0.224021 | 0.210358 | 0.19848 | 0.146029 | 0.137338 | 0.128636,True,402,295,57,50,Sulfur / Polysulfide / Lithium–sulfur battery,待主题范围审阅,NMF关键词主题,待主题范围审阅,401
N0144,143,Biochemical engineering | Context (archaeology) | Solar cell | Common emitter | Copper indium gallium selenide solar cells | Engineering | Photosynthesis | Artificial photosynthesis | Crystalline silicon | Process engineering | Perovskite solar cell | Amorphous silicon | Hazardous waste | Electrosynthesis | Data science,https://openalex.org/keywords/biochemical-engineering | https://openalex.org/keywords/context | https://openalex.org/keywords/solar-cell | https://openalex.org/keywords/common-emitter | https://openalex.org/keywords/copper-indium-gallium-selenide-solar-cells | https://openalex.org/keywords/engineering | https://openalex.org/keywords/photosynthesis | https://openalex.org/keywords/artificial-photosynthesis | https://openalex.org/keywords/crystalline-silicon | https://openalex.org/keywords/process-engineering | https://openalex.org/keywords/perovskite-solar-cell | https://openalex.org/keywords/amorphous-silicon | https://openalex.org/keywords/hazardous-waste | https://openalex.org/keywords/electrosynthesis | https://openalex.org/keywords/data-science,8.50828 | 5.21145 | 1.18815 | 0.718151 | 0.481562 | 0.458086 | 0.426927 | 0.416985 | 0.408711 | 0.39087 | 0.261581 | 0.221589 | 0.205748 | 0.189244 | 0.185084,True,112,70,23,19,Biochemical engineering / Context (archaeology) / Solar cell,待主题范围审阅,NMF关键词主题,待主题范围审阅,122
N0145,144,Maximum power point tracking | Maximum power principle | Grid-connected photovoltaic power system | Point (geometry) | Tracking (education) | Power optimizer | Duty cycle | Control theory (sociology) | Shading | Solar micro-inverter | Boost converter | Power point | Permanent magnet synchronous generator | Convergence (economics) | Polysulfide,https://openalex.org/keywords/maximum-power-point-tracking | https://openalex.org/keywords/maximum-power-principle | https://openalex.org/keywords/grid-connected-photovoltaic-power-system | https://openalex.org/keywords/point | https://openalex.org/keywords/tracking | https://openalex.org/keywords/power-optimizer | https://openalex.org/keywords/duty-cycle | https://openalex.org/keywords/control-theory | https://openalex.org/keywords/shading | https://openalex.org/keywords/solar-micro-inverter | https://openalex.org/keywords/boost-converter | https://openalex.org/keywords/power-point | https://openalex.org/keywords/permanent-magnet-synchronous-generator | https://openalex.org/keywords/convergence | https://openalex.org/keywords/polysulfide,8.56864 | 5.08152 | 1.21717 | 1.20162 | 1.1646 | 1.16191 | 0.770974 | 0.606971 | 0.454364 | 0.429781 | 0.264021 | 0.256396 | 0.205994 | 0.183453 | 0.166321,True,393,351,20,22,Maximum power point tracking / Maximum power principle / Grid-connected photovoltaic power system,待主题范围审阅,NMF关键词主题,待主题范围审阅,389
N0146,145,Nanofluid | Heat transfer | Thermodynamics | Nanofluids in solar collectors | Viscosity | Nusselt number | Heat transfer coefficient | Heat transfer enhancement | Volume fraction | Thermal conductivity | Ethylene glycol | Reynolds number | Composite material | Parabolic trough | Convective heat transfer,https://openalex.org/keywords/nanofluid | https://openalex.org/keywords/heat-transfer | https://openalex.org/keywords/thermodynamics | https://openalex.org/keywords/nanofluids-in-solar-collectors | https://openalex.org/keywords/viscosity | https://openalex.org/keywords/nusselt-number | https://openalex.org/keywords/heat-transfer-coefficient | https://openalex.org/keywords/heat-transfer-enhancement | https://openalex.org/keywords/volume-fraction | https://openalex.org/keywords/thermal-conductivity | https://openalex.org/keywords/ethylene-glycol | https://openalex.org/keywords/reynolds-number | https://openalex.org/keywords/composite-material | https://openalex.org/keywords/parabolic-trough | https://openalex.org/keywords/convective-heat-transfer,9.36091 | 1.67772 | 1.22144 | 1.06756 | 0.803016 | 0.760783 | 0.737029 | 0.608099 | 0.531808 | 0.521671 | 0.502768 | 0.343895 | 0.342493 | 0.323133 | 0.31965,True,402,305,32,65,Nanofluid / Heat transfer / Thermodynamics,待主题范围审阅,NMF关键词主题,待主题范围审阅,401
N0147,146,Electrolysis | Electrolysis of water | Polymer electrolyte membrane electrolysis | Alkaline water electrolysis | Inorganic chemistry | High-temperature electrolysis | Electrolytic cell | Microbial electrolysis cell | Electrolytic process | Oxygen evolution | High-pressure electrolysis | Process engineering | Power to gas | Molten salt | Electrode,https://openalex.org/keywords/electrolysis | https://openalex.org/keywords/electrolysis-of-water | https://openalex.org/keywords/polymer-electrolyte-membrane-electrolysis | https://openalex.org/keywords/alkaline-water-electrolysis | https://openalex.org/keywords/inorganic-chemistry | https://openalex.org/keywords/high-temperature-electrolysis | https://openalex.org/keywords/electrolytic-cell | https://openalex.org/keywords/microbial-electrolysis-cell | https://openalex.org/keywords/electrolytic-process | https://openalex.org/keywords/oxygen-evolution | https://openalex.org/keywords/high-pressure-electrolysis | https://openalex.org/keywords/process-engineering | https://openalex.org/keywords/power-to-gas | https://openalex.org/keywords/molten-salt | https://openalex.org/keywords/electrode,10.3124 | 3.38119 | 1.01967 | 0.934682 | 0.618607 | 0.576669 | 0.541833 | 0.448069 | 0.406898 | 0.370135 | 0.333338 | 0.296321 | 0.292363 | 0.286909 | 0.274114,True,478,327,54,97,Electrolysis / Electrolysis of water / Polymer electrolyte membrane electrolysis,待主题范围审阅,NMF关键词主题,待主题范围审阅,477
N0148,147,Methanol | Direct methanol fuel cell | Methanol fuel | Chronoamperometry | Inorganic chemistry | Cyclic voltammetry | Organic chemistry | Methanol reformer | Chemical engineering | Ethanol | Formaldehyde | Transesterification | Carbon black | Catalysis | Noble metal,https://openalex.org/keywords/methanol | https://openalex.org/keywords/direct-methanol-fuel-cell | https://openalex.org/keywords/methanol-fuel | https://openalex.org/keywords/chronoamperometry | https://openalex.org/keywords/inorganic-chemistry | https://openalex.org/keywords/cyclic-voltammetry | https://openalex.org/keywords/organic-chemistry | https://openalex.org/keywords/methanol-reformer | https://openalex.org/keywords/chemical-engineering | https://openalex.org/keywords/ethanol | https://openalex.org/keywords/formaldehyde | https://openalex.org/keywords/transesterification | https://openalex.org/keywords/carbon-black | https://openalex.org/keywords/catalysis | https://openalex.org/keywords/noble-metal,12.5013 | 1.94962 | 1.81126 | 0.595682 | 0.562142 | 0.399683 | 0.390107 | 0.311057 | 0.256544 | 0.256175 | 0.252332 | 0.24942 | 0.238395 | 0.232412 | 0.211523,True,210,181,15,14,Methanol / Direct methanol fuel cell / Methanol fuel,待主题范围审阅,NMF关键词主题,待主题范围审阅,211
N0149,148,Cobalt | Cobalt oxide | Inorganic chemistry | Catalysis | Cobalt sulfide | Fischer–Tropsch process | Cobalt hydroxide | Phosphide | Phthalocyanine | Cobalt extraction techniques | Lithium cobalt oxide | Zeolitic imidazolate framework | Sodium borohydride | Selenide | Polyoxometalate,https://openalex.org/keywords/cobalt | https://openalex.org/keywords/cobalt-oxide | https://openalex.org/keywords/inorganic-chemistry | https://openalex.org/keywords/catalysis | https://openalex.org/keywords/cobalt-sulfide | https://openalex.org/keywords/fischer–tropsch-process | https://openalex.org/keywords/cobalt-hydroxide | https://openalex.org/keywords/phosphide | https://openalex.org/keywords/phthalocyanine | https://openalex.org/keywords/cobalt-extraction-techniques | https://openalex.org/keywords/lithium-cobalt-oxide | https://openalex.org/keywords/zeolitic-imidazolate-framework | https://openalex.org/keywords/sodium-borohydride | https://openalex.org/keywords/selenide | https://openalex.org/keywords/polyoxometalate,12.1059 | 2.39913 | 1.85542 | 0.713297 | 0.625259 | 0.471789 | 0.460539 | 0.381754 | 0.19661 | 0.191642 | 0.149023 | 0.125021 | 0.121104 | 0.118329 | 0.116601,True,264,216,30,18,Cobalt / Cobalt oxide / Inorganic chemistry,待主题范围审阅,NMF关键词主题,待主题范围审阅,260
N0150,149,Boost converter | Forward converter | Ćuk converter | Flyback converter | Buck–boost converter | Electronic engineering | Duty cycle | Voltage multiplier | Electrical engineering | Snubber | Flyback transformer | Charge pump | PID controller | Integrating ADC | Controller (irrigation),https://openalex.org/keywords/boost-converter | https://openalex.org/keywords/forward-converter | https://openalex.org/keywords/ćuk-converter | https://openalex.org/keywords/flyback-converter | https://openalex.org/keywords/buck–boost-converter | https://openalex.org/keywords/electronic-engineering | https://openalex.org/keywords/duty-cycle | https://openalex.org/keywords/voltage-multiplier | https://openalex.org/keywords/electrical-engineering | https://openalex.org/keywords/snubber | https://openalex.org/keywords/flyback-transformer | https://openalex.org/keywords/charge-pump | https://openalex.org/keywords/pid-controller | https://openalex.org/keywords/integrating-adc | https://openalex.org/keywords/controller,5.26974 | 3.98783 | 2.92728 | 2.89988 | 1.266 | 0.993739 | 0.54003 | 0.52091 | 0.49661 | 0.429468 | 0.37035 | 0.338667 | 0.324858 | 0.285815 | 0.264977,True,283,247,19,17,Boost converter / Forward converter / Ćuk converter,待主题范围审阅,NMF关键词主题,待主题范围审阅,279
N0151,150,Buck converter | Buck–boost converter | Ćuk converter | Boost converter | Flyback converter | Forward converter | Electronic engineering | Flyback transformer | Integrating ADC | Duty cycle | Transient response | Control theory (sociology) | Inductor | Power factor | Computer science,https://openalex.org/keywords/buck-converter | https://openalex.org/keywords/buck–boost-converter | https://openalex.org/keywords/ćuk-converter | https://openalex.org/keywords/boost-converter | https://openalex.org/keywords/flyback-converter | https://openalex.org/keywords/forward-converter | https://openalex.org/keywords/electronic-engineering | https://openalex.org/keywords/flyback-transformer | https://openalex.org/keywords/integrating-adc | https://openalex.org/keywords/duty-cycle | https://openalex.org/keywords/transient-response | https://openalex.org/keywords/control-theory | https://openalex.org/keywords/inductor | https://openalex.org/keywords/power-factor | https://openalex.org/keywords/computer-science,6.20332 | 3.01859 | 1.49791 | 1.33716 | 0.782156 | 0.56852 | 0.494979 | 0.354162 | 0.281257 | 0.27533 | 0.244808 | 0.229798 | 0.228687 | 0.205911 | 0.146455,True,219,185,13,21,Buck converter / Buck–boost converter / Ćuk converter,待主题范围审阅,NMF关键词主题,待主题范围审阅,215
N0152,151,Crystallite | Metallurgy | Polycrystalline silicon | Chemical engineering | Lattice constant | Coercivity | Ferrite (magnet) | Chemical bath deposition | Specific surface area | Thin film | Grain size | Diffraction | Optics | Rietveld refinement | Scherrer equation,https://openalex.org/keywords/crystallite | https://openalex.org/keywords/metallurgy | https://openalex.org/keywords/polycrystalline-silicon | https://openalex.org/keywords/chemical-engineering | https://openalex.org/keywords/lattice-constant | https://openalex.org/keywords/coercivity | https://openalex.org/keywords/ferrite | https://openalex.org/keywords/chemical-bath-deposition | https://openalex.org/keywords/specific-surface-area | https://openalex.org/keywords/thin-film | https://openalex.org/keywords/grain-size | https://openalex.org/keywords/diffraction | https://openalex.org/keywords/optics | https://openalex.org/keywords/rietveld-refinement | https://openalex.org/keywords/scherrer-equation,13.2437 | 0.489937 | 0.309088 | 0.305068 | 0.281237 | 0.272986 | 0.253211 | 0.225316 | 0.201132 | 0.198465 | 0.194949 | 0.180849 | 0.152564 | 0.135528 | 0.117169,True,112,100,3,9,Crystallite / Metallurgy / Polycrystalline silicon,待主题范围审阅,NMF关键词主题,待主题范围审阅,113
N0153,152,Nanostructure | Nanotechnology | Morphology (biology) | Nanoscopic scale | Nanometre | Nanoflower | Template | Nanopillar | Self-assembly | Nanopore | Kirkendall effect | Energy transformation | Nanomaterials | Hexagonal crystal system | Rod,https://openalex.org/keywords/nanostructure | https://openalex.org/keywords/nanotechnology | https://openalex.org/keywords/morphology | https://openalex.org/keywords/nanoscopic-scale | https://openalex.org/keywords/nanometre | https://openalex.org/keywords/nanoflower | https://openalex.org/keywords/template | https://openalex.org/keywords/nanopillar | https://openalex.org/keywords/self-assembly | https://openalex.org/keywords/nanopore | https://openalex.org/keywords/kirkendall-effect | https://openalex.org/keywords/energy-transformation | https://openalex.org/keywords/nanomaterials | https://openalex.org/keywords/hexagonal-crystal-system | https://openalex.org/keywords/rod,12.0221 | 3.28929 | 0.396752 | 0.305572 | 0.175921 | 0.149528 | 0.117679 | 0.114763 | 0.111437 | 0.0976295 | 0.0907195 | 0.083633 | 0.0799419 | 0.076702 | 0.0713243,True,171,152,7,12,Nanostructure / Nanotechnology / Morphology (biology),待主题范围审阅,NMF关键词主题,待主题范围审阅,167
N0154,153,Controller (irrigation) | PID controller | Control engineering | Computer science | Temperature control | Settling time | Open-loop controller | Electronic speed control | Overshoot (microwave communication) | Automatic Generation Control | Feed forward | Unified power flow controller | Adaptive control | Digital control | Voltage controller,https://openalex.org/keywords/controller | https://openalex.org/keywords/pid-controller | https://openalex.org/keywords/control-engineering | https://openalex.org/keywords/computer-science | https://openalex.org/keywords/temperature-control | https://openalex.org/keywords/settling-time | https://openalex.org/keywords/open-loop-controller | https://openalex.org/keywords/electronic-speed-control | https://openalex.org/keywords/overshoot | https://openalex.org/keywords/automatic-generation-control | https://openalex.org/keywords/feed-forward | https://openalex.org/keywords/unified-power-flow-controller | https://openalex.org/keywords/adaptive-control | https://openalex.org/keywords/digital-control | https://openalex.org/keywords/voltage-controller,10.2589 | 3.66382 | 2.89887 | 0.849479 | 0.645437 | 0.492532 | 0.439809 | 0.388195 | 0.359841 | 0.3469 | 0.205333 | 0.20017 | 0.197677 | 0.191877 | 0.178023,True,355,314,22,19,Controller (irrigation) / PID controller / Control engineering,待主题范围审阅,NMF关键词主题,待主题范围审阅,348
N0155,154,Fault (geology) | Fault detection and isolation | Fault indicator | Real-time computing | Fault tolerance | Seismology | Fault current limiter | Wavelet | Low voltage ride through | Engineering | Stuck-at fault | Phasor | Wavelet transform | Fault coverage | Halide,https://openalex.org/keywords/fault | https://openalex.org/keywords/fault-detection-and-isolation | https://openalex.org/keywords/fault-indicator | https://openalex.org/keywords/real-time-computing | https://openalex.org/keywords/fault-tolerance | https://openalex.org/keywords/seismology | https://openalex.org/keywords/fault-current-limiter | https://openalex.org/keywords/wavelet | https://openalex.org/keywords/low-voltage-ride-through | https://openalex.org/keywords/engineering | https://openalex.org/keywords/stuck-at-fault | https://openalex.org/keywords/phasor | https://openalex.org/keywords/wavelet-transform | https://openalex.org/keywords/fault-coverage | https://openalex.org/keywords/halide,11.2286 | 2.2158 | 1.05574 | 0.646772 | 0.629867 | 0.570461 | 0.565841 | 0.452601 | 0.434248 | 0.384749 | 0.38082 | 0.338028 | 0.312596 | 0.309947 | 0.239349,True,299,224,24,51,Fault (geology) / Fault detection and isolation / Fault indicator,待主题范围审阅,NMF关键词主题,待主题范围审阅,295
N0156,155,Exergy | Exergy efficiency | Process engineering | Gas compressor | Combined cycle | Engineering | Thermal efficiency | Refrigeration | Absorption refrigerator | Environmental engineering | Brayton cycle | Liquefied natural gas | Multi-objective optimization | Combustion chamber | Overall pressure ratio,https://openalex.org/keywords/exergy | https://openalex.org/keywords/exergy-efficiency | https://openalex.org/keywords/process-engineering | https://openalex.org/keywords/gas-compressor | https://openalex.org/keywords/combined-cycle | https://openalex.org/keywords/engineering | https://openalex.org/keywords/thermal-efficiency | https://openalex.org/keywords/refrigeration | https://openalex.org/keywords/absorption-refrigerator | https://openalex.org/keywords/environmental-engineering | https://openalex.org/keywords/brayton-cycle | https://openalex.org/keywords/liquefied-natural-gas | https://openalex.org/keywords/multi-objective-optimization | https://openalex.org/keywords/combustion-chamber | https://openalex.org/keywords/overall-pressure-ratio,10.0327 | 6.0741 | 1.16328 | 0.479921 | 0.443371 | 0.442685 | 0.414066 | 0.383798 | 0.333409 | 0.281863 | 0.251439 | 0.244419 | 0.239495 | 0.220272 | 0.178314,True,363,295,25,43,Exergy / Exergy efficiency / Process engineering,待主题范围审阅,NMF关键词主题,待主题范围审阅,365
N0157,156,Heat exchanger | Mechanical engineering | Heat transfer | Waste heat | Waste heat recovery unit | Plate heat exchanger | Plate fin heat exchanger | Heat recovery ventilation | Shell and tube heat exchanger | Tube (container) | Thermoelectric generator | Heat transfer coefficient | Fin | Engineering | Heat spreader,https://openalex.org/keywords/heat-exchanger | https://openalex.org/keywords/mechanical-engineering | https://openalex.org/keywords/heat-transfer | https://openalex.org/keywords/waste-heat | https://openalex.org/keywords/waste-heat-recovery-unit | https://openalex.org/keywords/plate-heat-exchanger | https://openalex.org/keywords/plate-fin-heat-exchanger | https://openalex.org/keywords/heat-recovery-ventilation | https://openalex.org/keywords/shell-and-tube-heat-exchanger | https://openalex.org/keywords/tube | https://openalex.org/keywords/thermoelectric-generator | https://openalex.org/keywords/heat-transfer-coefficient | https://openalex.org/keywords/fin | https://openalex.org/keywords/engineering | https://openalex.org/keywords/heat-spreader,8.23282 | 2.26199 | 2.25245 | 1.21343 | 1.05322 | 1.03731 | 0.96133 | 0.959387 | 0.85136 | 0.808273 | 0.779314 | 0.764395 | 0.539086 | 0.499793 | 0.487372,True,366,300,27,39,Heat exchanger / Mechanical engineering / Heat transfer,待主题范围审阅,NMF关键词主题,待主题范围审阅,364
N0158,157,Analytical Chemistry (journal) | Physical chemistry | Atmospheric temperature range | Chromatography | Activation energy | Thermodynamics | Mass spectrometry | Spectral line | Solid solution | Saturation (graph theory) | Nuclear magnetic resonance | Capacitance | Detection limit | Voltage | Partial pressure,https://openalex.org/keywords/analytical-chemistry | https://openalex.org/keywords/physical-chemistry | https://openalex.org/keywords/atmospheric-temperature-range | https://openalex.org/keywords/chromatography | https://openalex.org/keywords/activation-energy | https://openalex.org/keywords/thermodynamics | https://openalex.org/keywords/mass-spectrometry | https://openalex.org/keywords/spectral-line | https://openalex.org/keywords/solid-solution | https://openalex.org/keywords/saturation | https://openalex.org/keywords/nuclear-magnetic-resonance | https://openalex.org/keywords/capacitance | https://openalex.org/keywords/detection-limit | https://openalex.org/keywords/voltage | https://openalex.org/keywords/partial-pressure,12.5342 | 0.734923 | 0.721918 | 0.499813 | 0.408709 | 0.398454 | 0.334376 | 0.23023 | 0.217279 | 0.202819 | 0.188999 | 0.18789 | 0.187786 | 0.186623 | 0.18386,True,47,38,3,6,Analytical Chemistry (journal) / Physical chemistry / Atmospheric temperature range,待主题范围审阅,NMF关键词主题,待主题范围审阅,48
N0159,158,Wurtzite crystal structure | Zinc | Metallurgy | Nuclear chemistry | Chemical engineering | Hexagonal phase | Cadmium | Sol-gel | Hexagonal crystal system | Bioleaching | Leaching (pedology) | Sphalerite | Zinc nitrate | Chemistry | Spin coating,https://openalex.org/keywords/wurtzite-crystal-structure | https://openalex.org/keywords/zinc | https://openalex.org/keywords/metallurgy | https://openalex.org/keywords/nuclear-chemistry | https://openalex.org/keywords/chemical-engineering | https://openalex.org/keywords/hexagonal-phase | https://openalex.org/keywords/cadmium | https://openalex.org/keywords/sol-gel | https://openalex.org/keywords/hexagonal-crystal-system | https://openalex.org/keywords/bioleaching | https://openalex.org/keywords/leaching | https://openalex.org/keywords/sphalerite | https://openalex.org/keywords/zinc-nitrate | https://openalex.org/keywords/chemistry | https://openalex.org/keywords/spin-coating,9.40513 | 3.6881 | 1.83312 | 0.609048 | 0.476669 | 0.29478 | 0.291254 | 0.279541 | 0.224909 | 0.224405 | 0.221916 | 0.200858 | 0.194944 | 0.190907 | 0.177108,True,151,141,4,6,Wurtzite crystal structure / Zinc / Metallurgy,待主题范围审阅,NMF关键词主题,待主题范围审阅,151
N0160,159,Faraday efficiency | Reversible hydrogen electrode | Dendrite (mathematics) | Current collector | Electrochemical reduction of carbon dioxide | Capacity loss | Nickel | Plating (geology) | Stripping (fiber) | Solvation | Flow battery | Electrosynthesis | Overpotential | Ammonia production | Galvanic anode,https://openalex.org/keywords/faraday-efficiency | https://openalex.org/keywords/reversible-hydrogen-electrode | https://openalex.org/keywords/dendrite | https://openalex.org/keywords/current-collector | https://openalex.org/keywords/electrochemical-reduction-of-carbon-dioxide | https://openalex.org/keywords/capacity-loss | https://openalex.org/keywords/nickel | https://openalex.org/keywords/plating | https://openalex.org/keywords/stripping | https://openalex.org/keywords/solvation | https://openalex.org/keywords/flow-battery | https://openalex.org/keywords/electrosynthesis | https://openalex.org/keywords/overpotential | https://openalex.org/keywords/ammonia-production | https://openalex.org/keywords/galvanic-anode,11.8346 | 0.326724 | 0.225475 | 0.21996 | 0.19586 | 0.184365 | 0.17074 | 0.170656 | 0.168465 | 0.156157 | 0.155021 | 0.128106 | 0.122825 | 0.112677 | 0.0839187,True,384,276,19,89,Faraday efficiency / Reversible hydrogen electrode / Dendrite (mathematics),待主题范围审阅,NMF关键词主题,待主题范围审阅,386
N0161,160,Ternary operation | Ternary numeral system | Phase diagram | Chemical engineering | Ternary compound | Binary number | Carbide | Spinodal decomposition | Catalysis | Non-random two-liquid model | Visible spectrum | Activity coefficient | Composition (language) | Polymer | Surface plasmon resonance,https://openalex.org/keywords/ternary-operation | https://openalex.org/keywords/ternary-numeral-system | https://openalex.org/keywords/phase-diagram | https://openalex.org/keywords/chemical-engineering | https://openalex.org/keywords/ternary-compound | https://openalex.org/keywords/binary-number | https://openalex.org/keywords/carbide | https://openalex.org/keywords/spinodal-decomposition | https://openalex.org/keywords/catalysis | https://openalex.org/keywords/non-random-two-liquid-model | https://openalex.org/keywords/visible-spectrum | https://openalex.org/keywords/activity-coefficient | https://openalex.org/keywords/composition | https://openalex.org/keywords/polymer | https://openalex.org/keywords/surface-plasmon-resonance,12.5589 | 0.554852 | 0.320007 | 0.303106 | 0.191676 | 0.180022 | 0.139094 | 0.117458 | 0.112067 | 0.0994878 | 0.0929662 | 0.0861469 | 0.083972 | 0.0814863 | 0.0807451,True,268,191,40,37,Ternary operation / Ternary numeral system / Phase diagram,待主题范围审阅,NMF关键词主题,待主题范围审阅,268
N0162,161,China | Beijing | Industrial organization | International trade | East Asia | Economic system | Low-carbon economy | Panel data | Commerce | Pollution | Carbon market | Archaeology | Promotion (chess) | Air pollution | Rare earth,https://openalex.org/keywords/china | https://openalex.org/keywords/beijing | https://openalex.org/keywords/industrial-organization | https://openalex.org/keywords/international-trade | https://openalex.org/keywords/east-asia | https://openalex.org/keywords/economic-system | https://openalex.org/keywords/low-carbon-economy | https://openalex.org/keywords/panel-data | https://openalex.org/keywords/commerce | https://openalex.org/keywords/pollution | https://openalex.org/keywords/carbon-market | https://openalex.org/keywords/archaeology | https://openalex.org/keywords/promotion | https://openalex.org/keywords/air-pollution | https://openalex.org/keywords/rare-earth,12.381 | 0.692231 | 0.463052 | 0.447894 | 0.244954 | 0.239418 | 0.230506 | 0.227252 | 0.214445 | 0.20583 | 0.204005 | 0.200572 | 0.192128 | 0.189144 | 0.175925,True,357,264,51,42,China / Beijing / Industrial organization,待主题范围审阅,NMF关键词主题,待主题范围审阅,356
N0163,162,Dielectric | Permittivity | Dielectric loss | Composite material | Dielectric strength | Epoxy | Refractive index | Gate dielectric | Partial discharge | Dissipation factor | Optoelectronics | Relaxation (psychology) | High-κ dielectric | Polypropylene | Ferroelectricity,https://openalex.org/keywords/dielectric | https://openalex.org/keywords/permittivity | https://openalex.org/keywords/dielectric-loss | https://openalex.org/keywords/composite-material | https://openalex.org/keywords/dielectric-strength | https://openalex.org/keywords/epoxy | https://openalex.org/keywords/refractive-index | https://openalex.org/keywords/gate-dielectric | https://openalex.org/keywords/partial-discharge | https://openalex.org/keywords/dissipation-factor | https://openalex.org/keywords/optoelectronics | https://openalex.org/keywords/relaxation | https://openalex.org/keywords/high-κ-dielectric | https://openalex.org/keywords/polypropylene | https://openalex.org/keywords/ferroelectricity,11.0382 | 1.14965 | 1.106 | 1.03477 | 1.02578 | 0.737751 | 0.719841 | 0.660464 | 0.593309 | 0.537236 | 0.530362 | 0.497658 | 0.33983 | 0.320399 | 0.310577,True,312,260,9,43,Dielectric / Permittivity / Dielectric loss,待主题范围审阅,NMF关键词主题,待主题范围审阅,308
N0164,163,Formate | Inorganic chemistry | Chemistry | Electrochemical reduction of carbon dioxide | Formate dehydrogenase | Faraday efficiency | Methanol | Bicarbonate | Methyl formate | Carbon monoxide | Methane | Electrolysis | Water-gas shift reaction | Atomic physics | Copper,https://openalex.org/keywords/formate | https://openalex.org/keywords/inorganic-chemistry | https://openalex.org/keywords/chemistry | https://openalex.org/keywords/electrochemical-reduction-of-carbon-dioxide | https://openalex.org/keywords/formate-dehydrogenase | https://openalex.org/keywords/faraday-efficiency | https://openalex.org/keywords/methanol | https://openalex.org/keywords/bicarbonate | https://openalex.org/keywords/methyl-formate | https://openalex.org/keywords/carbon-monoxide | https://openalex.org/keywords/methane | https://openalex.org/keywords/electrolysis | https://openalex.org/keywords/water-gas-shift-reaction | https://openalex.org/keywords/atomic-physics | https://openalex.org/keywords/copper,9.26963 | 0.89796 | 0.804159 | 0.767272 | 0.749828 | 0.665026 | 0.601144 | 0.549259 | 0.510043 | 0.473252 | 0.408447 | 0.381006 | 0.353065 | 0.317434 | 0.307145,True,160,114,19,27,Formate / Inorganic chemistry / Chemistry,待主题范围审阅,NMF关键词主题,待主题范围审阅,162
N0165,164,Dissolution | Calcite | Aquifer | Brine | Carbonate | Groundwater | Permeability (electromagnetism) | Metallurgy | Saturation (graph theory) | Basalt | Sulfuric acid | Mineral | Chalcopyrite | Goethite | Chemistry,https://openalex.org/keywords/dissolution | https://openalex.org/keywords/calcite | https://openalex.org/keywords/aquifer | https://openalex.org/keywords/brine | https://openalex.org/keywords/carbonate | https://openalex.org/keywords/groundwater | https://openalex.org/keywords/permeability | https://openalex.org/keywords/metallurgy | https://openalex.org/keywords/saturation | https://openalex.org/keywords/basalt | https://openalex.org/keywords/sulfuric-acid | https://openalex.org/keywords/mineral | https://openalex.org/keywords/chalcopyrite | https://openalex.org/keywords/goethite | https://openalex.org/keywords/chemistry,12.0838 | 0.450698 | 0.351689 | 0.347428 | 0.328556 | 0.256016 | 0.242614 | 0.207495 | 0.205798 | 0.199404 | 0.196091 | 0.194379 | 0.172364 | 0.172334 | 0.170792,True,216,164,20,32,Dissolution / Calcite / Aquifer,待主题范围审阅,NMF关键词主题,待主题范围审阅,213
N0166,165,Thermal | Process engineering | Mechanical engineering | Thermal resistance | Thermal runaway | Photovoltaic thermal hybrid solar collector | Thermal efficiency | Combustion | Chemistry | Thermal insulation | TRNSYS | Thermal analysis | Parabolic trough | Thermal management of electronic devices and systems | Temperature cycling,https://openalex.org/keywords/thermal | https://openalex.org/keywords/process-engineering | https://openalex.org/keywords/mechanical-engineering | https://openalex.org/keywords/thermal-resistance | https://openalex.org/keywords/thermal-runaway | https://openalex.org/keywords/photovoltaic-thermal-hybrid-solar-collector | https://openalex.org/keywords/thermal-efficiency | https://openalex.org/keywords/combustion | https://openalex.org/keywords/chemistry | https://openalex.org/keywords/thermal-insulation | https://openalex.org/keywords/trnsys | https://openalex.org/keywords/thermal-analysis | https://openalex.org/keywords/parabolic-trough | https://openalex.org/keywords/thermal-management-of-electronic-devices-and-systems | https://openalex.org/keywords/temperature-cycling,10.1114 | 0.54679 | 0.520289 | 0.510559 | 0.455581 | 0.402844 | 0.36556 | 0.350341 | 0.323481 | 0.315336 | 0.304981 | 0.22268 | 0.221963 | 0.220204 | 0.193358,True,625,380,71,174,Thermal / Process engineering / Mechanical engineering,待主题范围审阅,NMF关键词主题,待主题范围审阅,621
N0167,166,Physics | Astrophysics | Astronomy | Optics | Quantum mechanics | Statistical physics | Classical mechanics | Dynamics (music) | Sunspot | Solar wind | Quantum electrodynamics | Solar flare | Detector | Cosmic ray | Particle physics,https://openalex.org/keywords/physics | https://openalex.org/keywords/astrophysics | https://openalex.org/keywords/astronomy | https://openalex.org/keywords/optics | https://openalex.org/keywords/quantum-mechanics | https://openalex.org/keywords/statistical-physics | https://openalex.org/keywords/classical-mechanics | https://openalex.org/keywords/dynamics | https://openalex.org/keywords/sunspot | https://openalex.org/keywords/solar-wind | https://openalex.org/keywords/quantum-electrodynamics | https://openalex.org/keywords/solar-flare | https://openalex.org/keywords/detector | https://openalex.org/keywords/cosmic-ray | https://openalex.org/keywords/particle-physics,11.6832 | 1.38661 | 0.824443 | 0.692028 | 0.660423 | 0.630637 | 0.462115 | 0.368423 | 0.321228 | 0.290825 | 0.239116 | 0.228684 | 0.206722 | 0.203214 | 0.186849,True,245,208,20,17,Physics / Astrophysics / Astronomy,待主题范围审阅,NMF关键词主题,待主题范围审阅,243
N0168,167,Transistor | Field-effect transistor | MOSFET | Threshold voltage | Thin-film transistor | Electron mobility | Organic field-effect transistor | Ambipolar diffusion | High-electron-mobility transistor | Contact resistance | Organic semiconductor | Subthreshold conduction | Channel (broadcasting) | Silicon on insulator | Organic electronics,https://openalex.org/keywords/transistor | https://openalex.org/keywords/field-effect-transistor | https://openalex.org/keywords/mosfet | https://openalex.org/keywords/threshold-voltage | https://openalex.org/keywords/thin-film-transistor | https://openalex.org/keywords/electron-mobility | https://openalex.org/keywords/organic-field-effect-transistor | https://openalex.org/keywords/ambipolar-diffusion | https://openalex.org/keywords/high-electron-mobility-transistor | https://openalex.org/keywords/contact-resistance | https://openalex.org/keywords/organic-semiconductor | https://openalex.org/keywords/subthreshold-conduction | https://openalex.org/keywords/channel | https://openalex.org/keywords/silicon-on-insulator | https://openalex.org/keywords/organic-electronics,9.17575 | 4.37782 | 2.38596 | 2.25522 | 1.60387 | 1.27173 | 1.27148 | 1.10449 | 0.876112 | 0.745887 | 0.731125 | 0.66972 | 0.604023 | 0.557086 | 0.556372,True,390,359,8,23,Transistor / Field-effect transistor / MOSFET,待主题范围审阅,NMF关键词主题,待主题范围审阅,385
N0169,168,Biology | Bacteria | Microbiology | Ecology | Biochemistry | Botany | Gene | Genetics | Cell biology | Food science | Computational biology | Microbial population biology | Agronomy | Methanogenesis | Microorganism,https://openalex.org/keywords/biology | https://openalex.org/keywords/bacteria | https://openalex.org/keywords/microbiology | https://openalex.org/keywords/ecology | https://openalex.org/keywords/biochemistry | https://openalex.org/keywords/botany | https://openalex.org/keywords/gene | https://openalex.org/keywords/genetics | https://openalex.org/keywords/cell-biology | https://openalex.org/keywords/food-science | https://openalex.org/keywords/computational-biology | https://openalex.org/keywords/microbial-population-biology | https://openalex.org/keywords/agronomy | https://openalex.org/keywords/methanogenesis | https://openalex.org/keywords/microorganism,7.34699 | 2.26312 | 1.61697 | 1.49919 | 1.47358 | 1.39196 | 1.32409 | 1.1528 | 1.12298 | 0.903648 | 0.783939 | 0.779977 | 0.765264 | 0.749393 | 0.741307,True,672,556,48,68,Biology / Bacteria / Microbiology,待主题范围审阅,NMF关键词主题,待主题范围审阅,669
N0170,169,Bimetallic strip | Catalysis | Inorganic chemistry | Chronoamperometry | Bimetal | Palladium | Chemical engineering | Synergistic catalysis | Cyclic voltammetry | Nanoclusters | Oxygen reduction | Phosphide | Oxygen reduction reaction | Galvanic cell | Alloy,https://openalex.org/keywords/bimetallic-strip | https://openalex.org/keywords/catalysis | https://openalex.org/keywords/inorganic-chemistry | https://openalex.org/keywords/chronoamperometry | https://openalex.org/keywords/bimetal | https://openalex.org/keywords/palladium | https://openalex.org/keywords/chemical-engineering | https://openalex.org/keywords/synergistic-catalysis | https://openalex.org/keywords/cyclic-voltammetry | https://openalex.org/keywords/nanoclusters | https://openalex.org/keywords/oxygen-reduction | https://openalex.org/keywords/phosphide | https://openalex.org/keywords/oxygen-reduction-reaction | https://openalex.org/keywords/galvanic-cell | https://openalex.org/keywords/alloy,11.2126 | 2.2917 | 0.607913 | 0.236476 | 0.201606 | 0.197566 | 0.194012 | 0.18333 | 0.1792 | 0.165485 | 0.152306 | 0.147549 | 0.135875 | 0.129857 | 0.108818,True,396,284,41,71,Bimetallic strip / Catalysis / Inorganic chemistry,待主题范围审阅,NMF关键词主题,待主题范围审阅,391
N0171,170,Nanosheet | Nanotechnology | Chemical engineering | Molybdenum disulfide | Titanate | Graphene foam | Prussian blue | Layered double hydroxides | Boron nitride | FOIL method | Exfoliation joint | Sulfide | Cobalt sulfide | Graphitic carbon nitride | Hybrid material,https://openalex.org/keywords/nanosheet | https://openalex.org/keywords/nanotechnology | https://openalex.org/keywords/chemical-engineering | https://openalex.org/keywords/molybdenum-disulfide | https://openalex.org/keywords/titanate | https://openalex.org/keywords/graphene-foam | https://openalex.org/keywords/prussian-blue | https://openalex.org/keywords/layered-double-hydroxides | https://openalex.org/keywords/boron-nitride | https://openalex.org/keywords/foil-method | https://openalex.org/keywords/exfoliation-joint | https://openalex.org/keywords/sulfide | https://openalex.org/keywords/cobalt-sulfide | https://openalex.org/keywords/graphitic-carbon-nitride | https://openalex.org/keywords/hybrid-material,10.5096 | 0.71985 | 0.275761 | 0.169724 | 0.0870272 | 0.0836843 | 0.0816019 | 0.0812595 | 0.080043 | 0.0792848 | 0.0775565 | 0.0718672 | 0.0600855 | 0.0551478 | 0.0537651,True,341,277,39,25,Nanosheet / Nanotechnology / Chemical engineering,待主题范围审阅,NMF关键词主题,待主题范围审阅,342
N0172,171,Thermal energy storage | Phase-change material | Latent heat | Phase change | Thermal energy | Heat transfer | Paraffin wax | Storage tank | Wax | Supercooling | Nuclear engineering | Sensible heat | Fin | Concentrated solar power | Melting point,https://openalex.org/keywords/thermal-energy-storage | https://openalex.org/keywords/phase-change-material | https://openalex.org/keywords/latent-heat | https://openalex.org/keywords/phase-change | https://openalex.org/keywords/thermal-energy | https://openalex.org/keywords/heat-transfer | https://openalex.org/keywords/paraffin-wax | https://openalex.org/keywords/storage-tank | https://openalex.org/keywords/wax | https://openalex.org/keywords/supercooling | https://openalex.org/keywords/nuclear-engineering | https://openalex.org/keywords/sensible-heat | https://openalex.org/keywords/fin | https://openalex.org/keywords/concentrated-solar-power | https://openalex.org/keywords/melting-point,8.19055 | 6.12194 | 2.93092 | 2.49102 | 1.02455 | 0.83678 | 0.644738 | 0.341532 | 0.318813 | 0.307812 | 0.292724 | 0.284096 | 0.282908 | 0.268858 | 0.255998,True,559,397,70,92,Thermal energy storage / Phase-change material / Latent heat,待主题范围审阅,NMF关键词主题,待主题范围审阅,558
N0173,172,Geography | Forestry | Agroforestry | Ecology | Agriculture | Agricultural economics | Archaeology | Remote sensing | Population | Environmental protection | History | Regional science | Socioeconomics | Forest management | Logging,https://openalex.org/keywords/geography | https://openalex.org/keywords/forestry | https://openalex.org/keywords/agroforestry | https://openalex.org/keywords/ecology | https://openalex.org/keywords/agriculture | https://openalex.org/keywords/agricultural-economics | https://openalex.org/keywords/archaeology | https://openalex.org/keywords/remote-sensing | https://openalex.org/keywords/population | https://openalex.org/keywords/environmental-protection | https://openalex.org/keywords/history | https://openalex.org/keywords/regional-science | https://openalex.org/keywords/socioeconomics | https://openalex.org/keywords/forest-management | https://openalex.org/keywords/logging,10.0688 | 1.92782 | 1.0817 | 0.67419 | 0.660203 | 0.535313 | 0.534777 | 0.499291 | 0.495731 | 0.478859 | 0.452875 | 0.421222 | 0.396053 | 0.395091 | 0.388908,True,358,309,24,25,Geography / Forestry / Agroforestry,待主题范围审阅,NMF关键词主题,待主题范围审阅,358
N0174,173,Substrate (aquarium) | FOIL method | Waveguide | Sapphire | Nanotechnology | Scanning tunneling microscope | Pulsed laser deposition | Bimetallic strip | Anti-reflective coating | Optics | Analytical Chemistry (journal) | Polyethylene terephthalate | Electrophoretic deposition | Detection limit | Molecular beam epitaxy,https://openalex.org/keywords/substrate | https://openalex.org/keywords/foil-method | https://openalex.org/keywords/waveguide | https://openalex.org/keywords/sapphire | https://openalex.org/keywords/nanotechnology | https://openalex.org/keywords/scanning-tunneling-microscope | https://openalex.org/keywords/pulsed-laser-deposition | https://openalex.org/keywords/bimetallic-strip | https://openalex.org/keywords/anti-reflective-coating | https://openalex.org/keywords/optics | https://openalex.org/keywords/analytical-chemistry | https://openalex.org/keywords/polyethylene-terephthalate | https://openalex.org/keywords/electrophoretic-deposition | https://openalex.org/keywords/detection-limit | https://openalex.org/keywords/molecular-beam-epitaxy,12.865 | 0.182284 | 0.179088 | 0.160832 | 0.139317 | 0.135723 | 0.128157 | 0.117603 | 0.116523 | 0.0752892 | 0.0752414 | 0.0739266 | 0.0710722 | 0.0685212 | 0.0671256,True,93,82,6,5,Substrate (aquarium) / FOIL method / Waveguide,待主题范围审阅,NMF关键词主题,待主题范围审阅,92
N0175,174,Passivation | Carrier lifetime | Common emitter | Plasma-enhanced chemical vapor deposition | Chemical engineering | Silicon nitride | Dangling bond | Light-emitting diode | Lone pair | High-electron-mobility transistor | Quantum efficiency | Oxide thin-film transistor | Nanotechnology | Lewis acids and bases | Galvanic anode,https://openalex.org/keywords/passivation | https://openalex.org/keywords/carrier-lifetime | https://openalex.org/keywords/common-emitter | https://openalex.org/keywords/plasma-enhanced-chemical-vapor-deposition | https://openalex.org/keywords/chemical-engineering | https://openalex.org/keywords/silicon-nitride | https://openalex.org/keywords/dangling-bond | https://openalex.org/keywords/light-emitting-diode | https://openalex.org/keywords/lone-pair | https://openalex.org/keywords/high-electron-mobility-transistor | https://openalex.org/keywords/quantum-efficiency | https://openalex.org/keywords/oxide-thin-film-transistor | https://openalex.org/keywords/nanotechnology | https://openalex.org/keywords/lewis-acids-and-bases | https://openalex.org/keywords/galvanic-anode,13.2425 | 0.537979 | 0.48273 | 0.3446 | 0.290856 | 0.247747 | 0.234468 | 0.134982 | 0.113288 | 0.109333 | 0.10425 | 0.10282 | 0.0987194 | 0.0936264 | 0.0905278,True,306,228,29,49,Passivation / Carrier lifetime / Common emitter,待主题范围审阅,NMF关键词主题,待主题范围审阅,305
N0176,175,Dopant | Inorganic chemistry | Ionic radius | Band gap | Fermi level | Chemical physics | Phosphorescence | Sheet resistance | Electron paramagnetic resonance | Nanotechnology | Tetracyanoquinodimethane | Crystallographic defect | Cerium | Absorption edge | Valence (chemistry),https://openalex.org/keywords/dopant | https://openalex.org/keywords/inorganic-chemistry | https://openalex.org/keywords/ionic-radius | https://openalex.org/keywords/band-gap | https://openalex.org/keywords/fermi-level | https://openalex.org/keywords/chemical-physics | https://openalex.org/keywords/phosphorescence | https://openalex.org/keywords/sheet-resistance | https://openalex.org/keywords/electron-paramagnetic-resonance | https://openalex.org/keywords/nanotechnology | https://openalex.org/keywords/tetracyanoquinodimethane | https://openalex.org/keywords/crystallographic-defect | https://openalex.org/keywords/cerium | https://openalex.org/keywords/absorption-edge | https://openalex.org/keywords/valence,12.2962 | 0.240387 | 0.177738 | 0.135883 | 0.11331 | 0.104734 | 0.0938113 | 0.092066 | 0.0773419 | 0.0726321 | 0.0714301 | 0.0689363 | 0.0671419 | 0.0652311 | 0.0631595,True,245,212,13,20,Dopant / Inorganic chemistry / Ionic radius,待主题范围审阅,NMF关键词主题,待主题范围审阅,239
N0177,176,Ceramic | Sintering | Composite material | Metallurgy | Titanate | Ceramic membrane | Flexural strength | Fracture toughness | Cermet | Ceramic matrix composite | Mullite | Glass-ceramic | Blanket | MAX phases | Silicon nitride,https://openalex.org/keywords/ceramic | https://openalex.org/keywords/sintering | https://openalex.org/keywords/composite-material | https://openalex.org/keywords/metallurgy | https://openalex.org/keywords/titanate | https://openalex.org/keywords/ceramic-membrane | https://openalex.org/keywords/flexural-strength | https://openalex.org/keywords/fracture-toughness | https://openalex.org/keywords/cermet | https://openalex.org/keywords/ceramic-matrix-composite | https://openalex.org/keywords/mullite | https://openalex.org/keywords/glass-ceramic | https://openalex.org/keywords/blanket | https://openalex.org/keywords/max-phases | https://openalex.org/keywords/silicon-nitride,10.335 | 2.41172 | 1.0081 | 0.596255 | 0.531726 | 0.524782 | 0.424138 | 0.345475 | 0.322113 | 0.311167 | 0.26392 | 0.263238 | 0.245369 | 0.241043 | 0.22957,True,270,217,24,29,Ceramic / Sintering / Composite material,待主题范围审阅,NMF关键词主题,待主题范围审阅,272
N0178,177,Layer (electronics) | Scheduling (production processes) | Atomic layer deposition | Active layer | Buffer (optical fiber) | Schedule | Dopant | Layer by layer | Operations management | Surface layer | Bilayer | Operations research | Double layer (biology) | Polyimide | Photoactive layer,https://openalex.org/keywords/layer | https://openalex.org/keywords/scheduling | https://openalex.org/keywords/atomic-layer-deposition | https://openalex.org/keywords/active-layer | https://openalex.org/keywords/buffer | https://openalex.org/keywords/schedule | https://openalex.org/keywords/dopant | https://openalex.org/keywords/layer-by-layer | https://openalex.org/keywords/operations-management | https://openalex.org/keywords/surface-layer | https://openalex.org/keywords/bilayer | https://openalex.org/keywords/operations-research | https://openalex.org/keywords/double-layer | https://openalex.org/keywords/polyimide | https://openalex.org/keywords/photoactive-layer,12.2252 | 2.88813 | 1.82765 | 1.22236 | 0.957698 | 0.612863 | 0.612795 | 0.584426 | 0.454844 | 0.41424 | 0.301753 | 0.294437 | 0.206522 | 0.198409 | 0.182166,True,63,43,8,12,Layer (electronics) / Scheduling (production processes) / Atomic layer deposition,待主题范围审阅,NMF关键词主题,待主题范围审阅,63
N0179,178,Coal | Coke | Halide | Coal gasification | Coal mining | Bituminous coal | Coal combustion products | Fly ash | Wood gas generator | Anthracite | Mining engineering | Pulverized coal-fired boiler | Coal tar | Petroleum coke | Chemical engineering,https://openalex.org/keywords/coal | https://openalex.org/keywords/coke | https://openalex.org/keywords/halide | https://openalex.org/keywords/coal-gasification | https://openalex.org/keywords/coal-mining | https://openalex.org/keywords/bituminous-coal | https://openalex.org/keywords/coal-combustion-products | https://openalex.org/keywords/fly-ash | https://openalex.org/keywords/wood-gas-generator | https://openalex.org/keywords/anthracite | https://openalex.org/keywords/mining-engineering | https://openalex.org/keywords/pulverized-coal-fired-boiler | https://openalex.org/keywords/coal-tar | https://openalex.org/keywords/petroleum-coke | https://openalex.org/keywords/chemical-engineering,9.66031 | 0.856052 | 0.850355 | 0.822339 | 0.798051 | 0.731264 | 0.504698 | 0.496929 | 0.467044 | 0.446631 | 0.384031 | 0.350199 | 0.321823 | 0.291554 | 0.272753,True,370,300,33,37,Coal / Coke / Halide,待主题范围审阅,NMF关键词主题,待主题范围审阅,376
N0180,179,Nanomaterials | Nanotechnology | Photothermal therapy | Energy transformation | Nanoscopic scale | Nanomaterial-based catalyst | Environmentally friendly | Environmental remediation | Antibacterial activity | Black phosphorus | Biosensor | Photothermal effect | Biocompatibility | Dispersity | Noble metal,https://openalex.org/keywords/nanomaterials | https://openalex.org/keywords/nanotechnology | https://openalex.org/keywords/photothermal-therapy | https://openalex.org/keywords/energy-transformation | https://openalex.org/keywords/nanoscopic-scale | https://openalex.org/keywords/nanomaterial-based-catalyst | https://openalex.org/keywords/environmentally-friendly | https://openalex.org/keywords/environmental-remediation | https://openalex.org/keywords/antibacterial-activity | https://openalex.org/keywords/black-phosphorus | https://openalex.org/keywords/biosensor | https://openalex.org/keywords/photothermal-effect | https://openalex.org/keywords/biocompatibility | https://openalex.org/keywords/dispersity | https://openalex.org/keywords/noble-metal,11.7806 | 2.53569 | 0.334944 | 0.166737 | 0.150984 | 0.149638 | 0.14732 | 0.137835 | 0.136806 | 0.131213 | 0.128527 | 0.115094 | 0.115008 | 0.109217 | 0.106409,True,237,180,25,32,Nanomaterials / Nanotechnology / Photothermal therapy,待主题范围审阅,NMF关键词主题,待主题范围审阅,235
N0181,180,Torque | Induction motor | Direct torque control | Vector control | Torque ripple | Control engineering | Switched reluctance motor | Powertrain | Torque motor | Stall torque | Electronic speed control | Electric motor | Stator | Motor drive | Flux linkage,https://openalex.org/keywords/torque | https://openalex.org/keywords/induction-motor | https://openalex.org/keywords/direct-torque-control | https://openalex.org/keywords/vector-control | https://openalex.org/keywords/torque-ripple | https://openalex.org/keywords/control-engineering | https://openalex.org/keywords/switched-reluctance-motor | https://openalex.org/keywords/powertrain | https://openalex.org/keywords/torque-motor | https://openalex.org/keywords/stall-torque | https://openalex.org/keywords/electronic-speed-control | https://openalex.org/keywords/electric-motor | https://openalex.org/keywords/stator | https://openalex.org/keywords/motor-drive | https://openalex.org/keywords/flux-linkage,6.10605 | 4.94027 | 3.613 | 2.47486 | 1.48835 | 0.930606 | 0.888586 | 0.712007 | 0.661206 | 0.616595 | 0.561304 | 0.440676 | 0.434814 | 0.413397 | 0.383443,True,408,351,21,36,Torque / Induction motor / Direct torque control,待主题范围审阅,NMF关键词主题,待主题范围审阅,404
N0182,181,Magnetic field | Magnetization | Magnetic flux | Nuclear magnetic resonance | Magnetic reconnection | Magnetohydrodynamics | Computational physics | Field (mathematics) | Superparamagnetism | Magnetic nanoparticles | Magnetic energy | Electromagnetic field | Magnetohydrodynamic drive | Current sheet | Sunspot,https://openalex.org/keywords/magnetic-field | https://openalex.org/keywords/magnetization | https://openalex.org/keywords/magnetic-flux | https://openalex.org/keywords/nuclear-magnetic-resonance | https://openalex.org/keywords/magnetic-reconnection | https://openalex.org/keywords/magnetohydrodynamics | https://openalex.org/keywords/computational-physics | https://openalex.org/keywords/field | https://openalex.org/keywords/superparamagnetism | https://openalex.org/keywords/magnetic-nanoparticles | https://openalex.org/keywords/magnetic-energy | https://openalex.org/keywords/electromagnetic-field | https://openalex.org/keywords/magnetohydrodynamic-drive | https://openalex.org/keywords/current-sheet | https://openalex.org/keywords/sunspot,9.41567 | 1.49672 | 1.35539 | 1.1429 | 1.12482 | 0.981516 | 0.861682 | 0.794501 | 0.649196 | 0.548527 | 0.500772 | 0.489809 | 0.473366 | 0.46535 | 0.452574,True,240,204,11,25,Magnetic field / Magnetization / Magnetic flux,待主题范围审阅,NMF关键词主题,待主题范围审阅,236
N0183,182,Zinc | Zinc sulfide | Sulfide | Galvanic anode | Metallurgy | Zinc nitrate | Zinc ferrite | Smart grid | Zinc selenide | Dendrite (mathematics) | Zinc hydroxide | Chloride | Alkaline battery | Cadmium sulfide | Chemical bath deposition,https://openalex.org/keywords/zinc | https://openalex.org/keywords/zinc-sulfide | https://openalex.org/keywords/sulfide | https://openalex.org/keywords/galvanic-anode | https://openalex.org/keywords/metallurgy | https://openalex.org/keywords/zinc-nitrate | https://openalex.org/keywords/zinc-ferrite | https://openalex.org/keywords/smart-grid | https://openalex.org/keywords/zinc-selenide | https://openalex.org/keywords/dendrite | https://openalex.org/keywords/zinc-hydroxide | https://openalex.org/keywords/chloride | https://openalex.org/keywords/alkaline-battery | https://openalex.org/keywords/cadmium-sulfide | https://openalex.org/keywords/chemical-bath-deposition,9.72858 | 1.24034 | 0.750094 | 0.38414 | 0.316336 | 0.28567 | 0.260276 | 0.235101 | 0.206716 | 0.194004 | 0.17305 | 0.152112 | 0.137366 | 0.136634 | 0.134127,True,420,264,67,89,Zinc / Zinc sulfide / Sulfide,待主题范围审阅,NMF关键词主题,待主题范围审阅,444
N0184,183,Sorption | Sorbent | Chemistry | Ion exchange | Metal ions in aqueous solution | Chemical engineering | Nuclear chemistry | Organic chemistry | Biosorption | Desorption | Ion-exchange resin | Steam reforming | Phosphate | Uranyl | Uranium,https://openalex.org/keywords/sorption | https://openalex.org/keywords/sorbent | https://openalex.org/keywords/chemistry | https://openalex.org/keywords/ion-exchange | https://openalex.org/keywords/metal-ions-in-aqueous-solution | https://openalex.org/keywords/chemical-engineering | https://openalex.org/keywords/nuclear-chemistry | https://openalex.org/keywords/organic-chemistry | https://openalex.org/keywords/biosorption | https://openalex.org/keywords/desorption | https://openalex.org/keywords/ion-exchange-resin | https://openalex.org/keywords/steam-reforming | https://openalex.org/keywords/phosphate | https://openalex.org/keywords/uranyl | https://openalex.org/keywords/uranium,9.91633 | 3.0842 | 1.09527 | 0.637119 | 0.5756 | 0.496728 | 0.411001 | 0.302023 | 0.254254 | 0.21168 | 0.205377 | 0.202928 | 0.196391 | 0.195397 | 0.194066,True,315,274,17,24,Sorption / Sorbent / Chemistry,待主题范围审阅,NMF关键词主题,待主题范围审阅,311
N0185,184,Microstructure | Methane | Chemical engineering | Elongation | Coercivity | Nanosheet | Visible spectrum | Texture (cosmology) | Recrystallization (geology) | Lamellar structure | Electron backscatter diffraction | Morphology (biology) | Steam reforming | Remanence | Extrusion,https://openalex.org/keywords/microstructure | https://openalex.org/keywords/methane | https://openalex.org/keywords/chemical-engineering | https://openalex.org/keywords/elongation | https://openalex.org/keywords/coercivity | https://openalex.org/keywords/nanosheet | https://openalex.org/keywords/visible-spectrum | https://openalex.org/keywords/texture | https://openalex.org/keywords/recrystallization | https://openalex.org/keywords/lamellar-structure | https://openalex.org/keywords/electron-backscatter-diffraction | https://openalex.org/keywords/morphology | https://openalex.org/keywords/steam-reforming | https://openalex.org/keywords/remanence | https://openalex.org/keywords/extrusion,10.0268 | 0.910026 | 0.290871 | 0.284227 | 0.238662 | 0.229086 | 0.185057 | 0.162005 | 0.160984 | 0.159339 | 0.133818 | 0.121838 | 0.117024 | 0.11407 | 0.100584,True,178,127,19,32,Microstructure / Methane / Chemical engineering,待主题范围审阅,NMF关键词主题,待主题范围审阅,211
N0186,185,Field (mathematics) | Electromagnetic field | Mathematics | Management science | Data science | Heliostat | Dynamics (music) | Field-effect transistor | Engineering ethics | Boundary (topology) | Field electron emission | RADIUS | Electric field | Boundary value problem | Quantum mechanics,https://openalex.org/keywords/field | https://openalex.org/keywords/electromagnetic-field | https://openalex.org/keywords/mathematics | https://openalex.org/keywords/management-science | https://openalex.org/keywords/data-science | https://openalex.org/keywords/heliostat | https://openalex.org/keywords/dynamics | https://openalex.org/keywords/field-effect-transistor | https://openalex.org/keywords/engineering-ethics | https://openalex.org/keywords/boundary | https://openalex.org/keywords/field-electron-emission | https://openalex.org/keywords/radius | https://openalex.org/keywords/electric-field | https://openalex.org/keywords/boundary-value-problem | https://openalex.org/keywords/quantum-mechanics,9.44145 | 0.518799 | 0.339194 | 0.180188 | 0.159529 | 0.150247 | 0.147953 | 0.140214 | 0.130659 | 0.111772 | 0.106681 | 0.0995915 | 0.0900189 | 0.0878057 | 0.077915,True,367,252,35,80,Field (mathematics) / Electromagnetic field / Mathematics,待主题范围审阅,NMF关键词主题,待主题范围审阅,365
N0187,186,Borehole | Geothermal gradient | Geothermal energy | Geothermal heating | Heat exchanger | Geotechnical engineering | Chemistry | Geophysics | Thermodynamics | Environmental engineering | Geothermal exploration | Volumetric flow rate | Enthalpy | Electrolysis | Groundwater flow,https://openalex.org/keywords/borehole | https://openalex.org/keywords/geothermal-gradient | https://openalex.org/keywords/geothermal-energy | https://openalex.org/keywords/geothermal-heating | https://openalex.org/keywords/heat-exchanger | https://openalex.org/keywords/geotechnical-engineering | https://openalex.org/keywords/chemistry | https://openalex.org/keywords/geophysics | https://openalex.org/keywords/thermodynamics | https://openalex.org/keywords/environmental-engineering | https://openalex.org/keywords/geothermal-exploration | https://openalex.org/keywords/volumetric-flow-rate | https://openalex.org/keywords/enthalpy | https://openalex.org/keywords/electrolysis | https://openalex.org/keywords/groundwater-flow,5.37059 | 3.55446 | 3.03366 | 1.76805 | 1.51103 | 0.831572 | 0.740048 | 0.573982 | 0.461731 | 0.443676 | 0.305271 | 0.257358 | 0.254301 | 0.251613 | 0.243423,True,125,106,7,12,Borehole / Geothermal gradient / Geothermal energy,待主题范围审阅,NMF关键词主题,待主题范围审阅,113
N0188,187,MATLAB | Control engineering | AC power | Software | Induction generator | Toolbox | DSPACE | Modeling and simulation | Three-phase | Electric power system | Electronic engineering | DC motor | Doubly fed electric machine | Engineering | Graphical user interface,https://openalex.org/keywords/matlab | https://openalex.org/keywords/control-engineering | https://openalex.org/keywords/ac-power | https://openalex.org/keywords/software | https://openalex.org/keywords/induction-generator | https://openalex.org/keywords/toolbox | https://openalex.org/keywords/dspace | https://openalex.org/keywords/modeling-and-simulation | https://openalex.org/keywords/three-phase | https://openalex.org/keywords/electric-power-system | https://openalex.org/keywords/electronic-engineering | https://openalex.org/keywords/dc-motor | https://openalex.org/keywords/doubly-fed-electric-machine | https://openalex.org/keywords/engineering | https://openalex.org/keywords/graphical-user-interface,10.8877 | 0.656429 | 0.46025 | 0.297911 | 0.25012 | 0.237321 | 0.180663 | 0.153087 | 0.135907 | 0.133377 | 0.129541 | 0.129103 | 0.119199 | 0.117761 | 0.11585,True,188,170,11,7,MATLAB / Control engineering / AC power,待主题范围审阅,NMF关键词主题,待主题范围审阅,184
N0189,188,Computer security | Cyber-physical system | Internet of Things | SCADA | Internet privacy | Critical infrastructure | The Internet | Vulnerability (computing) | Resilience (materials science) | Smart grid | Cloud computing | Denial-of-service attack | Intrusion detection system | Blockchain | Authentication (law),https://openalex.org/keywords/computer-security | https://openalex.org/keywords/cyber-physical-system | https://openalex.org/keywords/internet-of-things | https://openalex.org/keywords/scada | https://openalex.org/keywords/internet-privacy | https://openalex.org/keywords/critical-infrastructure | https://openalex.org/keywords/the-internet | https://openalex.org/keywords/vulnerability | https://openalex.org/keywords/resilience | https://openalex.org/keywords/smart-grid | https://openalex.org/keywords/cloud-computing | https://openalex.org/keywords/denial-of-service-attack | https://openalex.org/keywords/intrusion-detection-system | https://openalex.org/keywords/blockchain | https://openalex.org/keywords/authentication,9.83016 | 2.43492 | 1.31441 | 1.16697 | 1.11109 | 0.87279 | 0.844246 | 0.812714 | 0.61777 | 0.606639 | 0.512943 | 0.501217 | 0.494483 | 0.489219 | 0.486126,True,371,248,53,70,Computer security / Cyber-physical system / Internet of Things,待主题范围审阅,NMF关键词主题,待主题范围审阅,370
N0190,189,Fourier transform infrared spectroscopy | Diffuse reflectance infrared fourier transform | Infrared spectroscopy | Infrared | Dielectric spectroscopy | Chemistry | Zeta potential | Attenuated total reflection | Polystyrene | Electrolysis | Fourier transform | Spectroscopy | Grafting | Dissolution | Vinyl alcohol,https://openalex.org/keywords/fourier-transform-infrared-spectroscopy | https://openalex.org/keywords/diffuse-reflectance-infrared-fourier-transform | https://openalex.org/keywords/infrared-spectroscopy | https://openalex.org/keywords/infrared | https://openalex.org/keywords/dielectric-spectroscopy | https://openalex.org/keywords/chemistry | https://openalex.org/keywords/zeta-potential | https://openalex.org/keywords/attenuated-total-reflection | https://openalex.org/keywords/polystyrene | https://openalex.org/keywords/electrolysis | https://openalex.org/keywords/fourier-transform | https://openalex.org/keywords/spectroscopy | https://openalex.org/keywords/grafting | https://openalex.org/keywords/dissolution | https://openalex.org/keywords/vinyl-alcohol,10.2961 | 0.753498 | 0.65174 | 0.361805 | 0.278946 | 0.192754 | 0.186556 | 0.184322 | 0.129854 | 0.129337 | 0.113905 | 0.105497 | 0.103146 | 0.0987606 | 0.0976955,True,269,247,13,9,Fourier transform infrared spectroscopy / Diffuse reflectance infrared fourier transform / Infrared spectroscopy,待主题范围审阅,NMF关键词主题,待主题范围审阅,266
N0191,190,Electric vehicle | Charging station | Driving range | Battery electric vehicle | Driving cycle | Plug-in | Electric cars | Vehicle-to-grid | Powertrain | Electric-vehicle battery | Transport engineering | Hybrid vehicle | MATLAB | Battery charger | News aggregator,https://openalex.org/keywords/electric-vehicle | https://openalex.org/keywords/charging-station | https://openalex.org/keywords/driving-range | https://openalex.org/keywords/battery-electric-vehicle | https://openalex.org/keywords/driving-cycle | https://openalex.org/keywords/plug-in | https://openalex.org/keywords/electric-cars | https://openalex.org/keywords/vehicle-to-grid | https://openalex.org/keywords/powertrain | https://openalex.org/keywords/electric-vehicle-battery | https://openalex.org/keywords/transport-engineering | https://openalex.org/keywords/hybrid-vehicle | https://openalex.org/keywords/matlab | https://openalex.org/keywords/battery-charger | https://openalex.org/keywords/news-aggregator,10.3724 | 1.47701 | 0.848472 | 0.843562 | 0.685325 | 0.500509 | 0.44099 | 0.411747 | 0.282814 | 0.23395 | 0.233315 | 0.221775 | 0.193028 | 0.191713 | 0.185626,True,394,244,59,91,Electric vehicle / Charging station / Driving range,待主题范围审阅,NMF关键词主题,待主题范围审阅,391
N0192,191,Natural gas | Natural (archaeology) | Waste management | Liquefied natural gas | Methane | Power to gas | Renewable natural gas | Pipeline (software) | Natural gas prices | Pipeline transport | Fuel gas | Substitute natural gas | Compressed natural gas | Oil and natural gas | Liquefaction,https://openalex.org/keywords/natural-gas | https://openalex.org/keywords/natural | https://openalex.org/keywords/waste-management | https://openalex.org/keywords/liquefied-natural-gas | https://openalex.org/keywords/methane | https://openalex.org/keywords/power-to-gas | https://openalex.org/keywords/renewable-natural-gas | https://openalex.org/keywords/pipeline | https://openalex.org/keywords/natural-gas-prices | https://openalex.org/keywords/pipeline-transport | https://openalex.org/keywords/fuel-gas | https://openalex.org/keywords/substitute-natural-gas | https://openalex.org/keywords/compressed-natural-gas | https://openalex.org/keywords/oil-and-natural-gas | https://openalex.org/keywords/liquefaction,9.55485 | 2.79068 | 1.60678 | 1.47385 | 0.712766 | 0.496523 | 0.472952 | 0.453883 | 0.449116 | 0.378915 | 0.337794 | 0.311643 | 0.263609 | 0.25241 | 0.242451,True,366,300,26,40,Natural gas / Natural (archaeology) / Waste management,待主题范围审阅,NMF关键词主题,待主题范围审阅,367
N0193,192,Robustness (evolution) | Control engineering | Robust control | Control system | Sliding mode control | Control theory (sociology) | Parametric statistics | Nonlinear system | Estimator | Kalman filter | Active disturbance rejection control | Robust optimization | Passivity | Lyapunov function | Lyapunov stability,https://openalex.org/keywords/robustness | https://openalex.org/keywords/control-engineering | https://openalex.org/keywords/robust-control | https://openalex.org/keywords/control-system | https://openalex.org/keywords/sliding-mode-control | https://openalex.org/keywords/control-theory | https://openalex.org/keywords/parametric-statistics | https://openalex.org/keywords/nonlinear-system | https://openalex.org/keywords/estimator | https://openalex.org/keywords/kalman-filter | https://openalex.org/keywords/active-disturbance-rejection-control | https://openalex.org/keywords/robust-optimization | https://openalex.org/keywords/passivity | https://openalex.org/keywords/lyapunov-function | https://openalex.org/keywords/lyapunov-stability,11.1254 | 0.925444 | 0.715036 | 0.514103 | 0.470259 | 0.353475 | 0.272598 | 0.240538 | 0.239538 | 0.234369 | 0.216688 | 0.213789 | 0.176432 | 0.141391 | 0.133069,True,465,279,29,157,Robustness (evolution) / Control engineering / Robust control,待主题范围审阅,NMF关键词主题,待主题范围审阅,465
N0194,193,Extraction (chemistry) | Chromatography | Stripping (fiber) | Solvent extraction | Diluent | Aqueous two-phase system | Hydrochloric acid | Nitric acid | Solid phase extraction | Phosphoric acid | Uranium | Liquid–liquid extraction | Detection limit | Lanthanide | Emulsion,https://openalex.org/keywords/extraction | https://openalex.org/keywords/chromatography | https://openalex.org/keywords/stripping | https://openalex.org/keywords/solvent-extraction | https://openalex.org/keywords/diluent | https://openalex.org/keywords/aqueous-two-phase-system | https://openalex.org/keywords/hydrochloric-acid | https://openalex.org/keywords/nitric-acid | https://openalex.org/keywords/solid-phase-extraction | https://openalex.org/keywords/phosphoric-acid | https://openalex.org/keywords/uranium | https://openalex.org/keywords/liquid–liquid-extraction | https://openalex.org/keywords/detection-limit | https://openalex.org/keywords/lanthanide | https://openalex.org/keywords/emulsion,9.81279 | 3.1468 | 1.16496 | 0.912127 | 0.878328 | 0.856061 | 0.676201 | 0.556782 | 0.514702 | 0.509072 | 0.482763 | 0.468552 | 0.458328 | 0.399776 | 0.381542,True,426,349,29,48,Extraction (chemistry) / Chromatography / Stripping (fiber),待主题范围审阅,NMF关键词主题,待主题范围审阅,423
N0195,194,Offshore wind power | Submarine pipeline | Marine engineering | Oceanography | Mooring | Geotechnical engineering | Spar | Shore | Sea breeze | Hull | Wind wave | Engineering | Structural engineering | Foundation (evidence) | Catenary,https://openalex.org/keywords/offshore-wind-power | https://openalex.org/keywords/submarine-pipeline | https://openalex.org/keywords/marine-engineering | https://openalex.org/keywords/oceanography | https://openalex.org/keywords/mooring | https://openalex.org/keywords/geotechnical-engineering | https://openalex.org/keywords/spar | https://openalex.org/keywords/shore | https://openalex.org/keywords/sea-breeze | https://openalex.org/keywords/hull | https://openalex.org/keywords/wind-wave | https://openalex.org/keywords/engineering | https://openalex.org/keywords/structural-engineering | https://openalex.org/keywords/foundation | https://openalex.org/keywords/catenary,6.97749 | 4.59157 | 4.07464 | 0.972175 | 0.756365 | 0.320581 | 0.316974 | 0.303284 | 0.296121 | 0.268878 | 0.26864 | 0.268574 | 0.262748 | 0.249872 | 0.209696,True,458,312,51,95,Offshore wind power / Submarine pipeline / Marine engineering,待主题范围审阅,NMF关键词主题,待主题范围审阅,459
N0196,195,Control (management) | Control engineering | Control system | Artificial intelligence | Power control | Actuator | Optimal control | Variable (mathematics) | Loop (graph theory) | Frequency regulation | Automatic frequency control | Robust control | Industrial control system | Tracking (education) | Adaptive control,https://openalex.org/keywords/control | https://openalex.org/keywords/control-engineering | https://openalex.org/keywords/control-system | https://openalex.org/keywords/artificial-intelligence | https://openalex.org/keywords/power-control | https://openalex.org/keywords/actuator | https://openalex.org/keywords/optimal-control | https://openalex.org/keywords/variable | https://openalex.org/keywords/loop | https://openalex.org/keywords/frequency-regulation | https://openalex.org/keywords/automatic-frequency-control | https://openalex.org/keywords/robust-control | https://openalex.org/keywords/industrial-control-system | https://openalex.org/keywords/tracking | https://openalex.org/keywords/adaptive-control,11.2622 | 3.83769 | 2.5546 | 1.83517 | 0.536978 | 0.406288 | 0.321131 | 0.229794 | 0.229565 | 0.22886 | 0.221085 | 0.209425 | 0.199141 | 0.178429 | 0.174066,True,204,136,26,42,Control (management) / Control engineering / Control system,待主题范围审阅,NMF关键词主题,待主题范围审阅,205
N0197,196,Nonlinear system | Finite element method | Structural engineering | Mathematics | Stress (linguistics) | Mathematical analysis | Applied mathematics | Multiphysics | Linearization | Stiffness | Lyapunov function | Mechanical engineering | Boundary value problem | Geotechnical engineering | Sliding mode control,https://openalex.org/keywords/nonlinear-system | https://openalex.org/keywords/finite-element-method | https://openalex.org/keywords/structural-engineering | https://openalex.org/keywords/mathematics | https://openalex.org/keywords/stress | https://openalex.org/keywords/mathematical-analysis | https://openalex.org/keywords/applied-mathematics | https://openalex.org/keywords/multiphysics | https://openalex.org/keywords/linearization | https://openalex.org/keywords/stiffness | https://openalex.org/keywords/lyapunov-function | https://openalex.org/keywords/mechanical-engineering | https://openalex.org/keywords/boundary-value-problem | https://openalex.org/keywords/geotechnical-engineering | https://openalex.org/keywords/sliding-mode-control,7.21876 | 4.47255 | 3.08939 | 1.18972 | 0.981413 | 0.837396 | 0.750827 | 0.549251 | 0.536436 | 0.459473 | 0.448994 | 0.446311 | 0.404224 | 0.312588 | 0.30868,True,426,339,34,53,Nonlinear system / Finite element method / Structural engineering,待主题范围审阅,NMF关键词主题,待主题范围审阅,421
N0198,197,Deposition (geology) | Atomic layer deposition | Chemical bath deposition | Electrophoretic deposition | Pulsed laser deposition | Thin film | Electrophoresis | Aerosol | Dendrite (mathematics) | Chemical vapor deposition | Underpotential deposition | Electroless deposition | Vacuum deposition | Physical vapor deposition | Layer by layer,https://openalex.org/keywords/deposition | https://openalex.org/keywords/atomic-layer-deposition | https://openalex.org/keywords/chemical-bath-deposition | https://openalex.org/keywords/electrophoretic-deposition | https://openalex.org/keywords/pulsed-laser-deposition | https://openalex.org/keywords/thin-film | https://openalex.org/keywords/electrophoresis | https://openalex.org/keywords/aerosol | https://openalex.org/keywords/dendrite | https://openalex.org/keywords/chemical-vapor-deposition | https://openalex.org/keywords/underpotential-deposition | https://openalex.org/keywords/electroless-deposition | https://openalex.org/keywords/vacuum-deposition | https://openalex.org/keywords/physical-vapor-deposition | https://openalex.org/keywords/layer-by-layer,11.2914 | 1.52071 | 1.19139 | 0.791113 | 0.712795 | 0.523222 | 0.269224 | 0.187723 | 0.18595 | 0.184685 | 0.156247 | 0.147144 | 0.135756 | 0.124708 | 0.124141,True,167,133,13,21,Deposition (geology) / Atomic layer deposition / Chemical bath deposition,待主题范围审阅,NMF关键词主题,待主题范围审阅,164
N0199,198,Chemistry | Organic chemistry | Combinatorial chemistry | Pulp and paper industry | Stereochemistry | Medicinal chemistry | Computational chemistry | Thermodynamics | Scanning electron microscope | Ethanol | Spinel | Calcium | Robustness (evolution) | Halide | Hydrothermal liquefaction,https://openalex.org/keywords/chemistry | https://openalex.org/keywords/organic-chemistry | https://openalex.org/keywords/combinatorial-chemistry | https://openalex.org/keywords/pulp-and-paper-industry | https://openalex.org/keywords/stereochemistry | https://openalex.org/keywords/medicinal-chemistry | https://openalex.org/keywords/computational-chemistry | https://openalex.org/keywords/thermodynamics | https://openalex.org/keywords/scanning-electron-microscope | https://openalex.org/keywords/ethanol | https://openalex.org/keywords/spinel | https://openalex.org/keywords/calcium | https://openalex.org/keywords/robustness | https://openalex.org/keywords/halide | https://openalex.org/keywords/hydrothermal-liquefaction,11.2245 | 0.951138 | 0.732598 | 0.405391 | 0.221497 | 0.216687 | 0.211764 | 0.187501 | 0.128815 | 0.110828 | 0.104661 | 0.103522 | 0.0676992 | 0.0651266 | 0.0628509,True,241,194,32,15,Chemistry / Organic chemistry / Combinatorial chemistry,待主题范围审阅,NMF关键词主题,待主题范围审阅,242
N0200,199,Electron | Atomic physics | Physics | Fermi level | Electron temperature | Cathode ray | Ambipolar diffusion | Electron density | Electron mobility | Electron transport chain | Ionization | Polaron | Electron beam processing | Quantum mechanics | Cyclotron,https://openalex.org/keywords/electron | https://openalex.org/keywords/atomic-physics | https://openalex.org/keywords/physics | https://openalex.org/keywords/fermi-level | https://openalex.org/keywords/electron-temperature | https://openalex.org/keywords/cathode-ray | https://openalex.org/keywords/ambipolar-diffusion | https://openalex.org/keywords/electron-density | https://openalex.org/keywords/electron-mobility | https://openalex.org/keywords/electron-transport-chain | https://openalex.org/keywords/ionization | https://openalex.org/keywords/polaron | https://openalex.org/keywords/electron-beam-processing | https://openalex.org/keywords/quantum-mechanics | https://openalex.org/keywords/cyclotron,10.7925 | 2.10909 | 0.745066 | 0.729289 | 0.680144 | 0.573773 | 0.56765 | 0.521323 | 0.500284 | 0.44969 | 0.402957 | 0.387396 | 0.384272 | 0.369032 | 0.349374,True,210,176,16,18,Electron / Atomic physics / Physics,待主题范围审阅,NMF关键词主题,待主题范围审阅,211
N0201,200,Particle size | Particle (ecology) | Chemical engineering | Particle-size distribution | Dispersity | Morphology (biology) | Ball mill | Slurry | Zeta potential | Suspension (topology) | Colloid | Coercivity | Agglomerate | Sonication | Magnetite,https://openalex.org/keywords/particle-size | https://openalex.org/keywords/particle | https://openalex.org/keywords/chemical-engineering | https://openalex.org/keywords/particle-size-distribution | https://openalex.org/keywords/dispersity | https://openalex.org/keywords/morphology | https://openalex.org/keywords/ball-mill | https://openalex.org/keywords/slurry | https://openalex.org/keywords/zeta-potential | https://openalex.org/keywords/suspension | https://openalex.org/keywords/colloid | https://openalex.org/keywords/coercivity | https://openalex.org/keywords/agglomerate | https://openalex.org/keywords/sonication | https://openalex.org/keywords/magnetite,7.36505 | 7.12345 | 0.799326 | 0.69065 | 0.436126 | 0.354568 | 0.223565 | 0.177144 | 0.16946 | 0.150919 | 0.136871 | 0.134147 | 0.133315 | 0.131207 | 0.129654,True,294,257,14,23,Particle size / Particle (ecology) / Chemical engineering,待主题范围审阅,NMF关键词主题,待主题范围审阅,293
N0202,201,Corrosion | Metallurgy | Magnesium | Cathodic protection | Carbon steel | Magnesium alloy | High-temperature corrosion | Chloride | Simulated body fluid | Chromium | Stress corrosion cracking | Cladding (metalworking) | Intergranular corrosion | Austenite | Zirconium alloy,https://openalex.org/keywords/corrosion | https://openalex.org/keywords/metallurgy | https://openalex.org/keywords/magnesium | https://openalex.org/keywords/cathodic-protection | https://openalex.org/keywords/carbon-steel | https://openalex.org/keywords/magnesium-alloy | https://openalex.org/keywords/high-temperature-corrosion | https://openalex.org/keywords/chloride | https://openalex.org/keywords/simulated-body-fluid | https://openalex.org/keywords/chromium | https://openalex.org/keywords/stress-corrosion-cracking | https://openalex.org/keywords/cladding | https://openalex.org/keywords/intergranular-corrosion | https://openalex.org/keywords/austenite | https://openalex.org/keywords/zirconium-alloy,11.6241 | 2.68387 | 0.730418 | 0.536391 | 0.505541 | 0.475541 | 0.452819 | 0.352084 | 0.325113 | 0.274452 | 0.26317 | 0.255985 | 0.239513 | 0.229641 | 0.228944,True,323,252,28,43,Corrosion / Metallurgy / Magnesium,待主题范围审阅,NMF关键词主题,待主题范围审阅,321
N0203,202,Spinel | Ferrite (magnet) | Metallurgy | Coercivity | Magnetization | Octahedron | Interconnection | Superparamagnetism | Lithium titanate | Zinc ferrite | Lattice constant | Nuclear magnetic resonance | Ionic radius | Ferrimagnetism | Remanence,https://openalex.org/keywords/spinel | https://openalex.org/keywords/ferrite | https://openalex.org/keywords/metallurgy | https://openalex.org/keywords/coercivity | https://openalex.org/keywords/magnetization | https://openalex.org/keywords/octahedron | https://openalex.org/keywords/interconnection | https://openalex.org/keywords/superparamagnetism | https://openalex.org/keywords/lithium-titanate | https://openalex.org/keywords/zinc-ferrite | https://openalex.org/keywords/lattice-constant | https://openalex.org/keywords/nuclear-magnetic-resonance | https://openalex.org/keywords/ionic-radius | https://openalex.org/keywords/ferrimagnetism | https://openalex.org/keywords/remanence,11.4535 | 1.27118 | 0.976236 | 0.643358 | 0.380091 | 0.26743 | 0.226912 | 0.220756 | 0.182342 | 0.174209 | 0.168289 | 0.16619 | 0.145984 | 0.136739 | 0.125839,True,331,268,24,39,Spinel / Ferrite (magnet) / Metallurgy,待主题范围审阅,NMF关键词主题,待主题范围审阅,333
N0204,203,Process engineering | Desalination | Distillation | Membrane distillation | Environmental engineering | Reverse osmosis | Capacitive deionization | Seawater | Solar desalination | Solar still | Geothermal desalination | Brackish water | Multiple-effect distillation | Low-temperature thermal desalination | Chemistry,https://openalex.org/keywords/process-engineering | https://openalex.org/keywords/desalination | https://openalex.org/keywords/distillation | https://openalex.org/keywords/membrane-distillation | https://openalex.org/keywords/environmental-engineering | https://openalex.org/keywords/reverse-osmosis | https://openalex.org/keywords/capacitive-deionization | https://openalex.org/keywords/seawater | https://openalex.org/keywords/solar-desalination | https://openalex.org/keywords/solar-still | https://openalex.org/keywords/geothermal-desalination | https://openalex.org/keywords/brackish-water | https://openalex.org/keywords/multiple-effect-distillation | https://openalex.org/keywords/low-temperature-thermal-desalination | https://openalex.org/keywords/chemistry,7.67941 | 5.42464 | 1.43834 | 1.3805 | 1.13405 | 1.01887 | 1.01701 | 0.980169 | 0.975152 | 0.714356 | 0.645413 | 0.54429 | 0.51822 | 0.450985 | 0.359393,True,366,288,35,43,Process engineering / Desalination / Distillation,待主题范围审阅,NMF关键词主题,待主题范围审阅,351
N0205,204,Carbon dioxide | Carbon sequestration | Electrochemical reduction of carbon dioxide | Carbon capture and storage (timeline) | Carbon monoxide | Carbonate | Enhanced oil recovery | Carbon dioxide removal | Carboxylation | Atmosphere (unit) | Bio-energy with carbon capture and storage | Supercritical carbon dioxide | Carbon dioxide in Earth's atmosphere | Brine | Carbon-neutral fuel,https://openalex.org/keywords/carbon-dioxide | https://openalex.org/keywords/carbon-sequestration | https://openalex.org/keywords/electrochemical-reduction-of-carbon-dioxide | https://openalex.org/keywords/carbon-capture-and-storage | https://openalex.org/keywords/carbon-monoxide | https://openalex.org/keywords/carbonate | https://openalex.org/keywords/enhanced-oil-recovery | https://openalex.org/keywords/carbon-dioxide-removal | https://openalex.org/keywords/carboxylation | https://openalex.org/keywords/atmosphere | https://openalex.org/keywords/bio-energy-with-carbon-capture-and-storage | https://openalex.org/keywords/supercritical-carbon-dioxide | https://openalex.org/keywords/carbon-dioxide-in-earths-atmosphere | https://openalex.org/keywords/brine | https://openalex.org/keywords/carbon-neutral-fuel,10.1671 | 1.84182 | 1.27337 | 0.683735 | 0.532017 | 0.343137 | 0.316409 | 0.301495 | 0.271657 | 0.250075 | 0.235958 | 0.231486 | 0.220843 | 0.204467 | 0.194639,True,323,236,30,57,Carbon dioxide / Carbon sequestration / Electrochemical reduction of carbon dioxide,待主题范围审阅,NMF关键词主题,待主题范围审阅,322
N0206,205,Nucleation | Dendrite (mathematics) | Chemical engineering | Dislocation | Plating (geology) | Chemical physics | Thermodynamics | Supersaturation | Supercooling | Crystal growth | Void (composites) | Molecular dynamics | Dispersity | Interphase | Ostwald ripening,https://openalex.org/keywords/nucleation | https://openalex.org/keywords/dendrite | https://openalex.org/keywords/chemical-engineering | https://openalex.org/keywords/dislocation | https://openalex.org/keywords/plating | https://openalex.org/keywords/chemical-physics | https://openalex.org/keywords/thermodynamics | https://openalex.org/keywords/supersaturation | https://openalex.org/keywords/supercooling | https://openalex.org/keywords/crystal-growth | https://openalex.org/keywords/void | https://openalex.org/keywords/molecular-dynamics | https://openalex.org/keywords/dispersity | https://openalex.org/keywords/interphase | https://openalex.org/keywords/ostwald-ripening,11.0061 | 0.581378 | 0.515738 | 0.44361 | 0.311398 | 0.28942 | 0.28426 | 0.245197 | 0.232702 | 0.221046 | 0.214068 | 0.206547 | 0.203948 | 0.180744 | 0.167223,True,277,223,14,40,Nucleation / Dendrite (mathematics) / Chemical engineering,待主题范围审阅,NMF关键词主题,待主题范围审阅,271
N0207,206,Transmission electron microscopy | Nanotechnology | Scanning transmission electron microscopy | Selected area diffraction | High-resolution transmission electron microscopy | Electron energy loss spectroscopy | Electron microscope | Nuclear chemistry | Superparamagnetism | Diffuse reflectance infrared fourier transform | Microscopy | Electron diffraction | Field electron emission | Magnetization | Dynamic light scattering,https://openalex.org/keywords/transmission-electron-microscopy | https://openalex.org/keywords/nanotechnology | https://openalex.org/keywords/scanning-transmission-electron-microscopy | https://openalex.org/keywords/selected-area-diffraction | https://openalex.org/keywords/high-resolution-transmission-electron-microscopy | https://openalex.org/keywords/electron-energy-loss-spectroscopy | https://openalex.org/keywords/electron-microscope | https://openalex.org/keywords/nuclear-chemistry | https://openalex.org/keywords/superparamagnetism | https://openalex.org/keywords/diffuse-reflectance-infrared-fourier-transform | https://openalex.org/keywords/microscopy | https://openalex.org/keywords/electron-diffraction | https://openalex.org/keywords/field-electron-emission | https://openalex.org/keywords/magnetization | https://openalex.org/keywords/dynamic-light-scattering,13.0665 | 0.994645 | 0.965818 | 0.488077 | 0.475963 | 0.38424 | 0.372964 | 0.321918 | 0.254566 | 0.22514 | 0.215339 | 0.201127 | 0.198251 | 0.167542 | 0.156308,True,38,38,0,0,Transmission electron microscopy / Nanotechnology / Scanning transmission electron microscopy,待主题范围审阅,NMF关键词主题,待主题范围审阅,36
N0208,207,Photovoltaics | Grid parity | Commercialization | Environmentally friendly | Concentrator | Scope (computer science) | Polymer | Building-integrated photovoltaics | Crystalline silicon | Data science | Focus (optics) | Engineering | Scalability | Copper indium gallium selenide solar cells | Photonics,https://openalex.org/keywords/photovoltaics | https://openalex.org/keywords/grid-parity | https://openalex.org/keywords/commercialization | https://openalex.org/keywords/environmentally-friendly | https://openalex.org/keywords/concentrator | https://openalex.org/keywords/scope | https://openalex.org/keywords/polymer | https://openalex.org/keywords/building-integrated-photovoltaics | https://openalex.org/keywords/crystalline-silicon | https://openalex.org/keywords/data-science | https://openalex.org/keywords/focus | https://openalex.org/keywords/engineering | https://openalex.org/keywords/scalability | https://openalex.org/keywords/copper-indium-gallium-selenide-solar-cells | https://openalex.org/keywords/photonics,11.9906 | 0.379845 | 0.218151 | 0.186479 | 0.183865 | 0.167112 | 0.15193 | 0.151054 | 0.12518 | 0.12033 | 0.109369 | 0.0999134 | 0.0811904 | 0.0768857 | 0.0699892,True,251,193,27,31,Photovoltaics / Grid parity / Commercialization,待主题范围审阅,NMF关键词主题,待主题范围审阅,250
N0209,208,Thermal conductivity | Thermal conduction | Composite material | Thermal diffusivity | Thermal resistance | Viscosity | Atmospheric temperature range | Thermal conductivity measurement | Thermal insulation | Boron nitride | Nanocrystalline material | Geotechnical engineering | Mass fraction | Heat capacity | Soil science,https://openalex.org/keywords/thermal-conductivity | https://openalex.org/keywords/thermal-conduction | https://openalex.org/keywords/composite-material | https://openalex.org/keywords/thermal-diffusivity | https://openalex.org/keywords/thermal-resistance | https://openalex.org/keywords/viscosity | https://openalex.org/keywords/atmospheric-temperature-range | https://openalex.org/keywords/thermal-conductivity-measurement | https://openalex.org/keywords/thermal-insulation | https://openalex.org/keywords/boron-nitride | https://openalex.org/keywords/nanocrystalline-material | https://openalex.org/keywords/geotechnical-engineering | https://openalex.org/keywords/mass-fraction | https://openalex.org/keywords/heat-capacity | https://openalex.org/keywords/soil-science,10.1814 | 1.92197 | 1.32052 | 0.626415 | 0.427492 | 0.354612 | 0.341311 | 0.256036 | 0.251195 | 0.232532 | 0.212382 | 0.206624 | 0.201704 | 0.190445 | 0.183464,True,235,182,23,30,Thermal conductivity / Thermal conduction / Composite material,待主题范围审阅,NMF关键词主题,待主题范围审阅,232
N0210,209,Rhodamine B | Rhodamine | Chemical engineering | Diffuse reflectance infrared fourier transform | Rhodamine 6G | Scanning electron microscope | Thiourea | Solvothermal synthesis | Specific surface area | Ethylene glycol | Chemistry | Cationic polymerization | Montmorillonite | Surface photovoltage | Graphitic carbon nitride,https://openalex.org/keywords/rhodamine-b | https://openalex.org/keywords/rhodamine | https://openalex.org/keywords/chemical-engineering | https://openalex.org/keywords/diffuse-reflectance-infrared-fourier-transform | https://openalex.org/keywords/rhodamine-6g | https://openalex.org/keywords/scanning-electron-microscope | https://openalex.org/keywords/thiourea | https://openalex.org/keywords/solvothermal-synthesis | https://openalex.org/keywords/specific-surface-area | https://openalex.org/keywords/ethylene-glycol | https://openalex.org/keywords/chemistry | https://openalex.org/keywords/cationic-polymerization | https://openalex.org/keywords/montmorillonite | https://openalex.org/keywords/surface-photovoltage | https://openalex.org/keywords/graphitic-carbon-nitride,10.9519 | 0.633628 | 0.450439 | 0.261611 | 0.18028 | 0.159837 | 0.113671 | 0.108198 | 0.100267 | 0.0913122 | 0.0832785 | 0.0824837 | 0.0811672 | 0.0730071 | 0.0684373,True,339,294,19,26,Rhodamine B / Rhodamine / Chemical engineering,待主题范围审阅,NMF关键词主题,待主题范围审阅,338
N0211,210,Selectivity | Inorganic chemistry | Gas separation | Fischer–Tropsch process | Organic chemistry | Permeance | Glycerol | Ethanol | Methane | Hydrocarbon | Selective adsorption | Acetone | Nitrate | Space velocity | Ethylene,https://openalex.org/keywords/selectivity | https://openalex.org/keywords/inorganic-chemistry | https://openalex.org/keywords/gas-separation | https://openalex.org/keywords/fischer–tropsch-process | https://openalex.org/keywords/organic-chemistry | https://openalex.org/keywords/permeance | https://openalex.org/keywords/glycerol | https://openalex.org/keywords/ethanol | https://openalex.org/keywords/methane | https://openalex.org/keywords/hydrocarbon | https://openalex.org/keywords/selective-adsorption | https://openalex.org/keywords/acetone | https://openalex.org/keywords/nitrate | https://openalex.org/keywords/space-velocity | https://openalex.org/keywords/ethylene,11.7015 | 1.30405 | 0.691609 | 0.682328 | 0.638632 | 0.457685 | 0.34047 | 0.32544 | 0.315889 | 0.288896 | 0.228715 | 0.225451 | 0.219868 | 0.215575 | 0.215257,True,272,210,23,39,Selectivity / Inorganic chemistry / Gas separation,待主题范围审阅,NMF关键词主题,待主题范围审阅,269
N0212,211,Nanocrystalline material | Nanocrystalline silicon | Grain size | Ball mill | Melt spinning | Chemical bath deposition | Ferrite (magnet) | Coercivity | Analytical Chemistry (journal) | Thermoluminescence | Tungsten carbide | Spinning | Rietveld refinement | Polyaniline | Lead sulfide,https://openalex.org/keywords/nanocrystalline-material | https://openalex.org/keywords/nanocrystalline-silicon | https://openalex.org/keywords/grain-size | https://openalex.org/keywords/ball-mill | https://openalex.org/keywords/melt-spinning | https://openalex.org/keywords/chemical-bath-deposition | https://openalex.org/keywords/ferrite | https://openalex.org/keywords/coercivity | https://openalex.org/keywords/analytical-chemistry | https://openalex.org/keywords/thermoluminescence | https://openalex.org/keywords/tungsten-carbide | https://openalex.org/keywords/spinning | https://openalex.org/keywords/rietveld-refinement | https://openalex.org/keywords/polyaniline | https://openalex.org/keywords/lead-sulfide,11.1785 | 0.357949 | 0.339602 | 0.240663 | 0.210518 | 0.184262 | 0.17148 | 0.13112 | 0.118276 | 0.104027 | 0.079512 | 0.0792285 | 0.0737095 | 0.0724156 | 0.0681716,True,268,252,5,11,Nanocrystalline material / Nanocrystalline silicon / Grain size,待主题范围审阅,NMF关键词主题,待主题范围审阅,266
N0213,212,Fuel cells | Activation energy | Hydrogen fuel | Arrhenius equation | Kinetic energy | Chemical engineering | Isothermal process | Hydrogen vehicle | Rhodamine B | Order of reaction | Physical chemistry | Arrhenius plot | German | Thermogravimetry | Molten carbonate fuel cell,https://openalex.org/keywords/fuel-cells | https://openalex.org/keywords/activation-energy | https://openalex.org/keywords/hydrogen-fuel | https://openalex.org/keywords/arrhenius-equation | https://openalex.org/keywords/kinetic-energy | https://openalex.org/keywords/chemical-engineering | https://openalex.org/keywords/isothermal-process | https://openalex.org/keywords/hydrogen-vehicle | https://openalex.org/keywords/rhodamine-b | https://openalex.org/keywords/order-of-reaction | https://openalex.org/keywords/physical-chemistry | https://openalex.org/keywords/arrhenius-plot | https://openalex.org/keywords/german | https://openalex.org/keywords/thermogravimetry | https://openalex.org/keywords/molten-carbonate-fuel-cell,9.20988 | 3.96848 | 1.33544 | 1.16456 | 0.745594 | 0.702619 | 0.504686 | 0.455675 | 0.429179 | 0.308643 | 0.29998 | 0.279239 | 0.25599 | 0.181493 | 0.177052,True,207,146,30,31,Fuel cells / Activation energy / Hydrogen fuel,待主题范围审阅,NMF关键词主题,待主题范围审阅,230
N0214,213,Supercritical fluid | Supercritical water oxidation | Chemistry | Supercritical carbon dioxide | Thermodynamics | Process engineering | Brayton cycle | Supercritical flow | Supercritical fluid extraction | Methane | Liquefaction | Residence time (fluid dynamics) | Brine | Heat flux | Heat transfer,https://openalex.org/keywords/supercritical-fluid | https://openalex.org/keywords/supercritical-water-oxidation | https://openalex.org/keywords/chemistry | https://openalex.org/keywords/supercritical-carbon-dioxide | https://openalex.org/keywords/thermodynamics | https://openalex.org/keywords/process-engineering | https://openalex.org/keywords/brayton-cycle | https://openalex.org/keywords/supercritical-flow | https://openalex.org/keywords/supercritical-fluid-extraction | https://openalex.org/keywords/methane | https://openalex.org/keywords/liquefaction | https://openalex.org/keywords/residence-time | https://openalex.org/keywords/brine | https://openalex.org/keywords/heat-flux | https://openalex.org/keywords/heat-transfer,10.7492 | 0.978915 | 0.918479 | 0.865138 | 0.815503 | 0.658001 | 0.392298 | 0.336002 | 0.265827 | 0.243133 | 0.17744 | 0.158354 | 0.147345 | 0.142226 | 0.140937,True,341,291,19,31,Supercritical fluid / Supercritical water oxidation / Chemistry,待主题范围审阅,NMF关键词主题,待主题范围审阅,341
N0215,214,Particle swarm optimization | Multi-swarm optimization | Swarm behaviour | Metaheuristic | Differential evolution | Control theory (sociology) | Convergence (economics) | Cuckoo search | Firefly algorithm | Inertia | Benchmark (surveying) | Computer science | Simulated annealing | Premature convergence | Swarm intelligence,https://openalex.org/keywords/particle-swarm-optimization | https://openalex.org/keywords/multi-swarm-optimization | https://openalex.org/keywords/swarm-behaviour | https://openalex.org/keywords/metaheuristic | https://openalex.org/keywords/differential-evolution | https://openalex.org/keywords/control-theory | https://openalex.org/keywords/convergence | https://openalex.org/keywords/cuckoo-search | https://openalex.org/keywords/firefly-algorithm | https://openalex.org/keywords/inertia | https://openalex.org/keywords/benchmark | https://openalex.org/keywords/computer-science | https://openalex.org/keywords/simulated-annealing | https://openalex.org/keywords/premature-convergence | https://openalex.org/keywords/swarm-intelligence,10.9144 | 1.40466 | 0.669582 | 0.464601 | 0.438986 | 0.359862 | 0.32727 | 0.258094 | 0.23384 | 0.186822 | 0.167501 | 0.165431 | 0.157403 | 0.147666 | 0.141532,True,335,277,20,38,Particle swarm optimization / Multi-swarm optimization / Swarm behaviour,待主题范围审阅,NMF关键词主题,待主题范围审阅,333
N0216,215,Scale (ratio) | Cartography | Atomic units | Nanoscopic scale | Industrial engineering | SCALE-UP | Supply chain | Environmental economics | Scaling | Carbon capture and storage (timeline) | Full scale | Data science | Energy system | Scope (computer science) | Statistical physics,https://openalex.org/keywords/scale | https://openalex.org/keywords/cartography | https://openalex.org/keywords/atomic-units | https://openalex.org/keywords/nanoscopic-scale | https://openalex.org/keywords/industrial-engineering | https://openalex.org/keywords/scale-up | https://openalex.org/keywords/supply-chain | https://openalex.org/keywords/environmental-economics | https://openalex.org/keywords/scaling | https://openalex.org/keywords/carbon-capture-and-storage | https://openalex.org/keywords/full-scale | https://openalex.org/keywords/data-science | https://openalex.org/keywords/energy-system | https://openalex.org/keywords/scope | https://openalex.org/keywords/statistical-physics,11.5754 | 0.803203 | 0.274165 | 0.239379 | 0.224115 | 0.216313 | 0.213778 | 0.195354 | 0.16688 | 0.150418 | 0.148623 | 0.133932 | 0.0911033 | 0.0898321 | 0.0772738,True,240,172,37,31,Scale (ratio) / Cartography / Atomic units,待主题范围审阅,NMF关键词主题,待主题范围审阅,237
N0217,216,Graphitic carbon nitride | Carbon nitride | Melamine | Nitride | Detection limit | Exfoliation joint | Chemistry | Biocompatibility | Solar fuel | Chemiluminescence | Protonation | Aptamer | Composite material | Ammonium fluoride | Photochemistry,https://openalex.org/keywords/graphitic-carbon-nitride | https://openalex.org/keywords/carbon-nitride | https://openalex.org/keywords/melamine | https://openalex.org/keywords/nitride | https://openalex.org/keywords/detection-limit | https://openalex.org/keywords/exfoliation-joint | https://openalex.org/keywords/chemistry | https://openalex.org/keywords/biocompatibility | https://openalex.org/keywords/solar-fuel | https://openalex.org/keywords/chemiluminescence | https://openalex.org/keywords/protonation | https://openalex.org/keywords/aptamer | https://openalex.org/keywords/composite-material | https://openalex.org/keywords/ammonium-fluoride | https://openalex.org/keywords/photochemistry,8.44022 | 3.84222 | 0.598086 | 0.305601 | 0.238481 | 0.226766 | 0.116922 | 0.105318 | 0.0724565 | 0.0670857 | 0.059439 | 0.0550204 | 0.0512149 | 0.0497989 | 0.049143,True,302,251,29,22,Graphitic carbon nitride / Carbon nitride / Melamine,待主题范围审阅,NMF关键词主题,待主题范围审阅,301
N0218,217,Humanities | Philosophy | Art | Traditional medicine | Art history | Epistemology | Cartography | Theology | Forestry | History | Ancient history | Environmental ethics | Welfare economics | Business administration | Horticulture,https://openalex.org/keywords/humanities | https://openalex.org/keywords/philosophy | https://openalex.org/keywords/art | https://openalex.org/keywords/traditional-medicine | https://openalex.org/keywords/art-history | https://openalex.org/keywords/epistemology | https://openalex.org/keywords/cartography | https://openalex.org/keywords/theology | https://openalex.org/keywords/forestry | https://openalex.org/keywords/history | https://openalex.org/keywords/ancient-history | https://openalex.org/keywords/environmental-ethics | https://openalex.org/keywords/welfare-economics | https://openalex.org/keywords/business-administration | https://openalex.org/keywords/horticulture,9.5445 | 2.43367 | 2.40962 | 0.567193 | 0.204614 | 0.142347 | 0.136523 | 0.122195 | 0.117258 | 0.106237 | 0.101771 | 0.0893928 | 0.0848336 | 0.0726691 | 0.0642973,True,171,162,5,4,Humanities / Philosophy / Art,待主题范围审阅,NMF关键词主题,待主题范围审阅,170
N0219,218,Vanadium | Flow battery | Vanadium oxide | Pentoxide | Metallurgy | Lithium vanadium phosphate battery | Chromium | Vanadate | Slag (welding) | Electrode | Vanadium nitride | Titanium | Roasting | Membrane | Chemical engineering,https://openalex.org/keywords/vanadium | https://openalex.org/keywords/flow-battery | https://openalex.org/keywords/vanadium-oxide | https://openalex.org/keywords/pentoxide | https://openalex.org/keywords/metallurgy | https://openalex.org/keywords/lithium-vanadium-phosphate-battery | https://openalex.org/keywords/chromium | https://openalex.org/keywords/vanadate | https://openalex.org/keywords/slag | https://openalex.org/keywords/electrode | https://openalex.org/keywords/vanadium-nitride | https://openalex.org/keywords/titanium | https://openalex.org/keywords/roasting | https://openalex.org/keywords/membrane | https://openalex.org/keywords/chemical-engineering,10.0398 | 2.95888 | 1.48822 | 0.982203 | 0.59703 | 0.445079 | 0.316216 | 0.278929 | 0.252687 | 0.222563 | 0.201413 | 0.15997 | 0.126473 | 0.0960292 | 0.086661,True,332,255,23,54,Vanadium / Flow battery / Vanadium oxide,待主题范围审阅,NMF关键词主题,待主题范围审阅,333
N0220,219,Polyaniline | Polymerization | Conductive polymer | Aniline | In situ polymerization | Polyaniline nanofibers | Polymer | Chemical engineering | Ammonium persulfate | Composite material | Monomer | Interfacial polymerization | Emulsion polymerization | Auxiliary electrode | Sulfonic acid,https://openalex.org/keywords/polyaniline | https://openalex.org/keywords/polymerization | https://openalex.org/keywords/conductive-polymer | https://openalex.org/keywords/aniline | https://openalex.org/keywords/in-situ-polymerization | https://openalex.org/keywords/polyaniline-nanofibers | https://openalex.org/keywords/polymer | https://openalex.org/keywords/chemical-engineering | https://openalex.org/keywords/ammonium-persulfate | https://openalex.org/keywords/composite-material | https://openalex.org/keywords/monomer | https://openalex.org/keywords/interfacial-polymerization | https://openalex.org/keywords/emulsion-polymerization | https://openalex.org/keywords/auxiliary-electrode | https://openalex.org/keywords/sulfonic-acid,10.6287 | 2.71043 | 1.36591 | 1.21414 | 0.921276 | 0.857662 | 0.656352 | 0.46325 | 0.374473 | 0.31997 | 0.249995 | 0.164057 | 0.128434 | 0.114798 | 0.112525,True,320,279,23,18,Polyaniline / Polymerization / Conductive polymer,待主题范围审阅,NMF关键词主题,待主题范围审阅,322
N0221,220,Transition metal | Phase transition | Phosphide | Chemistry | Physical chemistry | Chemical physics | Condensed matter physics | Group (periodic table) | Spin (aerodynamics) | Semimetal | Transition state | Tungsten diselenide | Chalcogen | Cytotoxicity | Carbonization,https://openalex.org/keywords/transition-metal | https://openalex.org/keywords/phase-transition | https://openalex.org/keywords/phosphide | https://openalex.org/keywords/chemistry | https://openalex.org/keywords/physical-chemistry | https://openalex.org/keywords/chemical-physics | https://openalex.org/keywords/condensed-matter-physics | https://openalex.org/keywords/group | https://openalex.org/keywords/spin | https://openalex.org/keywords/semimetal | https://openalex.org/keywords/transition-state | https://openalex.org/keywords/tungsten-diselenide | https://openalex.org/keywords/chalcogen | https://openalex.org/keywords/cytotoxicity | https://openalex.org/keywords/carbonization,10.8845 | 0.436964 | 0.310489 | 0.271717 | 0.264756 | 0.262565 | 0.246394 | 0.109048 | 0.102989 | 0.0889544 | 0.0843874 | 0.0737023 | 0.0624996 | 0.060371 | 0.0559185,True,194,134,24,36,Transition metal / Phase transition / Phosphide,待主题范围审阅,NMF关键词主题,待主题范围审阅,195
N0222,221,Carbonization | Hydrothermal carbonization | Specific surface area | Polyacrylonitrile | Carbon nanofiber | Charcoal | BET theory | Fiber | Melamine | Composite material | Nanofiber | Monolith | Sewage sludge | Waste management | Resorcinol,https://openalex.org/keywords/carbonization | https://openalex.org/keywords/hydrothermal-carbonization | https://openalex.org/keywords/specific-surface-area | https://openalex.org/keywords/polyacrylonitrile | https://openalex.org/keywords/carbon-nanofiber | https://openalex.org/keywords/charcoal | https://openalex.org/keywords/bet-theory | https://openalex.org/keywords/fiber | https://openalex.org/keywords/melamine | https://openalex.org/keywords/composite-material | https://openalex.org/keywords/nanofiber | https://openalex.org/keywords/monolith | https://openalex.org/keywords/sewage-sludge | https://openalex.org/keywords/waste-management | https://openalex.org/keywords/resorcinol,9.63579 | 1.79349 | 1.10431 | 0.528677 | 0.47032 | 0.248189 | 0.18638 | 0.181797 | 0.151828 | 0.143089 | 0.138566 | 0.129913 | 0.119507 | 0.113269 | 0.10303,True,413,339,25,49,Carbonization / Hydrothermal carbonization / Specific surface area,待主题范围审阅,NMF关键词主题,待主题范围审阅,415
N0223,222,Generator (circuit theory) | Permanent magnet synchronous generator | Induction generator | Electric generator | Excitation | Thermoelectric generator | Shunt generator | Doubly fed electric machine | Diesel generator | Wind generator | Linear congruential generator | Turbo generator | Control engineering | Oscillation (cell signaling) | Electrical engineering,https://openalex.org/keywords/generator | https://openalex.org/keywords/permanent-magnet-synchronous-generator | https://openalex.org/keywords/induction-generator | https://openalex.org/keywords/electric-generator | https://openalex.org/keywords/excitation | https://openalex.org/keywords/thermoelectric-generator | https://openalex.org/keywords/shunt-generator | https://openalex.org/keywords/doubly-fed-electric-machine | https://openalex.org/keywords/diesel-generator | https://openalex.org/keywords/wind-generator | https://openalex.org/keywords/linear-congruential-generator | https://openalex.org/keywords/turbo-generator | https://openalex.org/keywords/control-engineering | https://openalex.org/keywords/oscillation | https://openalex.org/keywords/electrical-engineering,11.1072 | 2.31298 | 2.20527 | 0.971551 | 0.870237 | 0.774496 | 0.670797 | 0.663966 | 0.482297 | 0.418247 | 0.278425 | 0.160034 | 0.159422 | 0.134464 | 0.12921,True,218,183,18,17,Generator (circuit theory) / Permanent magnet synchronous generator / Induction generator,待主题范围审阅,NMF关键词主题,待主题范围审阅,212
N0224,223,Nitride | Carbon nitride | Boron nitride | Titanium nitride | Silicon nitride | Nanotechnology | Graphitic carbon nitride | Carbide | Vanadium nitride | Chemical engineering | Titanium | Melamine | Hexagonal boron nitride | Metallurgy | Gallium nitride,https://openalex.org/keywords/nitride | https://openalex.org/keywords/carbon-nitride | https://openalex.org/keywords/boron-nitride | https://openalex.org/keywords/titanium-nitride | https://openalex.org/keywords/silicon-nitride | https://openalex.org/keywords/nanotechnology | https://openalex.org/keywords/graphitic-carbon-nitride | https://openalex.org/keywords/carbide | https://openalex.org/keywords/vanadium-nitride | https://openalex.org/keywords/chemical-engineering | https://openalex.org/keywords/titanium | https://openalex.org/keywords/melamine | https://openalex.org/keywords/hexagonal-boron-nitride | https://openalex.org/keywords/metallurgy | https://openalex.org/keywords/gallium-nitride,7.74329 | 2.40242 | 1.34622 | 0.600676 | 0.595085 | 0.539399 | 0.390401 | 0.358426 | 0.26108 | 0.259718 | 0.213439 | 0.177616 | 0.175833 | 0.141989 | 0.132729,True,187,142,23,22,Nitride / Carbon nitride / Boron nitride,待主题范围审阅,NMF关键词主题,待主题范围审阅,190
N0225,224,Aeronautics | Aerospace engineering | Propulsion | Aviation | Aerospace | Rocket (weapon) | Flight test | Electrically powered spacecraft propulsion | History | Spacecraft | Airplane | Crew | Drone | Propeller | Flight simulator,https://openalex.org/keywords/aeronautics | https://openalex.org/keywords/aerospace-engineering | https://openalex.org/keywords/propulsion | https://openalex.org/keywords/aviation | https://openalex.org/keywords/aerospace | https://openalex.org/keywords/rocket | https://openalex.org/keywords/flight-test | https://openalex.org/keywords/electrically-powered-spacecraft-propulsion | https://openalex.org/keywords/history | https://openalex.org/keywords/spacecraft | https://openalex.org/keywords/airplane | https://openalex.org/keywords/crew | https://openalex.org/keywords/drone | https://openalex.org/keywords/propeller | https://openalex.org/keywords/flight-simulator,9.46077 | 2.49301 | 1.2915 | 0.769714 | 0.396592 | 0.271001 | 0.270135 | 0.259203 | 0.23619 | 0.189544 | 0.185339 | 0.172776 | 0.151438 | 0.143303 | 0.143257,True,263,225,25,13,Aeronautics / Aerospace engineering / Propulsion,待主题范围审阅,NMF关键词主题,待主题范围审阅,260
N0226,225,Phonon | Scattering | Condensed matter physics | Phonon scattering | Anharmonicity | Thermal conductivity | Boltzmann equation | Lattice (music) | Coupling (piping) | Raman scattering | Relaxation (psychology) | Thermal conduction | Mean free path | Molecular physics | Brillouin zone,https://openalex.org/keywords/phonon | https://openalex.org/keywords/scattering | https://openalex.org/keywords/condensed-matter-physics | https://openalex.org/keywords/phonon-scattering | https://openalex.org/keywords/anharmonicity | https://openalex.org/keywords/thermal-conductivity | https://openalex.org/keywords/boltzmann-equation | https://openalex.org/keywords/lattice | https://openalex.org/keywords/coupling | https://openalex.org/keywords/raman-scattering | https://openalex.org/keywords/relaxation | https://openalex.org/keywords/thermal-conduction | https://openalex.org/keywords/mean-free-path | https://openalex.org/keywords/molecular-physics | https://openalex.org/keywords/brillouin-zone,7.6122 | 3.14433 | 2.42556 | 1.9031 | 1.60464 | 1.31847 | 0.589201 | 0.49806 | 0.497358 | 0.43972 | 0.423034 | 0.397008 | 0.278754 | 0.252298 | 0.248685,True,320,261,22,37,Phonon / Scattering / Condensed matter physics,待主题范围审阅,NMF关键词主题,待主题范围审阅,317
N0227,226,Electromagnetic coil | Electrical engineering | Wireless power transfer | Nuclear magnetic resonance | Mechanical engineering | Superconducting magnet | Magnetic core | Induction heating | Delta-wye transformer | Solenoid | Eddy current | Armature (electrical engineering) | Coupling (piping) | Power transmission | Maximum power transfer theorem,https://openalex.org/keywords/electromagnetic-coil | https://openalex.org/keywords/electrical-engineering | https://openalex.org/keywords/wireless-power-transfer | https://openalex.org/keywords/nuclear-magnetic-resonance | https://openalex.org/keywords/mechanical-engineering | https://openalex.org/keywords/superconducting-magnet | https://openalex.org/keywords/magnetic-core | https://openalex.org/keywords/induction-heating | https://openalex.org/keywords/delta-wye-transformer | https://openalex.org/keywords/solenoid | https://openalex.org/keywords/eddy-current | https://openalex.org/keywords/armature | https://openalex.org/keywords/coupling | https://openalex.org/keywords/power-transmission | https://openalex.org/keywords/maximum-power-transfer-theorem,10.2738 | 1.11897 | 0.693405 | 0.689546 | 0.604158 | 0.603882 | 0.491225 | 0.448611 | 0.440529 | 0.438231 | 0.413463 | 0.388142 | 0.385685 | 0.368602 | 0.343866,True,256,223,14,19,Electromagnetic coil / Electrical engineering / Wireless power transfer,待主题范围审阅,NMF关键词主题,待主题范围审阅,257
N0228,227,Halide | Refrigeration | Refrigerant | Gas compressor | Absorption refrigerator | Coefficient of performance | Thermodynamics | Chiller | Cooling capacity | Evaporator | Vapor-compression refrigeration | Working fluid | Refrigerator car | Metal halides | Heat pump and refrigeration cycle,https://openalex.org/keywords/halide | https://openalex.org/keywords/refrigeration | https://openalex.org/keywords/refrigerant | https://openalex.org/keywords/gas-compressor | https://openalex.org/keywords/absorption-refrigerator | https://openalex.org/keywords/coefficient-of-performance | https://openalex.org/keywords/thermodynamics | https://openalex.org/keywords/chiller | https://openalex.org/keywords/cooling-capacity | https://openalex.org/keywords/evaporator | https://openalex.org/keywords/vapor-compression-refrigeration | https://openalex.org/keywords/working-fluid | https://openalex.org/keywords/refrigerator-car | https://openalex.org/keywords/metal-halides | https://openalex.org/keywords/heat-pump-and-refrigeration-cycle,7.36148 | 2.88938 | 2.25528 | 2.12666 | 1.54048 | 1.37092 | 1.02589 | 0.803788 | 0.741884 | 0.701676 | 0.654914 | 0.437949 | 0.422883 | 0.407838 | 0.350982,True,365,247,44,74,Halide / Refrigeration / Refrigerant,待主题范围审阅,NMF关键词主题,待主题范围审阅,392
N0229,228,Citation | Library science | World Wide Web | Information retrieval | Icon | History | Social media | Download | Table (database) | Art history | Crude oil | Management | Engineering | Data science | Engineering ethics,https://openalex.org/keywords/citation | https://openalex.org/keywords/library-science | https://openalex.org/keywords/world-wide-web | https://openalex.org/keywords/information-retrieval | https://openalex.org/keywords/icon | https://openalex.org/keywords/history | https://openalex.org/keywords/social-media | https://openalex.org/keywords/download | https://openalex.org/keywords/table | https://openalex.org/keywords/art-history | https://openalex.org/keywords/crude-oil | https://openalex.org/keywords/management | https://openalex.org/keywords/engineering | https://openalex.org/keywords/data-science | https://openalex.org/keywords/engineering-ethics,5.57755 | 5.45395 | 1.54022 | 1.4403 | 0.647942 | 0.515441 | 0.320816 | 0.28392 | 0.271942 | 0.265729 | 0.245319 | 0.245225 | 0.229233 | 0.226936 | 0.217644,True,272,260,8,4,Citation / Library science / World Wide Web,待主题范围审阅,NMF关键词主题,待主题范围审阅,273
N0230,229,Catalysis | Bifunctional | Organic chemistry | Inorganic chemistry | Nanomaterial-based catalyst | Heterogeneous catalysis | Palladium | Toluene | Radical | Phenol | Catalytic oxidation | Lewis acids and bases | Ethanol | Selective catalytic reduction | Bifunctional catalyst,https://openalex.org/keywords/catalysis | https://openalex.org/keywords/bifunctional | https://openalex.org/keywords/organic-chemistry | https://openalex.org/keywords/inorganic-chemistry | https://openalex.org/keywords/nanomaterial-based-catalyst | https://openalex.org/keywords/heterogeneous-catalysis | https://openalex.org/keywords/palladium | https://openalex.org/keywords/toluene | https://openalex.org/keywords/radical | https://openalex.org/keywords/phenol | https://openalex.org/keywords/catalytic-oxidation | https://openalex.org/keywords/lewis-acids-and-bases | https://openalex.org/keywords/ethanol | https://openalex.org/keywords/selective-catalytic-reduction | https://openalex.org/keywords/bifunctional-catalyst,10.2322 | 1.5207 | 1.04394 | 0.763668 | 0.658138 | 0.434684 | 0.408579 | 0.257711 | 0.251675 | 0.209877 | 0.204177 | 0.198321 | 0.191421 | 0.190254 | 0.170056,True,261,165,41,55,Catalysis / Bifunctional / Organic chemistry,待主题范围审阅,NMF关键词主题,待主题范围审阅,275
N0231,230,Syngas | Wood gas generator | Waste management | tar (computing) | Steam reforming | Methane | Syngas to gasoline plus | Integrated gasification combined cycle | Producer gas | Heat of combustion | Carbon dioxide reforming | Fischer–Tropsch process | Methane reformer | Chemical engineering | Gas composition,https://openalex.org/keywords/syngas | https://openalex.org/keywords/wood-gas-generator | https://openalex.org/keywords/waste-management | https://openalex.org/keywords/tar | https://openalex.org/keywords/steam-reforming | https://openalex.org/keywords/methane | https://openalex.org/keywords/syngas-to-gasoline-plus | https://openalex.org/keywords/integrated-gasification-combined-cycle | https://openalex.org/keywords/producer-gas | https://openalex.org/keywords/heat-of-combustion | https://openalex.org/keywords/carbon-dioxide-reforming | https://openalex.org/keywords/fischer–tropsch-process | https://openalex.org/keywords/methane-reformer | https://openalex.org/keywords/chemical-engineering | https://openalex.org/keywords/gas-composition,7.83134 | 2.76948 | 1.96213 | 1.43254 | 1.3229 | 0.901543 | 0.789202 | 0.787179 | 0.68849 | 0.618634 | 0.550091 | 0.544092 | 0.504894 | 0.496946 | 0.469822,True,409,336,27,46,Syngas / Wood gas generator / Waste management,待主题范围审阅,NMF关键词主题,待主题范围审阅,409
N0232,231,Ferromagnetism | Condensed matter physics | Spintronics | Magnetic moment | Magnetization | Magnetism | Antiferromagnetism | Curie temperature | Paramagnetism | Coercivity | Spin polarization | Spin (aerodynamics) | Ferrimagnetism | Magnetic semiconductor | Fermi level,https://openalex.org/keywords/ferromagnetism | https://openalex.org/keywords/condensed-matter-physics | https://openalex.org/keywords/spintronics | https://openalex.org/keywords/magnetic-moment | https://openalex.org/keywords/magnetization | https://openalex.org/keywords/magnetism | https://openalex.org/keywords/antiferromagnetism | https://openalex.org/keywords/curie-temperature | https://openalex.org/keywords/paramagnetism | https://openalex.org/keywords/coercivity | https://openalex.org/keywords/spin-polarization | https://openalex.org/keywords/spin | https://openalex.org/keywords/ferrimagnetism | https://openalex.org/keywords/magnetic-semiconductor | https://openalex.org/keywords/fermi-level,5.07458 | 4.19583 | 2.61404 | 2.50606 | 1.98532 | 1.55546 | 1.4568 | 1.41993 | 0.896122 | 0.893639 | 0.869351 | 0.736079 | 0.725822 | 0.619666 | 0.437435,True,406,366,18,22,Ferromagnetism / Condensed matter physics / Spintronics,待主题范围审阅,NMF关键词主题,待主题范围审阅,382
N0233,232,"PEDOT:PSS | Conductive polymer | Poly(3,4-ethylenedioxythiophene) | Polymer | Polystyrene sulfonate | Indium tin oxide | Polymer solar cell | Composite material | Active layer | Electrode | Polythiophene | Energy conversion efficiency | Polystyrene | Auxiliary electrode | Sulfonate",https://openalex.org/keywords/pedot-pss | https://openalex.org/keywords/conductive-polymer | https://openalex.org/keywords/poly | https://openalex.org/keywords/polymer | https://openalex.org/keywords/polystyrene-sulfonate | https://openalex.org/keywords/indium-tin-oxide | https://openalex.org/keywords/polymer-solar-cell | https://openalex.org/keywords/composite-material | https://openalex.org/keywords/active-layer | https://openalex.org/keywords/electrode | https://openalex.org/keywords/polythiophene | https://openalex.org/keywords/energy-conversion-efficiency | https://openalex.org/keywords/polystyrene | https://openalex.org/keywords/auxiliary-electrode | https://openalex.org/keywords/sulfonate,10.2805 | 2.44051 | 1.43626 | 1.04627 | 0.609708 | 0.474542 | 0.437312 | 0.3295 | 0.318661 | 0.313961 | 0.258979 | 0.243926 | 0.215377 | 0.213639 | 0.2134,True,306,283,17,6,"PEDOT:PSS / Conductive polymer / Poly(3,4-ethylenedioxythiophene)",待主题范围审阅,NMF关键词主题,待主题范围审阅,305
N0234,233,Electrical resistivity and conductivity | Seebeck coefficient | Atmospheric temperature range | Hall effect | Composite material | Conductivity | Ohmic contact | Percolation threshold | Temperature coefficient | Activation energy | Transmittance | Percolation (cognitive psychology) | Electron mobility | Thermal conduction | Photoconductivity,https://openalex.org/keywords/electrical-resistivity-and-conductivity | https://openalex.org/keywords/seebeck-coefficient | https://openalex.org/keywords/atmospheric-temperature-range | https://openalex.org/keywords/hall-effect | https://openalex.org/keywords/composite-material | https://openalex.org/keywords/conductivity | https://openalex.org/keywords/ohmic-contact | https://openalex.org/keywords/percolation-threshold | https://openalex.org/keywords/temperature-coefficient | https://openalex.org/keywords/activation-energy | https://openalex.org/keywords/transmittance | https://openalex.org/keywords/percolation | https://openalex.org/keywords/electron-mobility | https://openalex.org/keywords/thermal-conduction | https://openalex.org/keywords/photoconductivity,10.5844 | 1.58854 | 1.3452 | 0.811926 | 0.430441 | 0.316358 | 0.314101 | 0.299245 | 0.269791 | 0.255138 | 0.227963 | 0.212703 | 0.21044 | 0.203311 | 0.198293,True,156,136,5,15,Electrical resistivity and conductivity / Seebeck coefficient / Atmospheric temperature range,待主题范围审阅,NMF关键词主题,待主题范围审阅,159
N0235,234,Titanium dioxide | Titanium | Titanium oxide | Metallurgy | Titanium carbide | Ilmenite | Titanium alloy | Titanium nitride | Titanate | Ultraviolet | Niobium | Lithium titanate | Antimicrobial | Slag (welding) | Chromium,https://openalex.org/keywords/titanium-dioxide | https://openalex.org/keywords/titanium | https://openalex.org/keywords/titanium-oxide | https://openalex.org/keywords/metallurgy | https://openalex.org/keywords/titanium-carbide | https://openalex.org/keywords/ilmenite | https://openalex.org/keywords/titanium-alloy | https://openalex.org/keywords/titanium-nitride | https://openalex.org/keywords/titanate | https://openalex.org/keywords/ultraviolet | https://openalex.org/keywords/niobium | https://openalex.org/keywords/lithium-titanate | https://openalex.org/keywords/antimicrobial | https://openalex.org/keywords/slag | https://openalex.org/keywords/chromium,8.1103 | 6.56521 | 1.37444 | 0.781944 | 0.290992 | 0.205626 | 0.204895 | 0.147367 | 0.144313 | 0.133303 | 0.127743 | 0.122735 | 0.117468 | 0.113357 | 0.105427,True,242,217,14,11,Titanium dioxide / Titanium / Titanium oxide,待主题范围审阅,NMF关键词主题,待主题范围审阅,241
N0236,235,Software | Operating system | Embedded system | Software engineering | Real-time computing | Computer hardware | Data acquisition | Database | Programming language | Control system | Simulation software | Automation | Architecture | Scalability | Software development,https://openalex.org/keywords/software | https://openalex.org/keywords/operating-system | https://openalex.org/keywords/embedded-system | https://openalex.org/keywords/software-engineering | https://openalex.org/keywords/real-time-computing | https://openalex.org/keywords/computer-hardware | https://openalex.org/keywords/data-acquisition | https://openalex.org/keywords/database | https://openalex.org/keywords/programming-language | https://openalex.org/keywords/control-system | https://openalex.org/keywords/simulation-software | https://openalex.org/keywords/automation | https://openalex.org/keywords/architecture | https://openalex.org/keywords/scalability | https://openalex.org/keywords/software-development,8.49342 | 2.08561 | 1.73725 | 1.03875 | 0.821299 | 0.636764 | 0.56113 | 0.559658 | 0.441666 | 0.347693 | 0.332988 | 0.32896 | 0.27872 | 0.252196 | 0.248168,True,298,263,14,21,Software / Operating system / Embedded system,待主题范围审阅,NMF关键词主题,待主题范围审阅,292
N0237,236,Yield (engineering) | Catalysis | Quantum yield | Chemistry | Organic chemistry | tar (computing) | Response surface methodology | Furfural | Solar still | Metallurgy | Fructose | Nuclear chemistry | Biomass (ecology) | Sawdust | Lewis acids and bases,https://openalex.org/keywords/yield | https://openalex.org/keywords/catalysis | https://openalex.org/keywords/quantum-yield | https://openalex.org/keywords/chemistry | https://openalex.org/keywords/organic-chemistry | https://openalex.org/keywords/tar | https://openalex.org/keywords/response-surface-methodology | https://openalex.org/keywords/furfural | https://openalex.org/keywords/solar-still | https://openalex.org/keywords/metallurgy | https://openalex.org/keywords/fructose | https://openalex.org/keywords/nuclear-chemistry | https://openalex.org/keywords/biomass | https://openalex.org/keywords/sawdust | https://openalex.org/keywords/lewis-acids-and-bases,10.9486 | 1.05625 | 0.926403 | 0.674272 | 0.560276 | 0.367665 | 0.344741 | 0.332414 | 0.329117 | 0.22904 | 0.226272 | 0.213042 | 0.204754 | 0.191137 | 0.168391,True,222,176,20,26,Yield (engineering) / Catalysis / Quantum yield,待主题范围审阅,NMF关键词主题,待主题范围审阅,219
N0238,237,Range (aeronautics) | Driving range | Atmospheric temperature range | Aerospace engineering | Acceleration | Statistics | Point (geometry) | Weibull distribution | Wind speed | Lightning (connector) | Geothermal gradient | Ion implantation | Wind wave | Calibration | Tracking (education),https://openalex.org/keywords/range | https://openalex.org/keywords/driving-range | https://openalex.org/keywords/atmospheric-temperature-range | https://openalex.org/keywords/aerospace-engineering | https://openalex.org/keywords/acceleration | https://openalex.org/keywords/statistics | https://openalex.org/keywords/point | https://openalex.org/keywords/weibull-distribution | https://openalex.org/keywords/wind-speed | https://openalex.org/keywords/lightning | https://openalex.org/keywords/geothermal-gradient | https://openalex.org/keywords/ion-implantation | https://openalex.org/keywords/wind-wave | https://openalex.org/keywords/calibration | https://openalex.org/keywords/tracking,10.6451 | 0.925387 | 0.771109 | 0.507289 | 0.171571 | 0.16967 | 0.152863 | 0.145346 | 0.119854 | 0.102307 | 0.0957291 | 0.0945751 | 0.0881793 | 0.0821312 | 0.0814996,True,267,226,10,31,Range (aeronautics) / Driving range / Atmospheric temperature range,待主题范围审阅,NMF关键词主题,待主题范围审阅,262
N0239,238,Manganese | Inorganic chemistry | Birnessite | Torrefaction | Valence (chemistry) | Cerium | Pulp and paper industry | Manganese oxide | Geothermal gradient | Permanganate | Alkaline battery | Briquette | XANES | Raw material | Electrode,https://openalex.org/keywords/manganese | https://openalex.org/keywords/inorganic-chemistry | https://openalex.org/keywords/birnessite | https://openalex.org/keywords/torrefaction | https://openalex.org/keywords/valence | https://openalex.org/keywords/cerium | https://openalex.org/keywords/pulp-and-paper-industry | https://openalex.org/keywords/manganese-oxide | https://openalex.org/keywords/geothermal-gradient | https://openalex.org/keywords/permanganate | https://openalex.org/keywords/alkaline-battery | https://openalex.org/keywords/briquette | https://openalex.org/keywords/xanes | https://openalex.org/keywords/raw-material | https://openalex.org/keywords/electrode,7.69411 | 2.43039 | 1.1526 | 0.693444 | 0.320379 | 0.316277 | 0.262976 | 0.215566 | 0.196985 | 0.19517 | 0.18569 | 0.184815 | 0.182914 | 0.162531 | 0.161922,True,137,104,16,17,Manganese / Inorganic chemistry / Birnessite,待主题范围审阅,NMF关键词主题,待主题范围审阅,167
N0240,239,Manganese | Manganese oxide | Oxidizing agent | Natural resource economics | Sulfuric acid | Reliability engineering | Hydrogen peroxide | Leaching (pedology) | Inorganic chemistry | Pseudocapacitance | Silicide | Distributed generation | Alkaline battery | Catalysis | Microorganism,https://openalex.org/keywords/manganese | https://openalex.org/keywords/manganese-oxide | https://openalex.org/keywords/oxidizing-agent | https://openalex.org/keywords/natural-resource-economics | https://openalex.org/keywords/sulfuric-acid | https://openalex.org/keywords/reliability-engineering | https://openalex.org/keywords/hydrogen-peroxide | https://openalex.org/keywords/leaching | https://openalex.org/keywords/inorganic-chemistry | https://openalex.org/keywords/pseudocapacitance | https://openalex.org/keywords/silicide | https://openalex.org/keywords/distributed-generation | https://openalex.org/keywords/alkaline-battery | https://openalex.org/keywords/catalysis | https://openalex.org/keywords/microorganism,6.90117 | 2.4354 | 1.09498 | 0.667041 | 0.457932 | 0.240417 | 0.162849 | 0.156993 | 0.144107 | 0.129102 | 0.125658 | 0.11005 | 0.109498 | 0.105917 | 0.105283,True,125,98,8,19,Manganese / Manganese oxide / Oxidizing agent,待主题范围审阅,NMF关键词主题,待主题范围审阅,121
N0241,240,Organic Rankine cycle | Degree Rankine | Working fluid | Rankine cycle | Waste heat | Waste heat recovery unit | Thermal efficiency | Waste management | Mechanical engineering | Thermodynamic cycle | Brayton cycle | Zeotropic mixture | Isentropic process | Evaporator | Parabolic trough,https://openalex.org/keywords/organic-rankine-cycle | https://openalex.org/keywords/degree-rankine | https://openalex.org/keywords/working-fluid | https://openalex.org/keywords/rankine-cycle | https://openalex.org/keywords/waste-heat | https://openalex.org/keywords/waste-heat-recovery-unit | https://openalex.org/keywords/thermal-efficiency | https://openalex.org/keywords/waste-management | https://openalex.org/keywords/mechanical-engineering | https://openalex.org/keywords/thermodynamic-cycle | https://openalex.org/keywords/brayton-cycle | https://openalex.org/keywords/zeotropic-mixture | https://openalex.org/keywords/isentropic-process | https://openalex.org/keywords/evaporator | https://openalex.org/keywords/parabolic-trough,6.68299 | 3.29289 | 3.04975 | 3.00765 | 2.90363 | 1.51189 | 1.46715 | 0.741007 | 0.568973 | 0.47541 | 0.445506 | 0.355358 | 0.312854 | 0.299382 | 0.273668,True,270,232,13,25,Organic Rankine cycle / Degree Rankine / Working fluid,待主题范围审阅,NMF关键词主题,待主题范围审阅,267
N0242,241,Pulse-width modulation | Modulation (music) | Electronic engineering | Pulse (music) | Waveform | Space vector modulation | Duty cycle | Three-phase | Modulation index | Space vector | Pulse-frequency modulation | H bridge | Commutation | PWM rectifier | Common-mode signal,https://openalex.org/keywords/pulse-width-modulation | https://openalex.org/keywords/modulation | https://openalex.org/keywords/electronic-engineering | https://openalex.org/keywords/pulse | https://openalex.org/keywords/waveform | https://openalex.org/keywords/space-vector-modulation | https://openalex.org/keywords/duty-cycle | https://openalex.org/keywords/three-phase | https://openalex.org/keywords/modulation-index | https://openalex.org/keywords/space-vector | https://openalex.org/keywords/pulse-frequency-modulation | https://openalex.org/keywords/h-bridge | https://openalex.org/keywords/commutation | https://openalex.org/keywords/pwm-rectifier | https://openalex.org/keywords/common-mode-signal,9.73259 | 3.92898 | 1.17146 | 0.88315 | 0.782318 | 0.753558 | 0.721463 | 0.565423 | 0.442158 | 0.436697 | 0.416687 | 0.377469 | 0.35152 | 0.323192 | 0.315085,True,268,241,13,14,Pulse-width modulation / Modulation (music) / Electronic engineering,待主题范围审阅,NMF关键词主题,待主题范围审阅,259
N0243,242,Bifunctional | Oxygen evolution | Bifunctional catalyst | Inorganic chemistry | Nanotechnology | Transition metal | Clark electrode | Phosphide | Physical chemistry | Nanopore | Octahedron | Boosting (machine learning) | SPHERES | Electroluminescence | Carbon monoxide,https://openalex.org/keywords/bifunctional | https://openalex.org/keywords/oxygen-evolution | https://openalex.org/keywords/bifunctional-catalyst | https://openalex.org/keywords/inorganic-chemistry | https://openalex.org/keywords/nanotechnology | https://openalex.org/keywords/transition-metal | https://openalex.org/keywords/clark-electrode | https://openalex.org/keywords/phosphide | https://openalex.org/keywords/physical-chemistry | https://openalex.org/keywords/nanopore | https://openalex.org/keywords/octahedron | https://openalex.org/keywords/boosting | https://openalex.org/keywords/spheres | https://openalex.org/keywords/electroluminescence | https://openalex.org/keywords/carbon-monoxide,9.0655 | 1.90933 | 0.886511 | 0.416224 | 0.376055 | 0.225138 | 0.148755 | 0.0892309 | 0.0613284 | 0.0594433 | 0.0575692 | 0.0516453 | 0.0510944 | 0.0459554 | 0.040988,True,447,304,51,92,Bifunctional / Oxygen evolution / Bifunctional catalyst,待主题范围审阅,NMF关键词主题,待主题范围审阅,450
N0244,243,Ionic conductivity | Ionic bonding | Fast ion conductor | Electrochemical window | Ethylene oxide | Glass transition | Composite material | Thermal stability | Chemistry | Range (aeronautics) | Hexafluoropropylene | Trifluoromethanesulfonate | Plasticizer | Epoxy | Lithium perchlorate,https://openalex.org/keywords/ionic-conductivity | https://openalex.org/keywords/ionic-bonding | https://openalex.org/keywords/fast-ion-conductor | https://openalex.org/keywords/electrochemical-window | https://openalex.org/keywords/ethylene-oxide | https://openalex.org/keywords/glass-transition | https://openalex.org/keywords/composite-material | https://openalex.org/keywords/thermal-stability | https://openalex.org/keywords/chemistry | https://openalex.org/keywords/range | https://openalex.org/keywords/hexafluoropropylene | https://openalex.org/keywords/trifluoromethanesulfonate | https://openalex.org/keywords/plasticizer | https://openalex.org/keywords/epoxy | https://openalex.org/keywords/lithium-perchlorate,8.892 | 2.91337 | 1.36842 | 0.816409 | 0.763545 | 0.389447 | 0.373425 | 0.358556 | 0.319632 | 0.288759 | 0.243454 | 0.230824 | 0.217645 | 0.17057 | 0.152408,True,442,316,38,88,Ionic conductivity / Ionic bonding / Fast ion conductor,待主题范围审阅,NMF关键词主题,待主题范围审阅,458
N0245,244,Distributed generation | Distributed computing | Stand-alone power system | Intermittent energy source | Dispatchable generation | Base load power plant | Net metering | Virtual power plant | Pumped-storage hydroelectricity | Environmental economics | Grid parity | Voltage regulation | Distributed power | Control reconfiguration | Grid energy storage,https://openalex.org/keywords/distributed-generation | https://openalex.org/keywords/distributed-computing | https://openalex.org/keywords/stand-alone-power-system | https://openalex.org/keywords/intermittent-energy-source | https://openalex.org/keywords/dispatchable-generation | https://openalex.org/keywords/base-load-power-plant | https://openalex.org/keywords/net-metering | https://openalex.org/keywords/virtual-power-plant | https://openalex.org/keywords/pumped-storage-hydroelectricity | https://openalex.org/keywords/environmental-economics | https://openalex.org/keywords/grid-parity | https://openalex.org/keywords/voltage-regulation | https://openalex.org/keywords/distributed-power | https://openalex.org/keywords/control-reconfiguration | https://openalex.org/keywords/grid-energy-storage,10.4664 | 0.915476 | 0.863739 | 0.840685 | 0.615463 | 0.529155 | 0.493109 | 0.463297 | 0.454323 | 0.414481 | 0.394498 | 0.331805 | 0.32882 | 0.296695 | 0.285684,True,183,154,12,17,Distributed generation / Distributed computing / Stand-alone power system,待主题范围审阅,NMF关键词主题,待主题范围审阅,190
N0246,245,Kinetics | Reaction rate constant | Kinetic energy | Activation energy | Chemical kinetics | Thermodynamics | Reaction rate | Physical chemistry | Order of reaction | Reaction mechanism | Electrochemical kinetics | Arrhenius equation | Inorganic chemistry | Thermogravimetry | Electrode,https://openalex.org/keywords/kinetics | https://openalex.org/keywords/reaction-rate-constant | https://openalex.org/keywords/kinetic-energy | https://openalex.org/keywords/activation-energy | https://openalex.org/keywords/chemical-kinetics | https://openalex.org/keywords/thermodynamics | https://openalex.org/keywords/reaction-rate | https://openalex.org/keywords/physical-chemistry | https://openalex.org/keywords/order-of-reaction | https://openalex.org/keywords/reaction-mechanism | https://openalex.org/keywords/electrochemical-kinetics | https://openalex.org/keywords/arrhenius-equation | https://openalex.org/keywords/inorganic-chemistry | https://openalex.org/keywords/thermogravimetry | https://openalex.org/keywords/electrode,9.5807 | 2.42196 | 1.46047 | 1.02141 | 0.842649 | 0.719961 | 0.660618 | 0.458146 | 0.440192 | 0.330143 | 0.290466 | 0.264044 | 0.250609 | 0.128321 | 0.123461,True,338,238,32,68,Kinetics / Reaction rate constant / Kinetic energy,待主题范围审阅,NMF关键词主题,待主题范围审阅,339
N0247,246,Topology (electrical circuits) | Network topology | Voltage | Mathematics | H bridge | Three-phase | Combinatorics | Node (physics) | Waveform | Control reconfiguration | Physics | Total harmonic distortion | Synchronization (alternating current) | Graph | Topology optimization,https://openalex.org/keywords/topology | https://openalex.org/keywords/network-topology | https://openalex.org/keywords/voltage | https://openalex.org/keywords/mathematics | https://openalex.org/keywords/h-bridge | https://openalex.org/keywords/three-phase | https://openalex.org/keywords/combinatorics | https://openalex.org/keywords/node | https://openalex.org/keywords/waveform | https://openalex.org/keywords/control-reconfiguration | https://openalex.org/keywords/physics | https://openalex.org/keywords/total-harmonic-distortion | https://openalex.org/keywords/synchronization | https://openalex.org/keywords/graph | https://openalex.org/keywords/topology-optimization,10.2988 | 3.80783 | 0.906033 | 0.644431 | 0.465616 | 0.363214 | 0.30446 | 0.286446 | 0.277363 | 0.24773 | 0.247011 | 0.246035 | 0.2413 | 0.206015 | 0.201823,True,241,186,19,36,Topology (electrical circuits) / Network topology / Voltage,待主题范围审阅,NMF关键词主题,待主题范围审阅,227
N0248,247,Electrical conductor | Conductor | Composite material | Superconductivity | Overhead (engineering) | Electrode | Ampacity | Critical current | Corona (planetary geology) | Superconducting magnet | Bundle | High-temperature superconductivity | Conductive polymer | Corona discharge | Electromagnetic shielding,https://openalex.org/keywords/electrical-conductor | https://openalex.org/keywords/conductor | https://openalex.org/keywords/composite-material | https://openalex.org/keywords/superconductivity | https://openalex.org/keywords/overhead | https://openalex.org/keywords/electrode | https://openalex.org/keywords/ampacity | https://openalex.org/keywords/critical-current | https://openalex.org/keywords/corona | https://openalex.org/keywords/superconducting-magnet | https://openalex.org/keywords/bundle | https://openalex.org/keywords/high-temperature-superconductivity | https://openalex.org/keywords/conductive-polymer | https://openalex.org/keywords/corona-discharge | https://openalex.org/keywords/electromagnetic-shielding,8.6887 | 4.6746 | 0.795357 | 0.626594 | 0.34258 | 0.30982 | 0.309478 | 0.275003 | 0.266575 | 0.261088 | 0.255084 | 0.244598 | 0.237449 | 0.22251 | 0.220998,True,318,253,21,44,Electrical conductor / Conductor / Composite material,待主题范围审阅,NMF关键词主题,待主题范围审阅,315
N0249,248,Copolymer | Polymer chemistry | Monomer | Polymerization | Styrene | Arylene | Polystyrene | Methacrylate | Carbazole | Ethylene oxide | Atom-transfer radical-polymerization | Ether | Acrylic acid | Condensation polymer | Amphiphile,https://openalex.org/keywords/copolymer | https://openalex.org/keywords/polymer-chemistry | https://openalex.org/keywords/monomer | https://openalex.org/keywords/polymerization | https://openalex.org/keywords/styrene | https://openalex.org/keywords/arylene | https://openalex.org/keywords/polystyrene | https://openalex.org/keywords/methacrylate | https://openalex.org/keywords/carbazole | https://openalex.org/keywords/ethylene-oxide | https://openalex.org/keywords/atom-transfer-radical-polymerization | https://openalex.org/keywords/ether | https://openalex.org/keywords/acrylic-acid | https://openalex.org/keywords/condensation-polymer | https://openalex.org/keywords/amphiphile,7.33978 | 4.56183 | 2.26616 | 2.06018 | 1.03034 | 0.692564 | 0.619954 | 0.55926 | 0.538253 | 0.51082 | 0.41681 | 0.398328 | 0.397823 | 0.394303 | 0.359766,True,403,370,16,17,Copolymer / Polymer chemistry / Monomer,待主题范围审阅,NMF关键词主题,待主题范围审阅,403
N0250,249,Smart grid | Distributed computing | Smart meter | Metering mode | Scalability | Cloud computing | Real-time computing | Metre | Computer network | Engineering | Waste management | Electricity meter | Embedded system | Control reconfiguration | Telecommunications network,https://openalex.org/keywords/smart-grid | https://openalex.org/keywords/distributed-computing | https://openalex.org/keywords/smart-meter | https://openalex.org/keywords/metering-mode | https://openalex.org/keywords/scalability | https://openalex.org/keywords/cloud-computing | https://openalex.org/keywords/real-time-computing | https://openalex.org/keywords/metre | https://openalex.org/keywords/computer-network | https://openalex.org/keywords/engineering | https://openalex.org/keywords/waste-management | https://openalex.org/keywords/electricity-meter | https://openalex.org/keywords/embedded-system | https://openalex.org/keywords/control-reconfiguration | https://openalex.org/keywords/telecommunications-network,8.99179 | 2.54456 | 0.952938 | 0.584927 | 0.566939 | 0.451105 | 0.346386 | 0.27474 | 0.257746 | 0.24194 | 0.225323 | 0.207058 | 0.192106 | 0.189305 | 0.188143,True,446,355,31,60,Smart grid / Distributed computing / Smart meter,待主题范围审阅,NMF关键词主题,待主题范围审阅,446
N0251,250,Decomposition | Radical | Hydrogen peroxide | Chemical decomposition | Organic chemistry | Toluene | Chemical process of decomposition | Methane | Physical chemistry | Benzene | Decomposition method (queueing theory) | Benders' decomposition | Inorganic chemistry | Ozone | Peroxide,https://openalex.org/keywords/decomposition | https://openalex.org/keywords/radical | https://openalex.org/keywords/hydrogen-peroxide | https://openalex.org/keywords/chemical-decomposition | https://openalex.org/keywords/organic-chemistry | https://openalex.org/keywords/toluene | https://openalex.org/keywords/chemical-process-of-decomposition | https://openalex.org/keywords/methane | https://openalex.org/keywords/physical-chemistry | https://openalex.org/keywords/benzene | https://openalex.org/keywords/decomposition-method | https://openalex.org/keywords/benders-decomposition | https://openalex.org/keywords/inorganic-chemistry | https://openalex.org/keywords/ozone | https://openalex.org/keywords/peroxide,8.883 | 0.48845 | 0.300811 | 0.281622 | 0.264639 | 0.210474 | 0.191046 | 0.158016 | 0.155624 | 0.137265 | 0.13488 | 0.124829 | 0.118465 | 0.11795 | 0.107899,True,315,236,26,53,Decomposition / Radical / Hydrogen peroxide,待主题范围审阅,NMF关键词主题,待主题范围审阅,318
N0252,251,Consumption (sociology) | Agricultural economics | Power consumption | Fuel efficiency | Per capita | Sociology | Metering mode | Oil consumption | Social science | Art | Gas consumption | Water consumption | Operations management | Carbon footprint | Payment,https://openalex.org/keywords/consumption | https://openalex.org/keywords/agricultural-economics | https://openalex.org/keywords/power-consumption | https://openalex.org/keywords/fuel-efficiency | https://openalex.org/keywords/per-capita | https://openalex.org/keywords/sociology | https://openalex.org/keywords/metering-mode | https://openalex.org/keywords/oil-consumption | https://openalex.org/keywords/social-science | https://openalex.org/keywords/art | https://openalex.org/keywords/gas-consumption | https://openalex.org/keywords/water-consumption | https://openalex.org/keywords/operations-management | https://openalex.org/keywords/carbon-footprint | https://openalex.org/keywords/payment,9.23602 | 0.844024 | 0.775825 | 0.497158 | 0.426295 | 0.377878 | 0.280343 | 0.264315 | 0.159435 | 0.158857 | 0.149191 | 0.133909 | 0.129131 | 0.119354 | 0.105509,True,350,273,27,50,Consumption (sociology) / Agricultural economics / Power consumption,待主题范围审阅,NMF关键词主题,待主题范围审阅,354
N0253,252,Thermal decomposition | Electrode | Decomposition | Thermogravimetry | Auxiliary electrode | Capacitive deionization | Thermal analysis | Oxalate | Membrane electrode assembly | Exothermic reaction | Oleylamine | Capacitance | Hydrocarbon | Electric arc | Differential thermal analysis,https://openalex.org/keywords/thermal-decomposition | https://openalex.org/keywords/electrode | https://openalex.org/keywords/decomposition | https://openalex.org/keywords/thermogravimetry | https://openalex.org/keywords/auxiliary-electrode | https://openalex.org/keywords/capacitive-deionization | https://openalex.org/keywords/thermal-analysis | https://openalex.org/keywords/oxalate | https://openalex.org/keywords/membrane-electrode-assembly | https://openalex.org/keywords/exothermic-reaction | https://openalex.org/keywords/oleylamine | https://openalex.org/keywords/capacitance | https://openalex.org/keywords/hydrocarbon | https://openalex.org/keywords/electric-arc | https://openalex.org/keywords/differential-thermal-analysis,7.73435 | 4.37279 | 2.15091 | 0.822303 | 0.587515 | 0.3644 | 0.337262 | 0.21345 | 0.204982 | 0.175477 | 0.153963 | 0.129135 | 0.129026 | 0.11565 | 0.115284,True,154,126,10,18,Thermal decomposition / Electrode / Decomposition,待主题范围审阅,NMF关键词主题,待主题范围审阅,152
N0254,253,Flexibility (engineering) | Environmental economics | Prosumer | Variable renewable energy | Adaptability | Durability | Variable (mathematics) | Wearable computer | Valuation (finance) | Reliability engineering | Controllability | Nanotechnology | Power to gas | Energy market | Wearable technology,https://openalex.org/keywords/flexibility | https://openalex.org/keywords/environmental-economics | https://openalex.org/keywords/prosumer | https://openalex.org/keywords/variable-renewable-energy | https://openalex.org/keywords/adaptability | https://openalex.org/keywords/durability | https://openalex.org/keywords/variable | https://openalex.org/keywords/wearable-computer | https://openalex.org/keywords/valuation | https://openalex.org/keywords/reliability-engineering | https://openalex.org/keywords/controllability | https://openalex.org/keywords/nanotechnology | https://openalex.org/keywords/power-to-gas | https://openalex.org/keywords/energy-market | https://openalex.org/keywords/wearable-technology,10.6981 | 0.658226 | 0.281004 | 0.242547 | 0.22934 | 0.167226 | 0.157264 | 0.15684 | 0.156618 | 0.150189 | 0.150119 | 0.135082 | 0.130604 | 0.124409 | 0.114273,True,335,236,16,83,Flexibility (engineering) / Environmental economics / Prosumer,待主题范围审阅,NMF关键词主题,待主题范围审阅,336
N0255,254,Geothermal gradient | Geothermal energy | Geothermal power | Geophysics | Flash (photography) | Fracture (geology) | Geothermal exploration | Thermoelectric generator | Ammonia | Ammonia production | Earth science | Fluid dynamics | Thermal energy | Working fluid | Wellhead,https://openalex.org/keywords/geothermal-gradient | https://openalex.org/keywords/geothermal-energy | https://openalex.org/keywords/geothermal-power | https://openalex.org/keywords/geophysics | https://openalex.org/keywords/flash | https://openalex.org/keywords/fracture | https://openalex.org/keywords/geothermal-exploration | https://openalex.org/keywords/thermoelectric-generator | https://openalex.org/keywords/ammonia | https://openalex.org/keywords/ammonia-production | https://openalex.org/keywords/earth-science | https://openalex.org/keywords/fluid-dynamics | https://openalex.org/keywords/thermal-energy | https://openalex.org/keywords/working-fluid | https://openalex.org/keywords/wellhead,6.98428 | 2.91953 | 1.33242 | 0.561885 | 0.248282 | 0.225103 | 0.21677 | 0.183674 | 0.171689 | 0.128355 | 0.126788 | 0.110897 | 0.106519 | 0.102345 | 0.0990175,True,340,246,24,70,Geothermal gradient / Geothermal energy / Geothermal power,待主题范围审阅,NMF关键词主题,待主题范围审阅,375
N0256,255,Charge (physics) | Physics | Chemical physics | Trapping | Transfer (computing) | Recombination | Space charge | Charge density | Quantum mechanics | Surface charge | Organic semiconductor | Electric charge | Coulomb | Charge control | Charge ordering,https://openalex.org/keywords/charge | https://openalex.org/keywords/physics | https://openalex.org/keywords/chemical-physics | https://openalex.org/keywords/trapping | https://openalex.org/keywords/transfer | https://openalex.org/keywords/recombination | https://openalex.org/keywords/space-charge | https://openalex.org/keywords/charge-density | https://openalex.org/keywords/quantum-mechanics | https://openalex.org/keywords/surface-charge | https://openalex.org/keywords/organic-semiconductor | https://openalex.org/keywords/electric-charge | https://openalex.org/keywords/coulomb | https://openalex.org/keywords/charge-control | https://openalex.org/keywords/charge-ordering,10.3866 | 0.710049 | 0.594092 | 0.548881 | 0.536901 | 0.52559 | 0.492348 | 0.4288 | 0.372228 | 0.32019 | 0.319263 | 0.262639 | 0.234647 | 0.192214 | 0.160944,True,288,193,39,56,Charge (physics) / Physics / Chemical physics,待主题范围审阅,NMF关键词主题,待主题范围审阅,284
N0257,256,Distribution (mathematics) | Mathematics | Mathematical analysis | Statistics | Applied mathematics | Electric power distribution | Mean squared error | Weibull distribution | Probability density function | Estimation | Boundary (topology) | Distribution grid | Automation | Probability distribution | Fourier transform,https://openalex.org/keywords/distribution | https://openalex.org/keywords/mathematics | https://openalex.org/keywords/mathematical-analysis | https://openalex.org/keywords/statistics | https://openalex.org/keywords/applied-mathematics | https://openalex.org/keywords/electric-power-distribution | https://openalex.org/keywords/mean-squared-error | https://openalex.org/keywords/weibull-distribution | https://openalex.org/keywords/probability-density-function | https://openalex.org/keywords/estimation | https://openalex.org/keywords/boundary | https://openalex.org/keywords/distribution-grid | https://openalex.org/keywords/automation | https://openalex.org/keywords/probability-distribution | https://openalex.org/keywords/fourier-transform,10.1072 | 3.48216 | 1.3313 | 1.2486 | 0.56854 | 0.365549 | 0.356913 | 0.271352 | 0.233281 | 0.22151 | 0.16567 | 0.164573 | 0.148609 | 0.144203 | 0.143088,True,297,208,38,51,Distribution (mathematics) / Mathematics / Mathematical analysis,待主题范围审阅,NMF关键词主题,待主题范围审阅,293
N0258,257,Platinum | Platinum nanoparticles | Inorganic chemistry | Auxiliary electrode | Platinum group | Palladium | Membrane electrode assembly | Rotating disk electrode | Nanomaterial-based catalyst | Chloroplatinic acid | Electrode | Glycerol | Group (periodic table) | Tungsten carbide | Rhodium,https://openalex.org/keywords/platinum | https://openalex.org/keywords/platinum-nanoparticles | https://openalex.org/keywords/inorganic-chemistry | https://openalex.org/keywords/auxiliary-electrode | https://openalex.org/keywords/platinum-group | https://openalex.org/keywords/palladium | https://openalex.org/keywords/membrane-electrode-assembly | https://openalex.org/keywords/rotating-disk-electrode | https://openalex.org/keywords/nanomaterial-based-catalyst | https://openalex.org/keywords/chloroplatinic-acid | https://openalex.org/keywords/electrode | https://openalex.org/keywords/glycerol | https://openalex.org/keywords/group | https://openalex.org/keywords/tungsten-carbide | https://openalex.org/keywords/rhodium,9.4837 | 1.47545 | 0.90999 | 0.449632 | 0.405838 | 0.249514 | 0.191624 | 0.174475 | 0.140818 | 0.137119 | 0.124014 | 0.103948 | 0.102903 | 0.0936088 | 0.0921059,True,316,277,16,23,Platinum / Platinum nanoparticles / Inorganic chemistry,待主题范围审阅,NMF关键词主题,待主题范围审阅,315
N0259,258,Exciton | Molecular physics | Biexciton | Atomic physics | Binding energy | Delocalized electron | Excitation | Trion | Chemistry | Ultrafast laser spectroscopy | Polaron | Quantum well | Femtosecond | Spectral line | Singlet fission,https://openalex.org/keywords/exciton | https://openalex.org/keywords/molecular-physics | https://openalex.org/keywords/biexciton | https://openalex.org/keywords/atomic-physics | https://openalex.org/keywords/binding-energy | https://openalex.org/keywords/delocalized-electron | https://openalex.org/keywords/excitation | https://openalex.org/keywords/trion | https://openalex.org/keywords/chemistry | https://openalex.org/keywords/ultrafast-laser-spectroscopy | https://openalex.org/keywords/polaron | https://openalex.org/keywords/quantum-well | https://openalex.org/keywords/femtosecond | https://openalex.org/keywords/spectral-line | https://openalex.org/keywords/singlet-fission,9.75257 | 1.81361 | 1.43537 | 0.718179 | 0.625988 | 0.580309 | 0.549673 | 0.5308 | 0.467367 | 0.430118 | 0.410757 | 0.398686 | 0.377811 | 0.370964 | 0.340707,True,315,264,16,35,Exciton / Molecular physics / Biexciton,待主题范围审阅,NMF关键词主题,待主题范围审阅,312
N0260,259,Thermal stability | Chemical engineering | Phosphor | Organic chemistry | Polyimide | Chemistry | Ether | Arylene | Chemical stability | Condensation polymer | Temperature cycling | Polyethylene glycol | Thermal runaway | Thermal decomposition | In situ polymerization,https://openalex.org/keywords/thermal-stability | https://openalex.org/keywords/chemical-engineering | https://openalex.org/keywords/phosphor | https://openalex.org/keywords/organic-chemistry | https://openalex.org/keywords/polyimide | https://openalex.org/keywords/chemistry | https://openalex.org/keywords/ether | https://openalex.org/keywords/arylene | https://openalex.org/keywords/chemical-stability | https://openalex.org/keywords/condensation-polymer | https://openalex.org/keywords/temperature-cycling | https://openalex.org/keywords/polyethylene-glycol | https://openalex.org/keywords/thermal-runaway | https://openalex.org/keywords/thermal-decomposition | https://openalex.org/keywords/in-situ-polymerization,11.474 | 0.957972 | 0.207738 | 0.200754 | 0.197183 | 0.197074 | 0.196228 | 0.180456 | 0.158592 | 0.152436 | 0.150573 | 0.140362 | 0.140217 | 0.134121 | 0.129028,True,151,122,10,19,Thermal stability / Chemical engineering / Phosphor,待主题范围审阅,NMF关键词主题,待主题范围审阅,149
N0261,260,Iridium | Phosphorescence | Phosphorescent organic light-emitting diode | Platinum | Palladium | Quantum efficiency | Chemistry | Rhodium | Geothermal gradient | Optics | Electroluminescence | Hall effect | Electron mobility | Impurity | Seebeck coefficient,https://openalex.org/keywords/iridium | https://openalex.org/keywords/phosphorescence | https://openalex.org/keywords/phosphorescent-organic-light-emitting-diode | https://openalex.org/keywords/platinum | https://openalex.org/keywords/palladium | https://openalex.org/keywords/quantum-efficiency | https://openalex.org/keywords/chemistry | https://openalex.org/keywords/rhodium | https://openalex.org/keywords/geothermal-gradient | https://openalex.org/keywords/optics | https://openalex.org/keywords/electroluminescence | https://openalex.org/keywords/hall-effect | https://openalex.org/keywords/electron-mobility | https://openalex.org/keywords/impurity | https://openalex.org/keywords/seebeck-coefficient,8.24147 | 4.80955 | 1.70222 | 0.699948 | 0.484006 | 0.446436 | 0.429486 | 0.329898 | 0.298989 | 0.275125 | 0.263203 | 0.230088 | 0.217308 | 0.215311 | 0.214741,True,121,108,4,9,Iridium / Phosphorescence / Phosphorescent organic light-emitting diode,待主题范围审阅,NMF关键词主题,待主题范围审阅,123
N0262,261,Conjugated system | Polymer | Side chain | Polymer solar cell | Fluorene | Organic chemistry | Alkyl | HOMO/LUMO | Conjugated microporous polymer | Combinatorial chemistry | Pyrrole | Quinoxaline | Intramolecular force | Ambipolar diffusion | Electron mobility,https://openalex.org/keywords/conjugated-system | https://openalex.org/keywords/polymer | https://openalex.org/keywords/side-chain | https://openalex.org/keywords/polymer-solar-cell | https://openalex.org/keywords/fluorene | https://openalex.org/keywords/organic-chemistry | https://openalex.org/keywords/alkyl | https://openalex.org/keywords/homo/lumo | https://openalex.org/keywords/conjugated-microporous-polymer | https://openalex.org/keywords/combinatorial-chemistry | https://openalex.org/keywords/pyrrole | https://openalex.org/keywords/quinoxaline | https://openalex.org/keywords/intramolecular-force | https://openalex.org/keywords/ambipolar-diffusion | https://openalex.org/keywords/electron-mobility,9.90664 | 3.62929 | 1.19943 | 0.624778 | 0.448723 | 0.418366 | 0.417121 | 0.411893 | 0.32454 | 0.290016 | 0.266022 | 0.233483 | 0.228291 | 0.21762 | 0.210178,True,283,235,26,22,Conjugated system / Polymer / Side chain,待主题范围审阅,NMF关键词主题,待主题范围审阅,282
N0263,262,Non-blocking I/O | Nickel oxide | Chemical engineering | Yttria-stabilized zirconia | Metallurgy | Electrode | Pseudocapacitor | Temperature-programmed reduction | Solid oxide fuel cell | Electrophoretic deposition | Tape casting | Nial | Carbon dioxide reforming | Hydrogen production | Photocathode,https://openalex.org/keywords/non-blocking-i/o | https://openalex.org/keywords/nickel-oxide | https://openalex.org/keywords/chemical-engineering | https://openalex.org/keywords/yttria-stabilized-zirconia | https://openalex.org/keywords/metallurgy | https://openalex.org/keywords/electrode | https://openalex.org/keywords/pseudocapacitor | https://openalex.org/keywords/temperature-programmed-reduction | https://openalex.org/keywords/solid-oxide-fuel-cell | https://openalex.org/keywords/electrophoretic-deposition | https://openalex.org/keywords/tape-casting | https://openalex.org/keywords/nial | https://openalex.org/keywords/carbon-dioxide-reforming | https://openalex.org/keywords/hydrogen-production | https://openalex.org/keywords/photocathode,9.66894 | 1.75905 | 0.388685 | 0.179697 | 0.163766 | 0.140505 | 0.10632 | 0.102265 | 0.0960921 | 0.0818207 | 0.0806074 | 0.0743245 | 0.071872 | 0.0691731 | 0.0642986,True,301,244,29,28,Non-blocking I/O / Nickel oxide / Chemical engineering,待主题范围审阅,NMF关键词主题,待主题范围审阅,302
N0264,263,Photodetector | Responsivity | Photodetection | Optoelectronics | Infrared | Photodiode | Dark current | Ultraviolet | Specific detectivity | Quantum efficiency | Detector | Photoconductivity | Photoelectric effect | Superlattice | Wavelength,https://openalex.org/keywords/photodetector | https://openalex.org/keywords/responsivity | https://openalex.org/keywords/photodetection | https://openalex.org/keywords/optoelectronics | https://openalex.org/keywords/infrared | https://openalex.org/keywords/photodiode | https://openalex.org/keywords/dark-current | https://openalex.org/keywords/ultraviolet | https://openalex.org/keywords/specific-detectivity | https://openalex.org/keywords/quantum-efficiency | https://openalex.org/keywords/detector | https://openalex.org/keywords/photoconductivity | https://openalex.org/keywords/photoelectric-effect | https://openalex.org/keywords/superlattice | https://openalex.org/keywords/wavelength,6.86015 | 3.51838 | 1.48455 | 1.43081 | 1.42869 | 1.15583 | 1.08032 | 1.04739 | 0.805148 | 0.655013 | 0.558917 | 0.456467 | 0.399219 | 0.263948 | 0.196827,True,377,258,54,65,Photodetector / Responsivity / Photodetection,待主题范围审阅,NMF关键词主题,待主题范围审阅,378
N0265,264,Stability (learning theory) | Mathematics | Machine learning | Margin (machine learning) | Limit (mathematics) | Electronic stability control | Artificial intelligence | Instability | Benchmark (surveying) | Convergence (economics) | Domain (mathematical analysis) | Eigenvalues and eigenvectors | Fuzzy logic | Probabilistic logic | Load Shedding,https://openalex.org/keywords/stability | https://openalex.org/keywords/mathematics | https://openalex.org/keywords/machine-learning | https://openalex.org/keywords/margin | https://openalex.org/keywords/limit | https://openalex.org/keywords/electronic-stability-control | https://openalex.org/keywords/artificial-intelligence | https://openalex.org/keywords/instability | https://openalex.org/keywords/benchmark | https://openalex.org/keywords/convergence | https://openalex.org/keywords/domain | https://openalex.org/keywords/eigenvalues-and-eigenvectors | https://openalex.org/keywords/fuzzy-logic | https://openalex.org/keywords/probabilistic-logic | https://openalex.org/keywords/load-shedding,10.5616 | 0.543336 | 0.337369 | 0.303583 | 0.204552 | 0.195567 | 0.179033 | 0.177535 | 0.155312 | 0.131521 | 0.125663 | 0.123526 | 0.12276 | 0.116046 | 0.105441,True,338,207,36,95,Stability (learning theory) / Mathematics / Machine learning,待主题范围审阅,NMF关键词主题,待主题范围审阅,337
N0266,265,Optics | Beam (structure) | Diffraction | Concentrator | Nonimaging optics | Scattering | Refractive index | Reflector (photography) | Reflection (computer programming) | Parabolic trough | Lens (geology) | In situ | Transmittance | Fresnel lens | Wavelength,https://openalex.org/keywords/optics | https://openalex.org/keywords/beam | https://openalex.org/keywords/diffraction | https://openalex.org/keywords/concentrator | https://openalex.org/keywords/nonimaging-optics | https://openalex.org/keywords/scattering | https://openalex.org/keywords/refractive-index | https://openalex.org/keywords/reflector | https://openalex.org/keywords/reflection | https://openalex.org/keywords/parabolic-trough | https://openalex.org/keywords/lens | https://openalex.org/keywords/in-situ | https://openalex.org/keywords/transmittance | https://openalex.org/keywords/fresnel-lens | https://openalex.org/keywords/wavelength,9.0459 | 3.30816 | 2.66501 | 1.97415 | 1.10835 | 1.0625 | 1.04665 | 1.00666 | 0.945111 | 0.886387 | 0.856034 | 0.832027 | 0.773195 | 0.769946 | 0.730853,True,250,224,10,16,Optics / Beam (structure) / Diffraction,待主题范围审阅,NMF关键词主题,待主题范围审阅,245
N0267,266,Bioenergy | Biofuel | Agriculture | Agronomy | Agroforestry | Energy crop | Panicum virgatum | Miscanthus | Agricultural engineering | Agricultural economics | Straw | Biotechnology | Short rotation coppice | Crop residue | Land use,https://openalex.org/keywords/bioenergy | https://openalex.org/keywords/biofuel | https://openalex.org/keywords/agriculture | https://openalex.org/keywords/agronomy | https://openalex.org/keywords/agroforestry | https://openalex.org/keywords/energy-crop | https://openalex.org/keywords/panicum-virgatum | https://openalex.org/keywords/miscanthus | https://openalex.org/keywords/agricultural-engineering | https://openalex.org/keywords/agricultural-economics | https://openalex.org/keywords/straw | https://openalex.org/keywords/biotechnology | https://openalex.org/keywords/short-rotation-coppice | https://openalex.org/keywords/crop-residue | https://openalex.org/keywords/land-use,7.14777 | 2.15041 | 1.80347 | 1.70257 | 1.25732 | 0.95033 | 0.943069 | 0.750465 | 0.680048 | 0.553949 | 0.468773 | 0.442476 | 0.336874 | 0.295399 | 0.277826,True,371,316,24,31,Bioenergy / Biofuel / Agriculture,待主题范围审阅,NMF关键词主题,待主题范围审阅,370
N0268,267,In situ | Chemistry | Stress (linguistics) | Synchrotron | Visualization | Microanalysis | X-ray | Microscopy | Cycling | Electron microscope | Surface (topology) | Abrasive | Dendrite (mathematics) | Heavy ion | Colloidal gold,https://openalex.org/keywords/in-situ | https://openalex.org/keywords/chemistry | https://openalex.org/keywords/stress | https://openalex.org/keywords/synchrotron | https://openalex.org/keywords/visualization | https://openalex.org/keywords/microanalysis | https://openalex.org/keywords/x-ray | https://openalex.org/keywords/microscopy | https://openalex.org/keywords/cycling | https://openalex.org/keywords/electron-microscope | https://openalex.org/keywords/surface | https://openalex.org/keywords/abrasive | https://openalex.org/keywords/dendrite | https://openalex.org/keywords/heavy-ion | https://openalex.org/keywords/colloidal-gold,8.79226 | 0.193288 | 0.14548 | 0.113818 | 0.105935 | 0.0991072 | 0.0969051 | 0.0959224 | 0.0793656 | 0.0779105 | 0.0685283 | 0.0637148 | 0.0633805 | 0.0616199 | 0.0591304,True,400,235,90,75,In situ / Chemistry / Stress (linguistics),待主题范围审阅,NMF关键词主题,待主题范围审阅,402
N0269,268,Sustainability | Ecology | Environmental resource management | Sustainable transport | Ecological footprint | Carbon footprint | Supply chain | Energy transition | Sociology | Nexus (standard) | Footprint | Corporate governance | Industrial ecology | Circular economy | Management science,https://openalex.org/keywords/sustainability | https://openalex.org/keywords/ecology | https://openalex.org/keywords/environmental-resource-management | https://openalex.org/keywords/sustainable-transport | https://openalex.org/keywords/ecological-footprint | https://openalex.org/keywords/carbon-footprint | https://openalex.org/keywords/supply-chain | https://openalex.org/keywords/energy-transition | https://openalex.org/keywords/sociology | https://openalex.org/keywords/nexus | https://openalex.org/keywords/footprint | https://openalex.org/keywords/corporate-governance | https://openalex.org/keywords/industrial-ecology | https://openalex.org/keywords/circular-economy | https://openalex.org/keywords/management-science,10.5609 | 0.537901 | 0.451038 | 0.394011 | 0.317217 | 0.264936 | 0.25011 | 0.22204 | 0.204962 | 0.202164 | 0.14586 | 0.14005 | 0.137586 | 0.135809 | 0.126817,True,397,219,57,121,Sustainability / Ecology / Environmental resource management,待主题范围审阅,NMF关键词主题,待主题范围审阅,396
N0270,269,Fossil fuel | Renewable fuels | Energy source | Energy development | Environmental protection | Energy supply | Petroleum industry | Environmental impact of the energy industry | Petroleum | Unconventional oil | Primary energy | Environmental economics | Nuclear power | Hydrogen fuel | Oil and natural gas,https://openalex.org/keywords/fossil-fuel | https://openalex.org/keywords/renewable-fuels | https://openalex.org/keywords/energy-source | https://openalex.org/keywords/energy-development | https://openalex.org/keywords/environmental-protection | https://openalex.org/keywords/energy-supply | https://openalex.org/keywords/petroleum-industry | https://openalex.org/keywords/environmental-impact-of-the-energy-industry | https://openalex.org/keywords/petroleum | https://openalex.org/keywords/unconventional-oil | https://openalex.org/keywords/primary-energy | https://openalex.org/keywords/environmental-economics | https://openalex.org/keywords/nuclear-power | https://openalex.org/keywords/hydrogen-fuel | https://openalex.org/keywords/oil-and-natural-gas,10.8454 | 0.755601 | 0.72943 | 0.595271 | 0.498859 | 0.436679 | 0.42295 | 0.416737 | 0.405071 | 0.335395 | 0.300029 | 0.290964 | 0.274506 | 0.247127 | 0.223303,True,250,199,16,35,Fossil fuel / Renewable fuels / Energy source,待主题范围审阅,NMF关键词主题,待主题范围审阅,252
N0271,270,Biofuel | Biodiesel | Methane | Biorefinery | Biochemical engineering | Hydrothermal liquefaction | Lignocellulosic biomass | Cellulosic ethanol | Renewable fuels | Ethanol fuel | Supply chain | Biotechnology | Bioenergy | Biodiesel production | Gasoline,https://openalex.org/keywords/biofuel | https://openalex.org/keywords/biodiesel | https://openalex.org/keywords/methane | https://openalex.org/keywords/biorefinery | https://openalex.org/keywords/biochemical-engineering | https://openalex.org/keywords/hydrothermal-liquefaction | https://openalex.org/keywords/lignocellulosic-biomass | https://openalex.org/keywords/cellulosic-ethanol | https://openalex.org/keywords/renewable-fuels | https://openalex.org/keywords/ethanol-fuel | https://openalex.org/keywords/supply-chain | https://openalex.org/keywords/biotechnology | https://openalex.org/keywords/bioenergy | https://openalex.org/keywords/biodiesel-production | https://openalex.org/keywords/gasoline,8.08285 | 1.29541 | 1.23527 | 1.19344 | 0.981349 | 0.760776 | 0.592735 | 0.590629 | 0.555859 | 0.548711 | 0.521173 | 0.511002 | 0.50186 | 0.411881 | 0.386868,True,283,238,17,28,Biofuel / Biodiesel / Methane,待主题范围审阅,NMF关键词主题,待主题范围审阅,280
N0272,271,Term (time) | Statistics | Mean squared error | Mean absolute percentage error | Electrical load | Scheduling (production processes) | Demand forecasting | Wind power forecasting | Probabilistic forecasting | Wavelet | Hilbert–Huang transform | Time series | Long short term memory | Randomness | Power system simulation,https://openalex.org/keywords/term | https://openalex.org/keywords/statistics | https://openalex.org/keywords/mean-squared-error | https://openalex.org/keywords/mean-absolute-percentage-error | https://openalex.org/keywords/electrical-load | https://openalex.org/keywords/scheduling | https://openalex.org/keywords/demand-forecasting | https://openalex.org/keywords/wind-power-forecasting | https://openalex.org/keywords/probabilistic-forecasting | https://openalex.org/keywords/wavelet | https://openalex.org/keywords/hilbert–huang-transform | https://openalex.org/keywords/time-series | https://openalex.org/keywords/long-short-term-memory | https://openalex.org/keywords/randomness | https://openalex.org/keywords/power-system-simulation,10.2649 | 0.322874 | 0.321782 | 0.312398 | 0.294964 | 0.286625 | 0.261416 | 0.230856 | 0.216391 | 0.20138 | 0.192431 | 0.185302 | 0.176277 | 0.137731 | 0.135928,True,318,214,54,50,Term (time) / Statistics / Mean squared error,待主题范围审阅,NMF关键词主题,待主题范围审阅,322
N0273,272,Sintering | Spark plasma sintering | Ball mill | Metallurgy | Chemical engineering | Grain size | Relative density | Grain growth | Vickers hardness test | Powder metallurgy | Microstructure | SPARK (programming language) | Skutterudite | Non-blocking I/O | Screen printing,https://openalex.org/keywords/sintering | https://openalex.org/keywords/spark-plasma-sintering | https://openalex.org/keywords/ball-mill | https://openalex.org/keywords/metallurgy | https://openalex.org/keywords/chemical-engineering | https://openalex.org/keywords/grain-size | https://openalex.org/keywords/relative-density | https://openalex.org/keywords/grain-growth | https://openalex.org/keywords/vickers-hardness-test | https://openalex.org/keywords/powder-metallurgy | https://openalex.org/keywords/microstructure | https://openalex.org/keywords/spark | https://openalex.org/keywords/skutterudite | https://openalex.org/keywords/non-blocking-i/o | https://openalex.org/keywords/screen-printing,7.23938 | 4.82359 | 0.515935 | 0.467391 | 0.423397 | 0.300654 | 0.300035 | 0.278479 | 0.23627 | 0.228899 | 0.180046 | 0.179375 | 0.168757 | 0.161858 | 0.101594,True,325,292,17,16,Sintering / Spark plasma sintering / Ball mill,待主题范围审阅,NMF关键词主题,待主题范围审阅,334
N0274,273,Tokamak | Spherical tokamak | KSTAR | Pedestal | ASDEX Upgrade | Toroid | Magnetic confinement fusion | Thermonuclear fusion | Upgrade | Limiter | Code (set theory) | Tearing | Toroidal field | Detector | Enhanced Data Rates for GSM Evolution,https://openalex.org/keywords/tokamak | https://openalex.org/keywords/spherical-tokamak | https://openalex.org/keywords/kstar | https://openalex.org/keywords/pedestal | https://openalex.org/keywords/asdex-upgrade | https://openalex.org/keywords/toroid | https://openalex.org/keywords/magnetic-confinement-fusion | https://openalex.org/keywords/thermonuclear-fusion | https://openalex.org/keywords/upgrade | https://openalex.org/keywords/limiter | https://openalex.org/keywords/code | https://openalex.org/keywords/tearing | https://openalex.org/keywords/toroidal-field | https://openalex.org/keywords/detector | https://openalex.org/keywords/enhanced-data-rates-for-gsm-evolution,8.45222 | 0.706167 | 0.497916 | 0.424785 | 0.40455 | 0.37931 | 0.281182 | 0.238543 | 0.231399 | 0.197274 | 0.195943 | 0.183176 | 0.17438 | 0.156487 | 0.134043,True,534,470,26,38,Tokamak / Spherical tokamak / KSTAR,待主题范围审阅,NMF关键词主题,待主题范围审阅,534
N0275,274,Nitrogen | Chemistry | Nitrogen fixation | Ammonia | Melamine | Organic chemistry | Mineralization (soil science) | NOx | Urea | Denitrification | Ammonium | Ammonia production | Impurity | Phosphorus | Liquid nitrogen,https://openalex.org/keywords/nitrogen | https://openalex.org/keywords/chemistry | https://openalex.org/keywords/nitrogen-fixation | https://openalex.org/keywords/ammonia | https://openalex.org/keywords/melamine | https://openalex.org/keywords/organic-chemistry | https://openalex.org/keywords/mineralization | https://openalex.org/keywords/nox | https://openalex.org/keywords/urea | https://openalex.org/keywords/denitrification | https://openalex.org/keywords/ammonium | https://openalex.org/keywords/ammonia-production | https://openalex.org/keywords/impurity | https://openalex.org/keywords/phosphorus | https://openalex.org/keywords/liquid-nitrogen,10.0837 | 0.562814 | 0.395983 | 0.301391 | 0.294943 | 0.293443 | 0.253422 | 0.239296 | 0.22742 | 0.205752 | 0.189741 | 0.18698 | 0.183766 | 0.163943 | 0.141348,True,249,173,40,36,Nitrogen / Chemistry / Nitrogen fixation,待主题范围审阅,NMF关键词主题,待主题范围审阅,245
N0276,275,Sizing | Hybrid system | Installation | Load profile | Dimensioning | Voltage | Power loss | Voltage drop | Backup | Cost of electricity by source | Distributed generation | Hybrid power | Arbitrage | Control reconfiguration | Automotive battery,https://openalex.org/keywords/sizing | https://openalex.org/keywords/hybrid-system | https://openalex.org/keywords/installation | https://openalex.org/keywords/load-profile | https://openalex.org/keywords/dimensioning | https://openalex.org/keywords/voltage | https://openalex.org/keywords/power-loss | https://openalex.org/keywords/voltage-drop | https://openalex.org/keywords/backup | https://openalex.org/keywords/cost-of-electricity-by-source | https://openalex.org/keywords/distributed-generation | https://openalex.org/keywords/hybrid-power | https://openalex.org/keywords/arbitrage | https://openalex.org/keywords/control-reconfiguration | https://openalex.org/keywords/automotive-battery,10.709 | 0.612569 | 0.13528 | 0.131621 | 0.124044 | 0.12158 | 0.10796 | 0.0983256 | 0.0966786 | 0.0948817 | 0.0885343 | 0.076719 | 0.0703452 | 0.0686645 | 0.06319,True,309,241,22,46,Sizing / Hybrid system / Installation,待主题范围审阅,NMF关键词主题,待主题范围审阅,307
N0277,276,Wireless | Wireless power transfer | Maximum power transfer theorem | Telecommunications | Transmitter | Coupling (piping) | Wireless network | Transfer (computing) | Wireless sensor network | Channel (broadcasting) | Inductive coupling | Resonant inductive coupling | Antenna (radio) | Energy transfer | Resonator,https://openalex.org/keywords/wireless | https://openalex.org/keywords/wireless-power-transfer | https://openalex.org/keywords/maximum-power-transfer-theorem | https://openalex.org/keywords/telecommunications | https://openalex.org/keywords/transmitter | https://openalex.org/keywords/coupling | https://openalex.org/keywords/wireless-network | https://openalex.org/keywords/transfer | https://openalex.org/keywords/wireless-sensor-network | https://openalex.org/keywords/channel | https://openalex.org/keywords/inductive-coupling | https://openalex.org/keywords/resonant-inductive-coupling | https://openalex.org/keywords/antenna | https://openalex.org/keywords/energy-transfer | https://openalex.org/keywords/resonator,7.42914 | 6.13053 | 2.8615 | 2.56319 | 1.41013 | 0.962748 | 0.776845 | 0.758685 | 0.650365 | 0.615888 | 0.572067 | 0.42883 | 0.404613 | 0.381303 | 0.288393,True,313,232,30,51,Wireless / Wireless power transfer / Maximum power transfer theorem,待主题范围审阅,NMF关键词主题,待主题范围审阅,314
N0278,277,State (computer science) | Estimation | Estimator | Steady state (chemistry) | Phasor | State space | Observer (physics) | Commission | Units of measurement | Set (abstract data type) | Law | State of health | Cyber-physical system | State variable | Energy sector,https://openalex.org/keywords/state | https://openalex.org/keywords/estimation | https://openalex.org/keywords/estimator | https://openalex.org/keywords/steady-state | https://openalex.org/keywords/phasor | https://openalex.org/keywords/state-space | https://openalex.org/keywords/observer | https://openalex.org/keywords/commission | https://openalex.org/keywords/units-of-measurement | https://openalex.org/keywords/set | https://openalex.org/keywords/law | https://openalex.org/keywords/state-of-health | https://openalex.org/keywords/cyber-physical-system | https://openalex.org/keywords/state-variable | https://openalex.org/keywords/energy-sector,10.4853 | 1.26361 | 0.447859 | 0.351136 | 0.253417 | 0.2432 | 0.208317 | 0.170693 | 0.168087 | 0.156404 | 0.150572 | 0.145188 | 0.138572 | 0.13292 | 0.120931,True,275,183,32,60,State (computer science) / Estimation / Estimator,待主题范围审阅,NMF关键词主题,待主题范围审阅,267
N0279,278,Nano- | Nanotechnology | Composite material | Chemical engineering | Epoxy | Morphology (biology) | Nanoscopic scale | Focus (optics) | Silicone rubber | Cycling | Pigment | Textile | Sol-gel | Microsphere | Cadmium,https://openalex.org/keywords/nano | https://openalex.org/keywords/nanotechnology | https://openalex.org/keywords/composite-material | https://openalex.org/keywords/chemical-engineering | https://openalex.org/keywords/epoxy | https://openalex.org/keywords/morphology | https://openalex.org/keywords/nanoscopic-scale | https://openalex.org/keywords/focus | https://openalex.org/keywords/silicone-rubber | https://openalex.org/keywords/cycling | https://openalex.org/keywords/pigment | https://openalex.org/keywords/textile | https://openalex.org/keywords/sol-gel | https://openalex.org/keywords/microsphere | https://openalex.org/keywords/cadmium,10.023 | 1.80566 | 0.979692 | 0.749281 | 0.397712 | 0.190455 | 0.164994 | 0.121186 | 0.11377 | 0.0925202 | 0.0921913 | 0.0901476 | 0.0838465 | 0.0812808 | 0.0800795,True,223,177,30,16,Nano- / Nanotechnology / Composite material,待主题范围审阅,NMF关键词主题,待主题范围审阅,220
N0280,279,Electric field | Space charge | Breakdown voltage | Corona discharge | Corona (planetary geology) | Physics | Lightning (connector) | Electrohydrodynamics | Computational physics | LDMOS | Stress (linguistics) | Condensed matter physics | Ionization | Voltage | Dipole,https://openalex.org/keywords/electric-field | https://openalex.org/keywords/space-charge | https://openalex.org/keywords/breakdown-voltage | https://openalex.org/keywords/corona-discharge | https://openalex.org/keywords/corona | https://openalex.org/keywords/physics | https://openalex.org/keywords/lightning | https://openalex.org/keywords/electrohydrodynamics | https://openalex.org/keywords/computational-physics | https://openalex.org/keywords/ldmos | https://openalex.org/keywords/stress | https://openalex.org/keywords/condensed-matter-physics | https://openalex.org/keywords/ionization | https://openalex.org/keywords/voltage | https://openalex.org/keywords/dipole,10.5282 | 0.872421 | 0.697713 | 0.57591 | 0.563298 | 0.554983 | 0.431987 | 0.386345 | 0.320014 | 0.317466 | 0.312555 | 0.312089 | 0.303403 | 0.292576 | 0.269264,True,327,263,21,43,Electric field / Space charge / Breakdown voltage,待主题范围审阅,NMF关键词主题,待主题范围审阅,326
N0281,280,Open-circuit voltage | Short circuit | Voltage | Capacitance | Equivalent series resistance | Equivalent circuit | Platinum | Quantum efficiency | Theory of solar cells | Voltage sag | Biasing | Voltage drop | Amorphous silicon | Buffer (optical fiber) | Common emitter,https://openalex.org/keywords/open-circuit-voltage | https://openalex.org/keywords/short-circuit | https://openalex.org/keywords/voltage | https://openalex.org/keywords/capacitance | https://openalex.org/keywords/equivalent-series-resistance | https://openalex.org/keywords/equivalent-circuit | https://openalex.org/keywords/platinum | https://openalex.org/keywords/quantum-efficiency | https://openalex.org/keywords/theory-of-solar-cells | https://openalex.org/keywords/voltage-sag | https://openalex.org/keywords/biasing | https://openalex.org/keywords/voltage-drop | https://openalex.org/keywords/amorphous-silicon | https://openalex.org/keywords/buffer | https://openalex.org/keywords/common-emitter,8.73638 | 4.69046 | 4.10098 | 0.605787 | 0.554597 | 0.310862 | 0.290707 | 0.214669 | 0.200083 | 0.173869 | 0.156174 | 0.139107 | 0.119991 | 0.118178 | 0.114927,True,173,164,6,3,Open-circuit voltage / Short circuit / Voltage,待主题范围审阅,NMF关键词主题,待主题范围审阅,170
N0282,281,Nanoporous | Nanopore | Tafel equation | Specific surface area | Catalysis | Composite material | Physisorption | Lithography | Nanoscopic scale | Nanometre | Oxidizing agent | Microelectrode | Electron energy loss spectroscopy | Etching (microfabrication) | Electrochemical energy storage,https://openalex.org/keywords/nanoporous | https://openalex.org/keywords/nanopore | https://openalex.org/keywords/tafel-equation | https://openalex.org/keywords/specific-surface-area | https://openalex.org/keywords/catalysis | https://openalex.org/keywords/composite-material | https://openalex.org/keywords/physisorption | https://openalex.org/keywords/lithography | https://openalex.org/keywords/nanoscopic-scale | https://openalex.org/keywords/nanometre | https://openalex.org/keywords/oxidizing-agent | https://openalex.org/keywords/microelectrode | https://openalex.org/keywords/electron-energy-loss-spectroscopy | https://openalex.org/keywords/etching | https://openalex.org/keywords/electrochemical-energy-storage,10.0798 | 0.761297 | 0.157565 | 0.150788 | 0.115653 | 0.0996301 | 0.0944089 | 0.0846587 | 0.0832872 | 0.0828003 | 0.0767019 | 0.0739156 | 0.0668816 | 0.066809 | 0.0665757,True,271,245,10,16,Nanoporous / Nanopore / Tafel equation,待主题范围审阅,NMF关键词主题,待主题范围审阅,269
N0283,282,Solvent | Organic chemistry | Solvation | Amine gas treating | Toluene | Solvent extraction | Morphology (biology) | Acetonitrile | Acetone | Dimethylformamide | Solvent effects | Organic solvent | Propylene carbonate | Dichloromethane | Dimethyl sulfoxide,https://openalex.org/keywords/solvent | https://openalex.org/keywords/organic-chemistry | https://openalex.org/keywords/solvation | https://openalex.org/keywords/amine-gas-treating | https://openalex.org/keywords/toluene | https://openalex.org/keywords/solvent-extraction | https://openalex.org/keywords/morphology | https://openalex.org/keywords/acetonitrile | https://openalex.org/keywords/acetone | https://openalex.org/keywords/dimethylformamide | https://openalex.org/keywords/solvent-effects | https://openalex.org/keywords/organic-solvent | https://openalex.org/keywords/propylene-carbonate | https://openalex.org/keywords/dichloromethane | https://openalex.org/keywords/dimethyl-sulfoxide,10.1028 | 0.986208 | 0.835893 | 0.812545 | 0.778299 | 0.567919 | 0.495462 | 0.391438 | 0.288449 | 0.263743 | 0.2634 | 0.250652 | 0.25054 | 0.246981 | 0.241927,True,250,201,22,27,Solvent / Organic chemistry / Solvation,待主题范围审阅,NMF关键词主题,待主题范围审阅,251
N0284,283,Crystallization | Phase-change memory | Isothermal process | Polycrystalline silicon | Grain size | Energy conversion efficiency | Germanium | Crystal growth | Supersaturation | Thermodynamics | Phase diagram | Glass transition | Glass-ceramic | Sol-gel | Solid solution,https://openalex.org/keywords/crystallization | https://openalex.org/keywords/phase-change-memory | https://openalex.org/keywords/isothermal-process | https://openalex.org/keywords/polycrystalline-silicon | https://openalex.org/keywords/grain-size | https://openalex.org/keywords/energy-conversion-efficiency | https://openalex.org/keywords/germanium | https://openalex.org/keywords/crystal-growth | https://openalex.org/keywords/supersaturation | https://openalex.org/keywords/thermodynamics | https://openalex.org/keywords/phase-diagram | https://openalex.org/keywords/glass-transition | https://openalex.org/keywords/glass-ceramic | https://openalex.org/keywords/sol-gel | https://openalex.org/keywords/solid-solution,10.9392 | 0.45661 | 0.303404 | 0.261194 | 0.257701 | 0.193065 | 0.184762 | 0.177882 | 0.168683 | 0.167167 | 0.162974 | 0.139727 | 0.139617 | 0.130274 | 0.127178,True,225,176,20,29,Crystallization / Phase-change memory / Isothermal process,待主题范围审阅,NMF关键词主题,待主题范围审阅,224
N0285,284,Impurity | Metallurgy | Refining (metallurgy) | Ingot | Atomic physics | Chemistry | Getter | Alcator C-Mod | Jet (fluid) | Slag (welding) | Ionization | Crystallographic defect | Electron paramagnetic resonance | Hall effect | Mössbauer spectroscopy,https://openalex.org/keywords/impurity | https://openalex.org/keywords/metallurgy | https://openalex.org/keywords/refining | https://openalex.org/keywords/ingot | https://openalex.org/keywords/atomic-physics | https://openalex.org/keywords/chemistry | https://openalex.org/keywords/getter | https://openalex.org/keywords/alcator-c-mod | https://openalex.org/keywords/jet | https://openalex.org/keywords/slag | https://openalex.org/keywords/ionization | https://openalex.org/keywords/crystallographic-defect | https://openalex.org/keywords/electron-paramagnetic-resonance | https://openalex.org/keywords/hall-effect | https://openalex.org/keywords/mössbauer-spectroscopy,9.40787 | 0.298259 | 0.257647 | 0.249259 | 0.239501 | 0.205213 | 0.166875 | 0.16661 | 0.153898 | 0.137437 | 0.128864 | 0.12803 | 0.123834 | 0.122452 | 0.1222,True,284,246,10,28,Impurity / Metallurgy / Refining (metallurgy),待主题范围审阅,NMF关键词主题,待主题范围审阅,284
N0286,285,Tungsten | Metallurgy | Tungsten carbide | Deuterium | Helium | Divertor | Carbide | Tungsten trioxide | Tungsten disulfide | Tungsten oxide | Fusion power | Fluence | Heat flux | Tungstate | Beryllium,https://openalex.org/keywords/tungsten | https://openalex.org/keywords/metallurgy | https://openalex.org/keywords/tungsten-carbide | https://openalex.org/keywords/deuterium | https://openalex.org/keywords/helium | https://openalex.org/keywords/divertor | https://openalex.org/keywords/carbide | https://openalex.org/keywords/tungsten-trioxide | https://openalex.org/keywords/tungsten-disulfide | https://openalex.org/keywords/tungsten-oxide | https://openalex.org/keywords/fusion-power | https://openalex.org/keywords/fluence | https://openalex.org/keywords/heat-flux | https://openalex.org/keywords/tungstate | https://openalex.org/keywords/beryllium,8.64493 | 0.918628 | 0.763243 | 0.625086 | 0.620239 | 0.538954 | 0.523353 | 0.506022 | 0.414037 | 0.377371 | 0.361012 | 0.356709 | 0.22431 | 0.189311 | 0.177758,True,292,252,9,31,Tungsten / Metallurgy / Tungsten carbide,待主题范围审阅,NMF关键词主题,待主题范围审阅,292
N0287,286,Leaching (pedology) | Sulfuric acid | Chemistry | Roasting | Inorganic chemistry | Bioleaching | Hydrometallurgy | Lixiviant | Hydrochloric acid | Reagent | Sulfate | Selective leaching | Pyrite | Rare earth | Hydrogen peroxide,https://openalex.org/keywords/leaching | https://openalex.org/keywords/sulfuric-acid | https://openalex.org/keywords/chemistry | https://openalex.org/keywords/roasting | https://openalex.org/keywords/inorganic-chemistry | https://openalex.org/keywords/bioleaching | https://openalex.org/keywords/hydrometallurgy | https://openalex.org/keywords/lixiviant | https://openalex.org/keywords/hydrochloric-acid | https://openalex.org/keywords/reagent | https://openalex.org/keywords/sulfate | https://openalex.org/keywords/selective-leaching | https://openalex.org/keywords/pyrite | https://openalex.org/keywords/rare-earth | https://openalex.org/keywords/hydrogen-peroxide,10.2043 | 2.5008 | 1.78488 | 1.26871 | 1.26701 | 1.21007 | 1.06416 | 0.812021 | 0.637066 | 0.540502 | 0.491221 | 0.465973 | 0.424029 | 0.406465 | 0.396001,True,430,332,37,61,Leaching (pedology) / Sulfuric acid / Chemistry,待主题范围审阅,NMF关键词主题,待主题范围审阅,431
N0288,287,Investment (military) | Finance | Profitability index | Industrial organization | Investment decisions | Payback period | Net present value | Return on investment | Foreign direct investment | Cash flow | Capital (architecture) | Competition (biology) | Private sector | Climate Finance | Natural resource economics,https://openalex.org/keywords/investment | https://openalex.org/keywords/finance | https://openalex.org/keywords/profitability-index | https://openalex.org/keywords/industrial-organization | https://openalex.org/keywords/investment-decisions | https://openalex.org/keywords/payback-period | https://openalex.org/keywords/net-present-value | https://openalex.org/keywords/return-on-investment | https://openalex.org/keywords/foreign-direct-investment | https://openalex.org/keywords/cash-flow | https://openalex.org/keywords/capital | https://openalex.org/keywords/competition | https://openalex.org/keywords/private-sector | https://openalex.org/keywords/climate-finance | https://openalex.org/keywords/natural-resource-economics,10.7603 | 1.24002 | 0.857306 | 0.689289 | 0.628641 | 0.49427 | 0.491596 | 0.422422 | 0.379156 | 0.303667 | 0.288111 | 0.252591 | 0.215352 | 0.214888 | 0.214327,True,313,241,18,54,Investment (military) / Finance / Profitability index,待主题范围审阅,NMF关键词主题,待主题范围审阅,308
N0289,288,Desorption | Thermal desorption | Thermal desorption spectroscopy | Chemistry | Inorganic chemistry | Deuterium | Carbon monoxide | Chromatography | Amine gas treating | Physical chemistry | Hydrotalcite | Chemisorption | Montmorillonite | Magnesium hydride | Disproportionation,https://openalex.org/keywords/desorption | https://openalex.org/keywords/thermal-desorption | https://openalex.org/keywords/thermal-desorption-spectroscopy | https://openalex.org/keywords/chemistry | https://openalex.org/keywords/inorganic-chemistry | https://openalex.org/keywords/deuterium | https://openalex.org/keywords/carbon-monoxide | https://openalex.org/keywords/chromatography | https://openalex.org/keywords/amine-gas-treating | https://openalex.org/keywords/physical-chemistry | https://openalex.org/keywords/hydrotalcite | https://openalex.org/keywords/chemisorption | https://openalex.org/keywords/montmorillonite | https://openalex.org/keywords/magnesium-hydride | https://openalex.org/keywords/disproportionation,10.5689 | 0.72492 | 0.618093 | 0.61733 | 0.523551 | 0.507595 | 0.275617 | 0.208931 | 0.207949 | 0.15491 | 0.112469 | 0.109574 | 0.1016 | 0.0948277 | 0.0833256,True,189,172,5,12,Desorption / Thermal desorption / Thermal desorption spectroscopy,待主题范围审阅,NMF关键词主题,待主题范围审阅,188
N0290,289,Computer network | Real-time computing | Wireless sensor network | Network packet | Distributed computing | Channel (broadcasting) | Telecommunications | Node (physics) | Wireless network | The Internet | Quality of service | Routing (electronic design automation) | Throughput | Ethernet | Protocol (science),https://openalex.org/keywords/computer-network | https://openalex.org/keywords/real-time-computing | https://openalex.org/keywords/wireless-sensor-network | https://openalex.org/keywords/network-packet | https://openalex.org/keywords/distributed-computing | https://openalex.org/keywords/channel | https://openalex.org/keywords/telecommunications | https://openalex.org/keywords/node | https://openalex.org/keywords/wireless-network | https://openalex.org/keywords/the-internet | https://openalex.org/keywords/quality-of-service | https://openalex.org/keywords/routing | https://openalex.org/keywords/throughput | https://openalex.org/keywords/ethernet | https://openalex.org/keywords/protocol,8.08267 | 1.70328 | 1.62641 | 1.58878 | 1.50214 | 1.32604 | 1.26411 | 1.24143 | 1.14362 | 1.1183 | 0.842979 | 0.818312 | 0.783316 | 0.691669 | 0.5854,True,410,353,25,32,Computer network / Real-time computing / Wireless sensor network,待主题范围审阅,NMF关键词主题,待主题范围审阅,411
N0291,290,Surface modification | Combinatorial chemistry | Biocompatibility | Grafting | Silane | Amine gas treating | Epoxy | Nanopore | Contact angle | Triethoxysilane | Surface (topology) | Magnetic nanoparticles | Surface energy | Iron oxide nanoparticles | Dispersity,https://openalex.org/keywords/surface-modification | https://openalex.org/keywords/combinatorial-chemistry | https://openalex.org/keywords/biocompatibility | https://openalex.org/keywords/grafting | https://openalex.org/keywords/silane | https://openalex.org/keywords/amine-gas-treating | https://openalex.org/keywords/epoxy | https://openalex.org/keywords/nanopore | https://openalex.org/keywords/contact-angle | https://openalex.org/keywords/triethoxysilane | https://openalex.org/keywords/surface | https://openalex.org/keywords/magnetic-nanoparticles | https://openalex.org/keywords/surface-energy | https://openalex.org/keywords/iron-oxide-nanoparticles | https://openalex.org/keywords/dispersity,9.91181 | 0.385119 | 0.377635 | 0.32322 | 0.291193 | 0.236965 | 0.178336 | 0.157145 | 0.155735 | 0.149116 | 0.14461 | 0.140106 | 0.138317 | 0.130169 | 0.123787,True,250,209,17,24,Surface modification / Combinatorial chemistry / Biocompatibility,待主题范围审阅,NMF关键词主题,待主题范围审阅,251
N0292,291,Mechanism (biology) | Mechanical engineering | Reaction mechanism | Epistemology | Kinematics | Philosophy | Engineering | Mechanism design | Robot | Surface (topology) | Industrial organization | Hydraulic machinery | Biophysics | Thermal conduction | Combinatorial chemistry,https://openalex.org/keywords/mechanism | https://openalex.org/keywords/mechanical-engineering | https://openalex.org/keywords/reaction-mechanism | https://openalex.org/keywords/epistemology | https://openalex.org/keywords/kinematics | https://openalex.org/keywords/philosophy | https://openalex.org/keywords/engineering | https://openalex.org/keywords/mechanism-design | https://openalex.org/keywords/robot | https://openalex.org/keywords/surface | https://openalex.org/keywords/industrial-organization | https://openalex.org/keywords/hydraulic-machinery | https://openalex.org/keywords/biophysics | https://openalex.org/keywords/thermal-conduction | https://openalex.org/keywords/combinatorial-chemistry,9.70385 | 0.404731 | 0.347981 | 0.224492 | 0.222019 | 0.191262 | 0.187975 | 0.176838 | 0.173682 | 0.168491 | 0.156472 | 0.143899 | 0.120734 | 0.119002 | 0.11365,True,410,211,92,107,Mechanism (biology) / Mechanical engineering / Reaction mechanism,待主题范围审阅,NMF关键词主题,待主题范围审阅,409
N0293,292,Transmission (telecommunications) | Transmission system | Power transmission | Telecommunications | Clutch | Transmission network | Continuously variable transmission | Data transmission | High-voltage direct current | Automatic transmission | Manual transmission | Direct current | Optical fiber | Voltage source | Wireless transmission,https://openalex.org/keywords/transmission | https://openalex.org/keywords/transmission-system | https://openalex.org/keywords/power-transmission | https://openalex.org/keywords/telecommunications | https://openalex.org/keywords/clutch | https://openalex.org/keywords/transmission-network | https://openalex.org/keywords/continuously-variable-transmission | https://openalex.org/keywords/data-transmission | https://openalex.org/keywords/high-voltage-direct-current | https://openalex.org/keywords/automatic-transmission | https://openalex.org/keywords/manual-transmission | https://openalex.org/keywords/direct-current | https://openalex.org/keywords/optical-fiber | https://openalex.org/keywords/voltage-source | https://openalex.org/keywords/wireless-transmission,7.51755 | 2.45275 | 1.45586 | 1.09253 | 0.464809 | 0.452408 | 0.362679 | 0.332251 | 0.305898 | 0.304785 | 0.228463 | 0.184894 | 0.182925 | 0.175528 | 0.129688,True,464,383,23,58,Transmission (telecommunications) / Transmission system / Power transmission,待主题范围审阅,NMF关键词主题,待主题范围审阅,467
N0294,293,Tafel equation | Exchange current density | Linear sweep voltammetry | Charge transfer coefficient | Phosphide | Auxiliary electrode | Chemical engineering | Nickel sulfide | Rotating disk electrode | Hydrogen production | Specific surface area | Order of reaction | Nanomaterial-based catalyst | Electrochemical kinetics | Electrode,https://openalex.org/keywords/tafel-equation | https://openalex.org/keywords/exchange-current-density | https://openalex.org/keywords/linear-sweep-voltammetry | https://openalex.org/keywords/charge-transfer-coefficient | https://openalex.org/keywords/phosphide | https://openalex.org/keywords/auxiliary-electrode | https://openalex.org/keywords/chemical-engineering | https://openalex.org/keywords/nickel-sulfide | https://openalex.org/keywords/rotating-disk-electrode | https://openalex.org/keywords/hydrogen-production | https://openalex.org/keywords/specific-surface-area | https://openalex.org/keywords/order-of-reaction | https://openalex.org/keywords/nanomaterial-based-catalyst | https://openalex.org/keywords/electrochemical-kinetics | https://openalex.org/keywords/electrode,10.8626 | 0.824883 | 0.284638 | 0.127001 | 0.126256 | 0.126003 | 0.104705 | 0.0963991 | 0.0948922 | 0.0817831 | 0.0815189 | 0.0801275 | 0.0618508 | 0.0532884 | 0.0532772,True,316,271,14,31,Tafel equation / Exchange current density / Linear sweep voltammetry,待主题范围审阅,NMF关键词主题,待主题范围审阅,326
N0295,294,Polypyrrole | Polymerization | Conductive polymer | Polymer | In situ polymerization | Composite material | Polythiophene | Monomer | Electrosynthesis | Chemical engineering | Self-healing hydrogels | Horizontal scan rate | Capacitive sensing | Electrode | Montmorillonite,https://openalex.org/keywords/polypyrrole | https://openalex.org/keywords/polymerization | https://openalex.org/keywords/conductive-polymer | https://openalex.org/keywords/polymer | https://openalex.org/keywords/in-situ-polymerization | https://openalex.org/keywords/composite-material | https://openalex.org/keywords/polythiophene | https://openalex.org/keywords/monomer | https://openalex.org/keywords/electrosynthesis | https://openalex.org/keywords/chemical-engineering | https://openalex.org/keywords/self-healing-hydrogels | https://openalex.org/keywords/horizontal-scan-rate | https://openalex.org/keywords/capacitive-sensing | https://openalex.org/keywords/electrode | https://openalex.org/keywords/montmorillonite,8.83927 | 3.02552 | 1.39713 | 0.907868 | 0.451064 | 0.378719 | 0.338437 | 0.326882 | 0.239982 | 0.233975 | 0.166636 | 0.119006 | 0.109389 | 0.108837 | 0.107411,True,241,212,13,16,Polypyrrole / Polymerization / Conductive polymer,待主题范围审阅,NMF关键词主题,待主题范围审阅,240
N0296,295,Polarization (electrochemistry) | Concentration polarization | Ferroelectricity | Spin polarization | Exchange current density | Condensed matter physics | Piezoelectricity | Limiting current | Spectroscopy | Radical | Cathodic protection | Physical chemistry | Polar | High-temperature electrolysis | Spin (aerodynamics),https://openalex.org/keywords/polarization | https://openalex.org/keywords/concentration-polarization | https://openalex.org/keywords/ferroelectricity | https://openalex.org/keywords/spin-polarization | https://openalex.org/keywords/exchange-current-density | https://openalex.org/keywords/condensed-matter-physics | https://openalex.org/keywords/piezoelectricity | https://openalex.org/keywords/limiting-current | https://openalex.org/keywords/spectroscopy | https://openalex.org/keywords/radical | https://openalex.org/keywords/cathodic-protection | https://openalex.org/keywords/physical-chemistry | https://openalex.org/keywords/polar | https://openalex.org/keywords/high-temperature-electrolysis | https://openalex.org/keywords/spin,10.2801 | 0.471406 | 0.256812 | 0.221832 | 0.183047 | 0.166906 | 0.15958 | 0.158528 | 0.150251 | 0.119625 | 0.116032 | 0.0921841 | 0.0907659 | 0.0884581 | 0.0801799,True,237,185,14,38,Polarization (electrochemistry) / Concentration polarization / Ferroelectricity,待主题范围审阅,NMF关键词主题,待主题范围审阅,236
N0297,296,Tin | Tin oxide | Metallurgy | Sulfide | Tin dioxide | Titanium nitride | Printed circuit board | Antimony | Electrode | Composite material | Indium tin oxide | Tailings | Inorganic chemistry | Phosphide | Diffusion barrier,https://openalex.org/keywords/tin | https://openalex.org/keywords/tin-oxide | https://openalex.org/keywords/metallurgy | https://openalex.org/keywords/sulfide | https://openalex.org/keywords/tin-dioxide | https://openalex.org/keywords/titanium-nitride | https://openalex.org/keywords/printed-circuit-board | https://openalex.org/keywords/antimony | https://openalex.org/keywords/electrode | https://openalex.org/keywords/composite-material | https://openalex.org/keywords/indium-tin-oxide | https://openalex.org/keywords/tailings | https://openalex.org/keywords/inorganic-chemistry | https://openalex.org/keywords/phosphide | https://openalex.org/keywords/diffusion-barrier,9.65516 | 1.90163 | 0.977864 | 0.840338 | 0.629019 | 0.550185 | 0.297536 | 0.189112 | 0.161847 | 0.147052 | 0.122771 | 0.11848 | 0.11734 | 0.0939444 | 0.0900663,True,278,233,24,21,Tin / Tin oxide / Metallurgy,待主题范围审阅,NMF关键词主题,待主题范围审阅,274
N0298,297,Spectroscopy | Absorption spectroscopy | Diffuse reflectance infrared fourier transform | XANES | Infrared spectroscopy | X-ray absorption spectroscopy | Ultrafast laser spectroscopy | Extended X-ray absorption fine structure | Spectral line | Mössbauer spectroscopy | Infrared | Electron energy loss spectroscopy | Surface photovoltage | Nuclear magnetic resonance spectroscopy | Energy-dispersive X-ray spectroscopy,https://openalex.org/keywords/spectroscopy | https://openalex.org/keywords/absorption-spectroscopy | https://openalex.org/keywords/diffuse-reflectance-infrared-fourier-transform | https://openalex.org/keywords/xanes | https://openalex.org/keywords/infrared-spectroscopy | https://openalex.org/keywords/x-ray-absorption-spectroscopy | https://openalex.org/keywords/ultrafast-laser-spectroscopy | https://openalex.org/keywords/extended-x-ray-absorption-fine-structure | https://openalex.org/keywords/spectral-line | https://openalex.org/keywords/mössbauer-spectroscopy | https://openalex.org/keywords/infrared | https://openalex.org/keywords/electron-energy-loss-spectroscopy | https://openalex.org/keywords/surface-photovoltage | https://openalex.org/keywords/nuclear-magnetic-resonance-spectroscopy | https://openalex.org/keywords/energy-dispersive-x-ray-spectroscopy,10.0546 | 2.15641 | 1.36357 | 1.21103 | 0.88425 | 0.849551 | 0.749998 | 0.646671 | 0.516873 | 0.478205 | 0.406562 | 0.361103 | 0.360266 | 0.322709 | 0.317344,True,166,149,7,10,Spectroscopy / Absorption spectroscopy / Diffuse reflectance infrared fourier transform,待主题范围审阅,NMF关键词主题,待主题范围审阅,166
N0299,298,Ferroelectricity | Phase transition | Non-volatile memory | Poling | Pyroelectricity | Inductor | Inductance | Tin | Multiferroics | Curie temperature | Scaling | Piezoelectricity | Polarization (electrochemistry) | Dipole | Hafnium,https://openalex.org/keywords/ferroelectricity | https://openalex.org/keywords/phase-transition | https://openalex.org/keywords/non-volatile-memory | https://openalex.org/keywords/poling | https://openalex.org/keywords/pyroelectricity | https://openalex.org/keywords/inductor | https://openalex.org/keywords/inductance | https://openalex.org/keywords/tin | https://openalex.org/keywords/multiferroics | https://openalex.org/keywords/curie-temperature | https://openalex.org/keywords/scaling | https://openalex.org/keywords/piezoelectricity | https://openalex.org/keywords/polarization | https://openalex.org/keywords/dipole | https://openalex.org/keywords/hafnium,9.29131 | 0.744093 | 0.553242 | 0.439893 | 0.3131 | 0.306886 | 0.289496 | 0.273443 | 0.262753 | 0.211381 | 0.197649 | 0.189998 | 0.1533 | 0.146399 | 0.143327,True,195,145,19,31,Ferroelectricity / Phase transition / Non-volatile memory,待主题范围审阅,NMF关键词主题,待主题范围审阅,195
N0300,299,Fuzzy logic | Fuzzy control system | Adaptive neuro fuzzy inference system | Artificial intelligence | Neuro-fuzzy | Fuzzy set | Data mining | Control theory (sociology) | Nonlinear system | Analytic hierarchy process | Cluster analysis | Inference system | Power quality | Fuzzy clustering | Interval (graph theory),https://openalex.org/keywords/fuzzy-logic | https://openalex.org/keywords/fuzzy-control-system | https://openalex.org/keywords/adaptive-neuro-fuzzy-inference-system | https://openalex.org/keywords/artificial-intelligence | https://openalex.org/keywords/neuro-fuzzy | https://openalex.org/keywords/fuzzy-set | https://openalex.org/keywords/data-mining | https://openalex.org/keywords/control-theory | https://openalex.org/keywords/nonlinear-system | https://openalex.org/keywords/analytic-hierarchy-process | https://openalex.org/keywords/cluster-analysis | https://openalex.org/keywords/inference-system | https://openalex.org/keywords/power-quality | https://openalex.org/keywords/fuzzy-clustering | https://openalex.org/keywords/interval,7.49161 | 2.24718 | 1.46281 | 0.694414 | 0.471085 | 0.45032 | 0.327882 | 0.295931 | 0.255147 | 0.22837 | 0.215762 | 0.20211 | 0.174192 | 0.172027 | 0.165498,True,464,372,34,58,Fuzzy logic / Fuzzy control system / Adaptive neuro fuzzy inference system,待主题范围审阅,NMF关键词主题,待主题范围审阅,464
N0301,300,Acoustics | Vibration | Partial discharge | Amplitude | Ultrasonic sensor | Structural engineering | Transducer | Resonance (particle physics) | Piezoelectricity | Waveform | Antenna (radio) | Harmonic | Coupling (piping) | Electrical engineering | Electromagnetic field,https://openalex.org/keywords/acoustics | https://openalex.org/keywords/vibration | https://openalex.org/keywords/partial-discharge | https://openalex.org/keywords/amplitude | https://openalex.org/keywords/ultrasonic-sensor | https://openalex.org/keywords/structural-engineering | https://openalex.org/keywords/transducer | https://openalex.org/keywords/resonance | https://openalex.org/keywords/piezoelectricity | https://openalex.org/keywords/waveform | https://openalex.org/keywords/antenna | https://openalex.org/keywords/harmonic | https://openalex.org/keywords/coupling | https://openalex.org/keywords/electrical-engineering | https://openalex.org/keywords/electromagnetic-field,7.30653 | 3.88046 | 1.36247 | 1.28907 | 1.20198 | 0.940416 | 0.759369 | 0.618466 | 0.516581 | 0.47024 | 0.424307 | 0.39943 | 0.375852 | 0.364161 | 0.341093,True,348,300,21,27,Acoustics / Vibration / Partial discharge,待主题范围审阅,NMF关键词主题,待主题范围审阅,346
N0302,301,Molecule | HOMO/LUMO | Hydrogen bond | Intermolecular force | Perylene | Molecular orbital | Computational chemistry | Organic chemistry | Small molecule | Organic molecules | Diimide | Moiety | Intramolecular force | Stereochemistry | Molecular dynamics,https://openalex.org/keywords/molecule | https://openalex.org/keywords/homo/lumo | https://openalex.org/keywords/hydrogen-bond | https://openalex.org/keywords/intermolecular-force | https://openalex.org/keywords/perylene | https://openalex.org/keywords/molecular-orbital | https://openalex.org/keywords/computational-chemistry | https://openalex.org/keywords/organic-chemistry | https://openalex.org/keywords/small-molecule | https://openalex.org/keywords/organic-molecules | https://openalex.org/keywords/diimide | https://openalex.org/keywords/moiety | https://openalex.org/keywords/intramolecular-force | https://openalex.org/keywords/stereochemistry | https://openalex.org/keywords/molecular-dynamics,10.2853 | 2.58182 | 1.56322 | 1.12456 | 0.938018 | 0.915355 | 0.909683 | 0.785681 | 0.73852 | 0.593372 | 0.585407 | 0.545381 | 0.537583 | 0.509221 | 0.417381,True,125,101,3,21,Molecule / HOMO/LUMO / Hydrogen bond,待主题范围审阅,NMF关键词主题,待主题范围审阅,125
N0303,302,Irradiance | Remote sensing | Solar irradiance | Satellite | Sky | Cloud computing | Calibration | Optics | Pyranometer | Radiative transfer | Cloud cover | Geostationary orbit | Astronomy | Solar Resource | Aerosol,https://openalex.org/keywords/irradiance | https://openalex.org/keywords/remote-sensing | https://openalex.org/keywords/solar-irradiance | https://openalex.org/keywords/satellite | https://openalex.org/keywords/sky | https://openalex.org/keywords/cloud-computing | https://openalex.org/keywords/calibration | https://openalex.org/keywords/optics | https://openalex.org/keywords/pyranometer | https://openalex.org/keywords/radiative-transfer | https://openalex.org/keywords/cloud-cover | https://openalex.org/keywords/geostationary-orbit | https://openalex.org/keywords/astronomy | https://openalex.org/keywords/solar-resource | https://openalex.org/keywords/aerosol,4.92329 | 4.87831 | 3.98474 | 1.49081 | 1.21406 | 0.94494 | 0.558102 | 0.461945 | 0.405065 | 0.387558 | 0.360118 | 0.352069 | 0.343049 | 0.263647 | 0.260951,True,417,345,26,46,Irradiance / Remote sensing / Solar irradiance,待主题范围审阅,NMF关键词主题,待主题范围审阅,417
N0304,303,Inductance | Leakage inductance | Nanotechnology | Equivalent series inductance | Capacitance | Parasitic element | Nanopore | Biochemical engineering | Leakage (economics) | Combinatorial chemistry | Surface modification | RLC circuit | Oscillation (cell signaling) | Position (finance) | Electrical engineering,https://openalex.org/keywords/inductance | https://openalex.org/keywords/leakage-inductance | https://openalex.org/keywords/nanotechnology | https://openalex.org/keywords/equivalent-series-inductance | https://openalex.org/keywords/capacitance | https://openalex.org/keywords/parasitic-element | https://openalex.org/keywords/nanopore | https://openalex.org/keywords/biochemical-engineering | https://openalex.org/keywords/leakage | https://openalex.org/keywords/combinatorial-chemistry | https://openalex.org/keywords/surface-modification | https://openalex.org/keywords/rlc-circuit | https://openalex.org/keywords/oscillation | https://openalex.org/keywords/position | https://openalex.org/keywords/electrical-engineering,8.51783 | 1.68227 | 1.11515 | 1.02573 | 0.517658 | 0.42379 | 0.327101 | 0.325726 | 0.258373 | 0.250179 | 0.200965 | 0.191188 | 0.184428 | 0.172584 | 0.170387,True,193,168,6,19,Inductance / Leakage inductance / Nanotechnology,待主题范围审阅,NMF关键词主题,待主题范围审阅,193
N0305,304,Hydroxide | Layered double hydroxides | Inorganic chemistry | Ion exchange | Cobalt hydroxide | Oxygen evolution | Hydrotalcite | Metal hydroxide | Sodium hydroxide | Potassium hydroxide | Lithium hydroxide | Ammonium hydroxide | Carbonate | Zinc hydroxide | Nonlinear system,https://openalex.org/keywords/hydroxide | https://openalex.org/keywords/layered-double-hydroxides | https://openalex.org/keywords/inorganic-chemistry | https://openalex.org/keywords/ion-exchange | https://openalex.org/keywords/cobalt-hydroxide | https://openalex.org/keywords/oxygen-evolution | https://openalex.org/keywords/hydrotalcite | https://openalex.org/keywords/metal-hydroxide | https://openalex.org/keywords/sodium-hydroxide | https://openalex.org/keywords/potassium-hydroxide | https://openalex.org/keywords/lithium-hydroxide | https://openalex.org/keywords/ammonium-hydroxide | https://openalex.org/keywords/carbonate | https://openalex.org/keywords/zinc-hydroxide | https://openalex.org/keywords/nonlinear-system,7.93684 | 2.7312 | 1.27314 | 0.686344 | 0.555319 | 0.417387 | 0.314591 | 0.310035 | 0.253095 | 0.223541 | 0.218837 | 0.182673 | 0.179961 | 0.168742 | 0.15972,True,370,300,26,44,Hydroxide / Layered double hydroxides / Inorganic chemistry,待主题范围审阅,NMF关键词主题,待主题范围审阅,374
N0306,305,Core (optical fiber) | Shell (structure) | Magnetic core | Photon upconversion | Fiber | Surface (topology) | Cluster (spacecraft) | Luminescence | Stalk | Optics | Telecommunications | Lanthanide | BODIPY | Inflation (cosmology) | Enhanced Data Rates for GSM Evolution,https://openalex.org/keywords/core | https://openalex.org/keywords/shell | https://openalex.org/keywords/magnetic-core | https://openalex.org/keywords/photon-upconversion | https://openalex.org/keywords/fiber | https://openalex.org/keywords/surface | https://openalex.org/keywords/cluster | https://openalex.org/keywords/luminescence | https://openalex.org/keywords/stalk | https://openalex.org/keywords/optics | https://openalex.org/keywords/telecommunications | https://openalex.org/keywords/lanthanide | https://openalex.org/keywords/bodipy | https://openalex.org/keywords/inflation | https://openalex.org/keywords/enhanced-data-rates-for-gsm-evolution,8.41774 | 0.841884 | 0.244253 | 0.15179 | 0.135318 | 0.13099 | 0.128804 | 0.115385 | 0.108781 | 0.0936474 | 0.092296 | 0.0872864 | 0.0820756 | 0.0803021 | 0.0713721,True,190,141,19,30,Core (optical fiber) / Shell (structure) / Magnetic core,待主题范围审阅,NMF关键词主题,待主题范围审阅,188
N0307,306,Activated carbon | Specific surface area | Capacitive deionization | BET theory | Organic chemistry | Potassium hydroxide | Gravimetric analysis | Chemical engineering | Phosphoric acid | Methane | Fiber | Titration | Husk | Electric double-layer capacitor | Microporous material,https://openalex.org/keywords/activated-carbon | https://openalex.org/keywords/specific-surface-area | https://openalex.org/keywords/capacitive-deionization | https://openalex.org/keywords/bet-theory | https://openalex.org/keywords/organic-chemistry | https://openalex.org/keywords/potassium-hydroxide | https://openalex.org/keywords/gravimetric-analysis | https://openalex.org/keywords/chemical-engineering | https://openalex.org/keywords/phosphoric-acid | https://openalex.org/keywords/methane | https://openalex.org/keywords/fiber | https://openalex.org/keywords/titration | https://openalex.org/keywords/husk | https://openalex.org/keywords/electric-double-layer-capacitor | https://openalex.org/keywords/microporous-material,10.1994 | 1.89632 | 1.0485 | 0.769601 | 0.501163 | 0.455938 | 0.410958 | 0.36987 | 0.325615 | 0.257105 | 0.236453 | 0.234988 | 0.207754 | 0.16202 | 0.160544,True,266,209,18,39,Activated carbon / Specific surface area / Capacitive deionization,待主题范围审阅,NMF关键词主题,待主题范围审阅,265
N0308,307,Inductor | Duty cycle | Inductance | Voltage | Magnetic core | Diode | Induction heating | Ferrite core | Power factor | CMOS | Commutation | RLC circuit | Z-source inverter | Clamper | Converters,https://openalex.org/keywords/inductor | https://openalex.org/keywords/duty-cycle | https://openalex.org/keywords/inductance | https://openalex.org/keywords/voltage | https://openalex.org/keywords/magnetic-core | https://openalex.org/keywords/diode | https://openalex.org/keywords/induction-heating | https://openalex.org/keywords/ferrite-core | https://openalex.org/keywords/power-factor | https://openalex.org/keywords/cmos | https://openalex.org/keywords/commutation | https://openalex.org/keywords/rlc-circuit | https://openalex.org/keywords/z-source-inverter | https://openalex.org/keywords/clamper | https://openalex.org/keywords/converters,9.10413 | 1.05668 | 0.445144 | 0.340928 | 0.324012 | 0.280598 | 0.230042 | 0.229459 | 0.202742 | 0.181644 | 0.120794 | 0.115113 | 0.107756 | 0.0911226 | 0.0899477,True,250,226,9,15,Inductor / Duty cycle / Inductance,待主题范围审阅,NMF关键词主题,待主题范围审阅,246
N0309,308,Intercalation (chemistry) | Montmorillonite | Exfoliation joint | Electrode | Pseudocapacitance | Lamellar structure | Layered double hydroxides | Birnessite | Kaolinite | Swelling | Chemical engineering | Ionic radius | Chemistry | Potassium-ion battery | Bilayer graphene,https://openalex.org/keywords/intercalation | https://openalex.org/keywords/montmorillonite | https://openalex.org/keywords/exfoliation-joint | https://openalex.org/keywords/electrode | https://openalex.org/keywords/pseudocapacitance | https://openalex.org/keywords/lamellar-structure | https://openalex.org/keywords/layered-double-hydroxides | https://openalex.org/keywords/birnessite | https://openalex.org/keywords/kaolinite | https://openalex.org/keywords/swelling | https://openalex.org/keywords/chemical-engineering | https://openalex.org/keywords/ionic-radius | https://openalex.org/keywords/chemistry | https://openalex.org/keywords/potassium-ion-battery | https://openalex.org/keywords/bilayer-graphene,11.2489 | 0.384529 | 0.381596 | 0.283331 | 0.269354 | 0.192063 | 0.162787 | 0.154743 | 0.128409 | 0.112058 | 0.105451 | 0.0883787 | 0.0869048 | 0.074598 | 0.072364,True,243,201,16,26,Intercalation (chemistry) / Montmorillonite / Exfoliation joint,待主题范围审阅,NMF关键词主题,待主题范围审阅,242
N0310,309,Architectural engineering | Civil engineering | Zero-energy building | Roof | Construction engineering | Building-integrated photovoltaics | Thermal comfort | Ventilation (architecture) | Building envelope | Passive solar building design | Occupancy | Retrofitting | Energy performance | Photovoltaic mounting system | Glazing,https://openalex.org/keywords/architectural-engineering | https://openalex.org/keywords/civil-engineering | https://openalex.org/keywords/zero-energy-building | https://openalex.org/keywords/roof | https://openalex.org/keywords/construction-engineering | https://openalex.org/keywords/building-integrated-photovoltaics | https://openalex.org/keywords/thermal-comfort | https://openalex.org/keywords/ventilation | https://openalex.org/keywords/building-envelope | https://openalex.org/keywords/passive-solar-building-design | https://openalex.org/keywords/occupancy | https://openalex.org/keywords/retrofitting | https://openalex.org/keywords/energy-performance | https://openalex.org/keywords/photovoltaic-mounting-system | https://openalex.org/keywords/glazing,9.55039 | 1.56802 | 1.2624 | 0.536851 | 0.53332 | 0.524976 | 0.441219 | 0.367757 | 0.356633 | 0.317575 | 0.260514 | 0.253242 | 0.246558 | 0.225888 | 0.214428,True,311,240,34,37,Architectural engineering / Civil engineering / Zero-energy building,待主题范围审阅,NMF关键词主题,待主题范围审阅,311
N0311,310,European union | International trade | International economics | Energy policy | Emissions trading | Economic policy | Economy | Directive | European commission | Energy security | Competition (biology) | Negotiation | Member states | Commission | Economics,https://openalex.org/keywords/european-union | https://openalex.org/keywords/international-trade | https://openalex.org/keywords/international-economics | https://openalex.org/keywords/energy-policy | https://openalex.org/keywords/emissions-trading | https://openalex.org/keywords/economic-policy | https://openalex.org/keywords/economy | https://openalex.org/keywords/directive | https://openalex.org/keywords/european-commission | https://openalex.org/keywords/energy-security | https://openalex.org/keywords/competition | https://openalex.org/keywords/negotiation | https://openalex.org/keywords/member-states | https://openalex.org/keywords/commission | https://openalex.org/keywords/economics,6.32644 | 4.11723 | 1.91816 | 1.29269 | 0.956478 | 0.697489 | 0.625285 | 0.599801 | 0.56906 | 0.520791 | 0.503198 | 0.449853 | 0.448218 | 0.424847 | 0.348516,True,368,318,23,27,European union / International trade / International economics,待主题范围审阅,NMF关键词主题,待主题范围审阅,364
N0312,311,Shell (structure) | Microsphere | Nanotechnology | Core (optical fiber) | SPHERES | Palm kernel | Oxygen reduction reaction | Oxygen reduction | Shell and tube heat exchanger | Feature (linguistics) | Molecular physics | Cover (algebra) | Coaxial | Proton | Magnetite,https://openalex.org/keywords/shell | https://openalex.org/keywords/microsphere | https://openalex.org/keywords/nanotechnology | https://openalex.org/keywords/core | https://openalex.org/keywords/spheres | https://openalex.org/keywords/palm-kernel | https://openalex.org/keywords/oxygen-reduction-reaction | https://openalex.org/keywords/oxygen-reduction | https://openalex.org/keywords/shell-and-tube-heat-exchanger | https://openalex.org/keywords/feature | https://openalex.org/keywords/molecular-physics | https://openalex.org/keywords/cover | https://openalex.org/keywords/coaxial | https://openalex.org/keywords/proton | https://openalex.org/keywords/magnetite,7.24633 | 0.651455 | 0.541907 | 0.497412 | 0.346323 | 0.165569 | 0.138664 | 0.115208 | 0.106425 | 0.100458 | 0.0892791 | 0.0862506 | 0.0818403 | 0.0796473 | 0.0754846,True,280,207,40,33,Shell (structure) / Microsphere / Nanotechnology,待主题范围审阅,NMF关键词主题,待主题范围审阅,279
N0313,312,Quality (philosophy) | Power quality | Voltage sag | Electric power quality | Air quality index | Wavelet | Product (mathematics) | Swell | Manufacturing engineering | Disturbance (geology) | Environmental quality | Engineering management | Wavelet transform | Briquette | Presentation (obstetrics),https://openalex.org/keywords/quality | https://openalex.org/keywords/power-quality | https://openalex.org/keywords/voltage-sag | https://openalex.org/keywords/electric-power-quality | https://openalex.org/keywords/air-quality-index | https://openalex.org/keywords/wavelet | https://openalex.org/keywords/product | https://openalex.org/keywords/swell | https://openalex.org/keywords/manufacturing-engineering | https://openalex.org/keywords/disturbance | https://openalex.org/keywords/environmental-quality | https://openalex.org/keywords/engineering-management | https://openalex.org/keywords/wavelet-transform | https://openalex.org/keywords/briquette | https://openalex.org/keywords/presentation,8.02597 | 4.23241 | 1.04286 | 0.202697 | 0.16674 | 0.154722 | 0.153457 | 0.14362 | 0.14173 | 0.135544 | 0.135495 | 0.116478 | 0.11523 | 0.105909 | 0.102377,True,286,216,29,41,Quality (philosophy) / Power quality / Voltage sag,待主题范围审阅,NMF关键词主题,待主题范围审阅,284
N0314,313,Sputtering | Sputter deposition | Cavity magnetron | High-power impulse magnetron sputtering | Copper indium gallium selenide solar cells | Transmittance | Sheet resistance | Argon | Chemical engineering | Beryllium | Surface roughness | Composite material | Cermet | Thermal emittance | Erosion,https://openalex.org/keywords/sputtering | https://openalex.org/keywords/sputter-deposition | https://openalex.org/keywords/cavity-magnetron | https://openalex.org/keywords/high-power-impulse-magnetron-sputtering | https://openalex.org/keywords/copper-indium-gallium-selenide-solar-cells | https://openalex.org/keywords/transmittance | https://openalex.org/keywords/sheet-resistance | https://openalex.org/keywords/argon | https://openalex.org/keywords/chemical-engineering | https://openalex.org/keywords/beryllium | https://openalex.org/keywords/surface-roughness | https://openalex.org/keywords/composite-material | https://openalex.org/keywords/cermet | https://openalex.org/keywords/thermal-emittance | https://openalex.org/keywords/erosion,7.67299 | 5.90094 | 1.34005 | 0.595425 | 0.552807 | 0.278184 | 0.234717 | 0.225209 | 0.176073 | 0.171743 | 0.165715 | 0.160031 | 0.136377 | 0.136048 | 0.130622,True,293,266,13,14,Sputtering / Sputter deposition / Cavity magnetron,待主题范围审阅,NMF关键词主题,待主题范围审阅,294
N0315,314,Biochar | Pulp and paper industry | Charcoal | Heat of combustion | Torrefaction | Straw | Husk | Agronomy | Fuzzy logic | Bagasse | Carbon sequestration | Amendment | Electron paramagnetic resonance | Peroxydisulfate | Environmental remediation,https://openalex.org/keywords/biochar | https://openalex.org/keywords/pulp-and-paper-industry | https://openalex.org/keywords/charcoal | https://openalex.org/keywords/heat-of-combustion | https://openalex.org/keywords/torrefaction | https://openalex.org/keywords/straw | https://openalex.org/keywords/husk | https://openalex.org/keywords/agronomy | https://openalex.org/keywords/fuzzy-logic | https://openalex.org/keywords/bagasse | https://openalex.org/keywords/carbon-sequestration | https://openalex.org/keywords/amendment | https://openalex.org/keywords/electron-paramagnetic-resonance | https://openalex.org/keywords/peroxydisulfate | https://openalex.org/keywords/environmental-remediation,9.67843 | 0.777275 | 0.737017 | 0.672329 | 0.512744 | 0.430267 | 0.342714 | 0.326425 | 0.245769 | 0.210885 | 0.20932 | 0.201716 | 0.186801 | 0.177593 | 0.17737,True,436,246,73,117,Biochar / Pulp and paper industry / Charcoal,待主题范围审阅,NMF关键词主题,待主题范围审阅,437
N0316,315,Separator (oil production) | Polysulfide | Polyolefin | Polypropylene | Lithium-ion battery | Lithium–sulfur battery | Polyvinylidene fluoride | Polyethylene | Polyimide | Composite material | Chemical engineering | Dendrite (mathematics) | Electrospinning | Waste management | Wetting,https://openalex.org/keywords/separator | https://openalex.org/keywords/polysulfide | https://openalex.org/keywords/polyolefin | https://openalex.org/keywords/polypropylene | https://openalex.org/keywords/lithium-ion-battery | https://openalex.org/keywords/lithium–sulfur-battery | https://openalex.org/keywords/polyvinylidene-fluoride | https://openalex.org/keywords/polyethylene | https://openalex.org/keywords/polyimide | https://openalex.org/keywords/composite-material | https://openalex.org/keywords/chemical-engineering | https://openalex.org/keywords/dendrite | https://openalex.org/keywords/electrospinning | https://openalex.org/keywords/waste-management | https://openalex.org/keywords/wetting,9.30718 | 0.704586 | 0.565421 | 0.556918 | 0.318975 | 0.307469 | 0.296549 | 0.251924 | 0.227025 | 0.221886 | 0.168982 | 0.121924 | 0.116844 | 0.108713 | 0.105166,True,303,232,26,45,Separator (oil production) / Polysulfide / Polyolefin,待主题范围审阅,NMF关键词主题,待主题范围审阅,303
N0317,316,Microbial fuel cell | Power density | Internal resistance | Biofilm | Biochemical engineering | Bacteria | Geobacter | Microorganism | Chemical oxygen demand | Ferricyanide | Shewanella oneidensis | Electron acceptor | Chemical energy | Geobacter sulfurreducens | Microbial electrolysis cell,https://openalex.org/keywords/microbial-fuel-cell | https://openalex.org/keywords/power-density | https://openalex.org/keywords/internal-resistance | https://openalex.org/keywords/biofilm | https://openalex.org/keywords/biochemical-engineering | https://openalex.org/keywords/bacteria | https://openalex.org/keywords/geobacter | https://openalex.org/keywords/microorganism | https://openalex.org/keywords/chemical-oxygen-demand | https://openalex.org/keywords/ferricyanide | https://openalex.org/keywords/shewanella-oneidensis | https://openalex.org/keywords/electron-acceptor | https://openalex.org/keywords/chemical-energy | https://openalex.org/keywords/geobacter-sulfurreducens | https://openalex.org/keywords/microbial-electrolysis-cell,10.7854 | 1.61905 | 0.832678 | 0.78482 | 0.602885 | 0.362074 | 0.309789 | 0.22208 | 0.206692 | 0.17791 | 0.168436 | 0.161659 | 0.15541 | 0.149676 | 0.147972,True,237,197,20,20,Microbial fuel cell / Power density / Internal resistance,待主题范围审阅,NMF关键词主题,待主题范围审阅,239
N0318,317,Epitaxy | Molecular beam epitaxy | Metalorganic vapour phase epitaxy | Sapphire | Pulsed laser deposition | Face (sociological concept) | Growth rate | Surface roughness | Thin film | Diffraction | Cathodoluminescence | Electron diffraction | Etching (microfabrication) | Chemical vapor deposition | Dislocation,https://openalex.org/keywords/epitaxy | https://openalex.org/keywords/molecular-beam-epitaxy | https://openalex.org/keywords/metalorganic-vapour-phase-epitaxy | https://openalex.org/keywords/sapphire | https://openalex.org/keywords/pulsed-laser-deposition | https://openalex.org/keywords/face | https://openalex.org/keywords/growth-rate | https://openalex.org/keywords/surface-roughness | https://openalex.org/keywords/thin-film | https://openalex.org/keywords/diffraction | https://openalex.org/keywords/cathodoluminescence | https://openalex.org/keywords/electron-diffraction | https://openalex.org/keywords/etching | https://openalex.org/keywords/chemical-vapor-deposition | https://openalex.org/keywords/dislocation,9.35607 | 2.01893 | 0.835688 | 0.517569 | 0.26972 | 0.249588 | 0.245941 | 0.232067 | 0.203884 | 0.201859 | 0.177276 | 0.173885 | 0.148305 | 0.1439 | 0.143332,True,263,235,7,21,Epitaxy / Molecular beam epitaxy / Metalorganic vapour phase epitaxy,待主题范围审阅,NMF关键词主题,待主题范围审阅,264
N0319,318,Vacancy defect | Crystallography | Crystallographic defect | Positron annihilation spectroscopy | Positron | Condensed matter physics | Cluster (spacecraft) | Helium | Positron annihilation | Molecular physics | Doppler broadening | Atomic physics | Binding energy | Annihilation | Trapping,https://openalex.org/keywords/vacancy-defect | https://openalex.org/keywords/crystallography | https://openalex.org/keywords/crystallographic-defect | https://openalex.org/keywords/positron-annihilation-spectroscopy | https://openalex.org/keywords/positron | https://openalex.org/keywords/condensed-matter-physics | https://openalex.org/keywords/cluster | https://openalex.org/keywords/helium | https://openalex.org/keywords/positron-annihilation | https://openalex.org/keywords/molecular-physics | https://openalex.org/keywords/doppler-broadening | https://openalex.org/keywords/atomic-physics | https://openalex.org/keywords/binding-energy | https://openalex.org/keywords/annihilation | https://openalex.org/keywords/trapping,10.6889 | 1.00406 | 0.888459 | 0.479377 | 0.420012 | 0.386989 | 0.309467 | 0.301104 | 0.262265 | 0.250928 | 0.244777 | 0.217408 | 0.217262 | 0.192244 | 0.185731,True,236,179,28,29,Vacancy defect / Crystallography / Crystallographic defect,待主题范围审阅,NMF关键词主题,待主题范围审阅,235
N0320,319,Ammonia | Ammonia production | Inorganic chemistry | Ammonia borane | Chemistry | Nitrate | Borane | Nitrite | Ammonium | Desorption | Urea | Electrosynthesis | Selective catalytic reduction | Noble metal | Slurry,https://openalex.org/keywords/ammonia | https://openalex.org/keywords/ammonia-production | https://openalex.org/keywords/inorganic-chemistry | https://openalex.org/keywords/ammonia-borane | https://openalex.org/keywords/chemistry | https://openalex.org/keywords/nitrate | https://openalex.org/keywords/borane | https://openalex.org/keywords/nitrite | https://openalex.org/keywords/ammonium | https://openalex.org/keywords/desorption | https://openalex.org/keywords/urea | https://openalex.org/keywords/electrosynthesis | https://openalex.org/keywords/selective-catalytic-reduction | https://openalex.org/keywords/noble-metal | https://openalex.org/keywords/slurry,7.92195 | 2.99023 | 1.2654 | 1.08985 | 1.03344 | 0.742858 | 0.389395 | 0.290068 | 0.218674 | 0.213553 | 0.145218 | 0.142063 | 0.14138 | 0.139656 | 0.133146,True,392,246,60,86,Ammonia / Ammonia production / Inorganic chemistry,待主题范围审阅,NMF关键词主题,待主题范围审阅,392
N0321,320,Hydropower | Hydroelectricity | Small hydro | Civil engineering | Water resource management | Marine engineering | Pumped-storage hydroelectricity | Flood myth | Head (geology) | Hydrology (agriculture) | Surge tank | Inflow | Automation | Surge | Water resources,https://openalex.org/keywords/hydropower | https://openalex.org/keywords/hydroelectricity | https://openalex.org/keywords/small-hydro | https://openalex.org/keywords/civil-engineering | https://openalex.org/keywords/water-resource-management | https://openalex.org/keywords/marine-engineering | https://openalex.org/keywords/pumped-storage-hydroelectricity | https://openalex.org/keywords/flood-myth | https://openalex.org/keywords/head | https://openalex.org/keywords/hydrology | https://openalex.org/keywords/surge-tank | https://openalex.org/keywords/inflow | https://openalex.org/keywords/automation | https://openalex.org/keywords/surge | https://openalex.org/keywords/water-resources,9.37753 | 1.33554 | 0.845863 | 0.759223 | 0.663645 | 0.365177 | 0.342398 | 0.311921 | 0.295715 | 0.26051 | 0.22514 | 0.212882 | 0.199954 | 0.19907 | 0.195338,True,264,225,13,26,Hydropower / Hydroelectricity / Small hydro,待主题范围审阅,NMF关键词主题,待主题范围审阅,263
N0322,321,Energy harvesting | Triboelectric effect | Nanogenerator | Piezoelectricity | Wearable computer | Thermoelectric generator | Wearable technology | Wireless sensor network | Mechanical energy | Vibration | Electric potential energy | Contact electrification | Energy transformation | Wireless | Cantilever,https://openalex.org/keywords/energy-harvesting | https://openalex.org/keywords/triboelectric-effect | https://openalex.org/keywords/nanogenerator | https://openalex.org/keywords/piezoelectricity | https://openalex.org/keywords/wearable-computer | https://openalex.org/keywords/thermoelectric-generator | https://openalex.org/keywords/wearable-technology | https://openalex.org/keywords/wireless-sensor-network | https://openalex.org/keywords/mechanical-energy | https://openalex.org/keywords/vibration | https://openalex.org/keywords/electric-potential-energy | https://openalex.org/keywords/contact-electrification | https://openalex.org/keywords/energy-transformation | https://openalex.org/keywords/wireless | https://openalex.org/keywords/cantilever,7.24231 | 3.84328 | 3.09365 | 3.05277 | 1.16778 | 0.798291 | 0.797475 | 0.78661 | 0.727743 | 0.613564 | 0.499536 | 0.479499 | 0.424801 | 0.370821 | 0.356813,True,290,198,41,51,Energy harvesting / Triboelectric effect / Nanogenerator,待主题范围审阅,NMF关键词主题,待主题范围审阅,288
N0323,322,Stator | Rotor (electric) | Induction generator | Synchronous motor | Squirrel-cage rotor | Position (finance) | Wound rotor motor | Crowbar | Flux linkage | Electromagnetic coil | Low voltage ride through | Doubly fed electric machine | Vibration | Observer (physics) | Magnetic reluctance,https://openalex.org/keywords/stator | https://openalex.org/keywords/rotor | https://openalex.org/keywords/induction-generator | https://openalex.org/keywords/synchronous-motor | https://openalex.org/keywords/squirrel-cage-rotor | https://openalex.org/keywords/position | https://openalex.org/keywords/wound-rotor-motor | https://openalex.org/keywords/crowbar | https://openalex.org/keywords/flux-linkage | https://openalex.org/keywords/electromagnetic-coil | https://openalex.org/keywords/low-voltage-ride-through | https://openalex.org/keywords/doubly-fed-electric-machine | https://openalex.org/keywords/vibration | https://openalex.org/keywords/observer | https://openalex.org/keywords/magnetic-reluctance,6.96443 | 5.29949 | 1.35096 | 0.327939 | 0.278205 | 0.263273 | 0.234607 | 0.226397 | 0.195743 | 0.191587 | 0.183482 | 0.163631 | 0.161937 | 0.15943 | 0.150751,True,313,286,9,18,Stator / Rotor (electric) / Induction generator,待主题范围审阅,NMF关键词主题,待主题范围审阅,313
N0324,323,Boron | Boron nitride | Boric acid | Hexagonal boron nitride | Boron carbide | Diamond | Zigzag | Boron oxide | Boride | Hydrogen storage | Borophene | Refining (metallurgy) | Phosphorus | Slag (welding) | Hexagonal crystal system,https://openalex.org/keywords/boron | https://openalex.org/keywords/boron-nitride | https://openalex.org/keywords/boric-acid | https://openalex.org/keywords/hexagonal-boron-nitride | https://openalex.org/keywords/boron-carbide | https://openalex.org/keywords/diamond | https://openalex.org/keywords/zigzag | https://openalex.org/keywords/boron-oxide | https://openalex.org/keywords/boride | https://openalex.org/keywords/hydrogen-storage | https://openalex.org/keywords/borophene | https://openalex.org/keywords/refining | https://openalex.org/keywords/phosphorus | https://openalex.org/keywords/slag | https://openalex.org/keywords/hexagonal-crystal-system,8.62922 | 2.76206 | 0.900988 | 0.346819 | 0.345462 | 0.336115 | 0.281565 | 0.244233 | 0.235538 | 0.205255 | 0.191939 | 0.142445 | 0.139224 | 0.12886 | 0.127567,True,307,257,22,28,Boron / Boron nitride / Boric acid,待主题范围审阅,NMF关键词主题,待主题范围审阅,309
N0325,324,Dehydrogenation | Hydrogen storage | Ammonia borane | Ball mill | Magnesium hydride | Borane | Magnesium | Borohydride | Organic chemistry | Cryo-adsorption | Activation energy | Hydrazine (antidepressant) | Gravimetric analysis | Diborane | Physisorption,https://openalex.org/keywords/dehydrogenation | https://openalex.org/keywords/hydrogen-storage | https://openalex.org/keywords/ammonia-borane | https://openalex.org/keywords/ball-mill | https://openalex.org/keywords/magnesium-hydride | https://openalex.org/keywords/borane | https://openalex.org/keywords/magnesium | https://openalex.org/keywords/borohydride | https://openalex.org/keywords/organic-chemistry | https://openalex.org/keywords/cryo-adsorption | https://openalex.org/keywords/activation-energy | https://openalex.org/keywords/hydrazine | https://openalex.org/keywords/gravimetric-analysis | https://openalex.org/keywords/diborane | https://openalex.org/keywords/physisorption,7.18561 | 6.30801 | 1.32911 | 0.813654 | 0.760591 | 0.495136 | 0.414806 | 0.315446 | 0.314049 | 0.232106 | 0.177391 | 0.170571 | 0.158539 | 0.143775 | 0.105327,True,325,244,30,51,Dehydrogenation / Hydrogen storage / Ammonia borane,待主题范围审阅,NMF关键词主题,待主题范围审阅,339
N0326,325,Methyl orange | Orange (colour) | Orange G | Sol-gel | Solvothermal synthesis | Scanning electron microscope | Titanate | Crystal violet | Polyethylene glycol | Composite number | Ultraviolet light | Transmittance | Terephthalic acid | Methyl blue | Fourier transform infrared spectroscopy,https://openalex.org/keywords/methyl-orange | https://openalex.org/keywords/orange | https://openalex.org/keywords/orange-g | https://openalex.org/keywords/sol-gel | https://openalex.org/keywords/solvothermal-synthesis | https://openalex.org/keywords/scanning-electron-microscope | https://openalex.org/keywords/titanate | https://openalex.org/keywords/crystal-violet | https://openalex.org/keywords/polyethylene-glycol | https://openalex.org/keywords/composite-number | https://openalex.org/keywords/ultraviolet-light | https://openalex.org/keywords/transmittance | https://openalex.org/keywords/terephthalic-acid | https://openalex.org/keywords/methyl-blue | https://openalex.org/keywords/fourier-transform-infrared-spectroscopy,8.95454 | 0.529182 | 0.161884 | 0.144278 | 0.0955126 | 0.0912167 | 0.0880753 | 0.0869978 | 0.0839974 | 0.0786982 | 0.0653534 | 0.0617114 | 0.0545754 | 0.0532149 | 0.0489513,True,351,314,15,22,Methyl orange / Orange (colour) / Orange G,待主题范围审阅,NMF关键词主题,待主题范围审阅,350
N0327,326,Petroleum engineering | Oil shale | Permeability (electromagnetism) | Aquifer | Enhanced oil recovery | Pipeline (software) | Shale gas | Crude oil | Geotechnical engineering | Pipeline transport | Petroleum | Unconventional oil | Hydraulic fracturing | Brine | Groundwater,https://openalex.org/keywords/petroleum-engineering | https://openalex.org/keywords/oil-shale | https://openalex.org/keywords/permeability | https://openalex.org/keywords/aquifer | https://openalex.org/keywords/enhanced-oil-recovery | https://openalex.org/keywords/pipeline | https://openalex.org/keywords/shale-gas | https://openalex.org/keywords/crude-oil | https://openalex.org/keywords/geotechnical-engineering | https://openalex.org/keywords/pipeline-transport | https://openalex.org/keywords/petroleum | https://openalex.org/keywords/unconventional-oil | https://openalex.org/keywords/hydraulic-fracturing | https://openalex.org/keywords/brine | https://openalex.org/keywords/groundwater,7.81659 | 1.29383 | 1.15792 | 0.965888 | 0.938188 | 0.866497 | 0.812117 | 0.710627 | 0.601602 | 0.53674 | 0.525978 | 0.515042 | 0.512739 | 0.501735 | 0.497194,True,420,342,39,39,Petroleum engineering / Oil shale / Permeability (electromagnetism),待主题范围审阅,NMF关键词主题,待主题范围审阅,420
N0328,327,Coprecipitation | Inorganic chemistry | Methyl orange | Precipitation | Layered double hydroxides | Ferrite (magnet) | Superparamagnetism | Magnetite | Carbonate | Hydrotalcite | Ion exchange | Metallurgy | Ferrihydrite | Oxalate | Magnesium,https://openalex.org/keywords/coprecipitation | https://openalex.org/keywords/inorganic-chemistry | https://openalex.org/keywords/methyl-orange | https://openalex.org/keywords/precipitation | https://openalex.org/keywords/layered-double-hydroxides | https://openalex.org/keywords/ferrite | https://openalex.org/keywords/superparamagnetism | https://openalex.org/keywords/magnetite | https://openalex.org/keywords/carbonate | https://openalex.org/keywords/hydrotalcite | https://openalex.org/keywords/ion-exchange | https://openalex.org/keywords/metallurgy | https://openalex.org/keywords/ferrihydrite | https://openalex.org/keywords/oxalate | https://openalex.org/keywords/magnesium,10.0347 | 0.936262 | 0.838126 | 0.619259 | 0.616995 | 0.52665 | 0.520593 | 0.342698 | 0.334077 | 0.305635 | 0.257027 | 0.24136 | 0.217681 | 0.202192 | 0.201309,True,130,109,6,15,Coprecipitation / Inorganic chemistry / Methyl orange,待主题范围审阅,NMF关键词主题,待主题范围审阅,129
N0329,328,Vortex | Magnetohydrodynamics | Mechanics | Magnetohydrodynamic drive | Classical mechanics | Vorticity | Magnetic reconnection | Engineering | Turbulence | Particle image velocimetry | Jet (fluid) | Toroid | Current sheet | Instability | Reynolds number,https://openalex.org/keywords/vortex | https://openalex.org/keywords/magnetohydrodynamics | https://openalex.org/keywords/mechanics | https://openalex.org/keywords/magnetohydrodynamic-drive | https://openalex.org/keywords/classical-mechanics | https://openalex.org/keywords/vorticity | https://openalex.org/keywords/magnetic-reconnection | https://openalex.org/keywords/engineering | https://openalex.org/keywords/turbulence | https://openalex.org/keywords/particle-image-velocimetry | https://openalex.org/keywords/jet | https://openalex.org/keywords/toroid | https://openalex.org/keywords/current-sheet | https://openalex.org/keywords/instability | https://openalex.org/keywords/reynolds-number,4.97034 | 3.93452 | 2.26153 | 1.92529 | 1.43494 | 1.00735 | 0.743405 | 0.615406 | 0.61066 | 0.574038 | 0.546411 | 0.424184 | 0.37574 | 0.352625 | 0.319929,True,314,260,20,34,Vortex / Magnetohydrodynamics / Mechanics,待主题范围审阅,NMF关键词主题,待主题范围审阅,317
N0330,329,Wafer | Etching (microfabrication) | Carrier lifetime | Ingot | Common emitter | Getter | Optoelectronics | Dislocation | Composite material | Monocrystalline silicon | Isotropic etching | Ion implantation | Crystalline silicon | Reactive-ion etching | Surface roughness,https://openalex.org/keywords/wafer | https://openalex.org/keywords/etching | https://openalex.org/keywords/carrier-lifetime | https://openalex.org/keywords/ingot | https://openalex.org/keywords/common-emitter | https://openalex.org/keywords/getter | https://openalex.org/keywords/optoelectronics | https://openalex.org/keywords/dislocation | https://openalex.org/keywords/composite-material | https://openalex.org/keywords/monocrystalline-silicon | https://openalex.org/keywords/isotropic-etching | https://openalex.org/keywords/ion-implantation | https://openalex.org/keywords/crystalline-silicon | https://openalex.org/keywords/reactive-ion-etching | https://openalex.org/keywords/surface-roughness,9.72886 | 1.05822 | 0.68778 | 0.520347 | 0.39417 | 0.382405 | 0.362695 | 0.325238 | 0.291948 | 0.283265 | 0.220356 | 0.219701 | 0.218097 | 0.195806 | 0.183621,True,286,262,9,15,Wafer / Etching (microfabrication) / Carrier lifetime,待主题范围审阅,NMF关键词主题,待主题范围审阅,286
N0331,330,Support vector machine | Data mining | Artificial intelligence | Machine learning | Pattern recognition (psychology) | Cluster analysis | Classifier (UML) | Random forest | Feature selection | Feature (linguistics) | Feature extraction | Extreme learning machine | Selection (genetic algorithm) | Anomaly detection | Class (philosophy),https://openalex.org/keywords/support-vector-machine | https://openalex.org/keywords/data-mining | https://openalex.org/keywords/artificial-intelligence | https://openalex.org/keywords/machine-learning | https://openalex.org/keywords/pattern-recognition | https://openalex.org/keywords/cluster-analysis | https://openalex.org/keywords/classifier | https://openalex.org/keywords/random-forest | https://openalex.org/keywords/feature-selection | https://openalex.org/keywords/feature | https://openalex.org/keywords/feature-extraction | https://openalex.org/keywords/extreme-learning-machine | https://openalex.org/keywords/selection | https://openalex.org/keywords/anomaly-detection | https://openalex.org/keywords/class,4.2855 | 3.38979 | 3.06917 | 2.72546 | 2.16974 | 1.45925 | 1.01106 | 0.783294 | 0.752482 | 0.638904 | 0.527072 | 0.496992 | 0.480625 | 0.396621 | 0.388721,True,688,485,103,100,Support vector machine / Data mining / Artificial intelligence,待主题范围审阅,NMF关键词主题,待主题范围审阅,698
N0332,331,Key (lock) | Process management | Sustainable energy | Data collection | Knowledge management | Protocol (science) | Portfolio | Metric (unit) | Telecommunications network | Multimedia | Power grid | Standardization | Telecommunications | Transition (genetics) | Systems engineering,https://openalex.org/keywords/key | https://openalex.org/keywords/process-management | https://openalex.org/keywords/sustainable-energy | https://openalex.org/keywords/data-collection | https://openalex.org/keywords/knowledge-management | https://openalex.org/keywords/protocol | https://openalex.org/keywords/portfolio | https://openalex.org/keywords/metric | https://openalex.org/keywords/telecommunications-network | https://openalex.org/keywords/multimedia | https://openalex.org/keywords/power-grid | https://openalex.org/keywords/standardization | https://openalex.org/keywords/telecommunications | https://openalex.org/keywords/transition | https://openalex.org/keywords/systems-engineering,10.014 | 0.224349 | 0.171657 | 0.129769 | 0.119775 | 0.115922 | 0.101732 | 0.100759 | 0.100316 | 0.0980379 | 0.096955 | 0.0964851 | 0.096215 | 0.0900794 | 0.0840484,True,348,182,23,143,Key (lock) / Process management / Sustainable energy,待主题范围审阅,NMF关键词主题,待主题范围审阅,350
N0333,332,Current density | Power density | Current collector | Electrode | Exchange current density | Limiting current | Energy density | Saturation current | Stripping (fiber) | Thermodynamics | Plating (geology) | Specific surface area | Electrocoagulation | Common emitter | Short circuit,https://openalex.org/keywords/current-density | https://openalex.org/keywords/power-density | https://openalex.org/keywords/current-collector | https://openalex.org/keywords/electrode | https://openalex.org/keywords/exchange-current-density | https://openalex.org/keywords/limiting-current | https://openalex.org/keywords/energy-density | https://openalex.org/keywords/saturation-current | https://openalex.org/keywords/stripping | https://openalex.org/keywords/thermodynamics | https://openalex.org/keywords/plating | https://openalex.org/keywords/specific-surface-area | https://openalex.org/keywords/electrocoagulation | https://openalex.org/keywords/common-emitter | https://openalex.org/keywords/short-circuit,10.2537 | 3.15063 | 0.818162 | 0.693072 | 0.249698 | 0.222826 | 0.181268 | 0.164532 | 0.159753 | 0.153266 | 0.143017 | 0.139598 | 0.134239 | 0.117715 | 0.106741,True,162,144,2,16,Current density / Power density / Current collector,待主题范围审阅,NMF关键词主题,待主题范围审阅,161
N0334,333,Electronics | Power electronics | Organic electronics | Wearable computer | Wearable technology | Electrical engineering | Flexible electronics | Electronic circuit | Printed electronics | Stretchable electronics | Organic semiconductor | Automotive electronics | Electronic component | Electronic materials | Nanoelectronics,https://openalex.org/keywords/electronics | https://openalex.org/keywords/power-electronics | https://openalex.org/keywords/organic-electronics | https://openalex.org/keywords/wearable-computer | https://openalex.org/keywords/wearable-technology | https://openalex.org/keywords/electrical-engineering | https://openalex.org/keywords/flexible-electronics | https://openalex.org/keywords/electronic-circuit | https://openalex.org/keywords/printed-electronics | https://openalex.org/keywords/stretchable-electronics | https://openalex.org/keywords/organic-semiconductor | https://openalex.org/keywords/automotive-electronics | https://openalex.org/keywords/electronic-component | https://openalex.org/keywords/electronic-materials | https://openalex.org/keywords/nanoelectronics,7.90729 | 2.9361 | 0.911132 | 0.675793 | 0.66914 | 0.574529 | 0.469124 | 0.351892 | 0.243735 | 0.239251 | 0.195673 | 0.192009 | 0.178463 | 0.151603 | 0.141152,True,323,257,27,39,Electronics / Power electronics / Organic electronics,待主题范围审阅,NMF关键词主题,待主题范围审阅,318
N0335,334,Sodium | Inorganic chemistry | Sodium-ion battery | Potassium | Chloride | Sodium carbonate | Carboxymethyl cellulose | Sodium borohydride | Phosphorus | Sodium sulfate | Chemical engineering | Sulfate | Calcium | Sulfonate | Fast ion conductor,https://openalex.org/keywords/sodium | https://openalex.org/keywords/inorganic-chemistry | https://openalex.org/keywords/sodium-ion-battery | https://openalex.org/keywords/potassium | https://openalex.org/keywords/chloride | https://openalex.org/keywords/sodium-carbonate | https://openalex.org/keywords/carboxymethyl-cellulose | https://openalex.org/keywords/sodium-borohydride | https://openalex.org/keywords/phosphorus | https://openalex.org/keywords/sodium-sulfate | https://openalex.org/keywords/chemical-engineering | https://openalex.org/keywords/sulfate | https://openalex.org/keywords/calcium | https://openalex.org/keywords/sulfonate | https://openalex.org/keywords/fast-ion-conductor,9.74911 | 1.37967 | 1.07192 | 0.848791 | 0.465108 | 0.394869 | 0.338666 | 0.262738 | 0.251866 | 0.221859 | 0.219219 | 0.174586 | 0.165617 | 0.159046 | 0.154907,True,337,207,54,76,Sodium / Inorganic chemistry / Sodium-ion battery,待主题范围审阅,NMF关键词主题,待主题范围审阅,335
N0336,335,Islanding | Distributed generation | Blackout | Phase-locked loop | Distributed power generation | Load Shedding | Voltage droop | Tripping | Stage (stratigraphy) | Frequency deviation | Phasor | Control reconfiguration | Wavelet transform | Methane | Distributed power,https://openalex.org/keywords/islanding | https://openalex.org/keywords/distributed-generation | https://openalex.org/keywords/blackout | https://openalex.org/keywords/phase-locked-loop | https://openalex.org/keywords/distributed-power-generation | https://openalex.org/keywords/load-shedding | https://openalex.org/keywords/voltage-droop | https://openalex.org/keywords/tripping | https://openalex.org/keywords/stage | https://openalex.org/keywords/frequency-deviation | https://openalex.org/keywords/phasor | https://openalex.org/keywords/control-reconfiguration | https://openalex.org/keywords/wavelet-transform | https://openalex.org/keywords/methane | https://openalex.org/keywords/distributed-power,8.22907 | 1.53861 | 0.343649 | 0.305072 | 0.256535 | 0.251098 | 0.17939 | 0.1515 | 0.104683 | 0.0844855 | 0.0843314 | 0.0808103 | 0.0764814 | 0.075498 | 0.0694028,True,128,115,7,6,Islanding / Distributed generation / Blackout,待主题范围审阅,NMF关键词主题,待主题范围审阅,128
N0337,336,Efficient energy use | Energy conservation | Energy accounting | Energy engineering | Engineering | Stock (firearms) | Audit | Manufacturing engineering | Energy intensity | Mechanical engineering | Primary energy | Data envelopment analysis | Energy performance | Operations management | Benchmarking,https://openalex.org/keywords/efficient-energy-use | https://openalex.org/keywords/energy-conservation | https://openalex.org/keywords/energy-accounting | https://openalex.org/keywords/energy-engineering | https://openalex.org/keywords/engineering | https://openalex.org/keywords/stock | https://openalex.org/keywords/audit | https://openalex.org/keywords/manufacturing-engineering | https://openalex.org/keywords/energy-intensity | https://openalex.org/keywords/mechanical-engineering | https://openalex.org/keywords/primary-energy | https://openalex.org/keywords/data-envelopment-analysis | https://openalex.org/keywords/energy-performance | https://openalex.org/keywords/operations-management | https://openalex.org/keywords/benchmarking,9.39286 | 0.860433 | 0.688096 | 0.586073 | 0.584896 | 0.473169 | 0.335757 | 0.316099 | 0.293832 | 0.247804 | 0.237478 | 0.223529 | 0.214431 | 0.210785 | 0.20794,True,346,265,19,62,Efficient energy use / Energy conservation / Energy accounting,待主题范围审阅,NMF关键词主题,待主题范围审阅,348
N0338,337,Mineralogy | Calcite | Mineral | Metallurgy | Clay minerals | Geochemistry | Carbonate | Dolomite | Kaolinite | Rare earth | Silicate | Pyrite | Quartz | Olivine | Permeability (electromagnetism),https://openalex.org/keywords/mineralogy | https://openalex.org/keywords/calcite | https://openalex.org/keywords/mineral | https://openalex.org/keywords/metallurgy | https://openalex.org/keywords/clay-minerals | https://openalex.org/keywords/geochemistry | https://openalex.org/keywords/carbonate | https://openalex.org/keywords/dolomite | https://openalex.org/keywords/kaolinite | https://openalex.org/keywords/rare-earth | https://openalex.org/keywords/silicate | https://openalex.org/keywords/pyrite | https://openalex.org/keywords/quartz | https://openalex.org/keywords/olivine | https://openalex.org/keywords/permeability,9.71455 | 1.39301 | 1.18051 | 1.1697 | 1.09521 | 1.01989 | 0.986988 | 0.768839 | 0.663109 | 0.651072 | 0.650087 | 0.62641 | 0.626394 | 0.475974 | 0.455599,True,143,118,11,14,Mineralogy / Calcite / Mineral,待主题范围审阅,NMF关键词主题,待主题范围审阅,144
N0339,338,Modular design | Scalability | High-voltage direct current | Redundancy (engineering) | Modularity (biology) | Direct current | Electronic engineering | Series and parallel circuits | Three-phase | Avionics | Chopper | Voltage | Debugging | Stellarator | Rack,https://openalex.org/keywords/modular-design | https://openalex.org/keywords/scalability | https://openalex.org/keywords/high-voltage-direct-current | https://openalex.org/keywords/redundancy | https://openalex.org/keywords/modularity | https://openalex.org/keywords/direct-current | https://openalex.org/keywords/electronic-engineering | https://openalex.org/keywords/series-and-parallel-circuits | https://openalex.org/keywords/three-phase | https://openalex.org/keywords/avionics | https://openalex.org/keywords/chopper | https://openalex.org/keywords/voltage | https://openalex.org/keywords/debugging | https://openalex.org/keywords/stellarator | https://openalex.org/keywords/rack,9.33642 | 0.342893 | 0.341641 | 0.317795 | 0.269965 | 0.175422 | 0.165782 | 0.12283 | 0.0985617 | 0.093844 | 0.0925394 | 0.0917389 | 0.0880488 | 0.0822282 | 0.0816753,True,303,231,19,53,Modular design / Scalability / High-voltage direct current,待主题范围审阅,NMF关键词主题,待主题范围审阅,302
N0340,339,Acceptor | Electron acceptor | Photochemistry | Electron donor | Chemistry | HOMO/LUMO | Triphenylamine | Polymer solar cell | Carbazole | Moiety | Energy conversion efficiency | Electron mobility | Fluorescence | Side chain | Chromophore,https://openalex.org/keywords/acceptor | https://openalex.org/keywords/electron-acceptor | https://openalex.org/keywords/photochemistry | https://openalex.org/keywords/electron-donor | https://openalex.org/keywords/chemistry | https://openalex.org/keywords/homo/lumo | https://openalex.org/keywords/triphenylamine | https://openalex.org/keywords/polymer-solar-cell | https://openalex.org/keywords/carbazole | https://openalex.org/keywords/moiety | https://openalex.org/keywords/energy-conversion-efficiency | https://openalex.org/keywords/electron-mobility | https://openalex.org/keywords/fluorescence | https://openalex.org/keywords/side-chain | https://openalex.org/keywords/chromophore,8.96712 | 2.83729 | 1.9611 | 1.09315 | 0.857669 | 0.825859 | 0.696628 | 0.583638 | 0.561797 | 0.370532 | 0.349098 | 0.304291 | 0.271644 | 0.251287 | 0.239633,True,268,236,19,13,Acceptor / Electron acceptor / Photochemistry,待主题范围审阅,NMF关键词主题,待主题范围审阅,262
N0341,340,Condensed matter physics | Superconductivity | Dislocation | Lattice (music) | Quantum mechanics | Superlattice | Polaron | Conductance | Zigzag | Physics | Solid-state physics | Strain (injury) | Crystallographic defect | Electronic band structure | Bilayer,https://openalex.org/keywords/condensed-matter-physics | https://openalex.org/keywords/superconductivity | https://openalex.org/keywords/dislocation | https://openalex.org/keywords/lattice | https://openalex.org/keywords/quantum-mechanics | https://openalex.org/keywords/superlattice | https://openalex.org/keywords/polaron | https://openalex.org/keywords/conductance | https://openalex.org/keywords/zigzag | https://openalex.org/keywords/physics | https://openalex.org/keywords/solid-state-physics | https://openalex.org/keywords/strain | https://openalex.org/keywords/crystallographic-defect | https://openalex.org/keywords/electronic-band-structure | https://openalex.org/keywords/bilayer,9.22929 | 2.46215 | 2.20073 | 2.04503 | 0.734786 | 0.628092 | 0.604158 | 0.454448 | 0.442595 | 0.439429 | 0.388949 | 0.381106 | 0.356866 | 0.33705 | 0.327794,True,155,134,16,5,Condensed matter physics / Superconductivity / Dislocation,待主题范围审阅,NMF关键词主题,待主题范围审阅,159
N0342,341,Risk analysis (engineering) | Risk management | Resilience (materials science) | Management science | Risk assessment | Operations management | Process management | Critical infrastructure | Cost–benefit analysis | Scope (computer science) | Carbon capture and storage (timeline) | Variety (cybernetics) | Data science | Interdependence | Systems engineering,https://openalex.org/keywords/risk-analysis | https://openalex.org/keywords/risk-management | https://openalex.org/keywords/resilience | https://openalex.org/keywords/management-science | https://openalex.org/keywords/risk-assessment | https://openalex.org/keywords/operations-management | https://openalex.org/keywords/process-management | https://openalex.org/keywords/critical-infrastructure | https://openalex.org/keywords/cost–benefit-analysis | https://openalex.org/keywords/scope | https://openalex.org/keywords/carbon-capture-and-storage | https://openalex.org/keywords/variety | https://openalex.org/keywords/data-science | https://openalex.org/keywords/interdependence | https://openalex.org/keywords/systems-engineering,9.48016 | 0.759272 | 0.629759 | 0.575651 | 0.571936 | 0.489339 | 0.418747 | 0.365911 | 0.215818 | 0.211692 | 0.208121 | 0.202643 | 0.197471 | 0.195779 | 0.174799,True,202,171,13,18,Risk analysis (engineering) / Risk management / Resilience (materials science),待主题范围审阅,NMF关键词主题,待主题范围审阅,201
N0343,342,Software deployment | Carbon capture and storage (timeline) | Scalability | Scheduling (production processes) | Climate change mitigation | Bio-energy with carbon capture and storage | Schedule | Big data | Distributed computing | Transport engineering | Software engineering | Computer security | Solar power | Zero emission | Reliability engineering,https://openalex.org/keywords/software-deployment | https://openalex.org/keywords/carbon-capture-and-storage | https://openalex.org/keywords/scalability | https://openalex.org/keywords/scheduling | https://openalex.org/keywords/climate-change-mitigation | https://openalex.org/keywords/bio-energy-with-carbon-capture-and-storage | https://openalex.org/keywords/schedule | https://openalex.org/keywords/big-data | https://openalex.org/keywords/distributed-computing | https://openalex.org/keywords/transport-engineering | https://openalex.org/keywords/software-engineering | https://openalex.org/keywords/computer-security | https://openalex.org/keywords/solar-power | https://openalex.org/keywords/zero-emission | https://openalex.org/keywords/reliability-engineering,9.11389 | 0.50788 | 0.225523 | 0.178974 | 0.149374 | 0.128849 | 0.125331 | 0.115579 | 0.101735 | 0.1005 | 0.0963284 | 0.0926526 | 0.0920881 | 0.0918108 | 0.0855684,True,385,250,13,122,Software deployment / Carbon capture and storage (timeline) / Scalability,待主题范围审阅,NMF关键词主题,待主题范围审阅,383
N0344,343,Metal-organic framework | Nanotechnology | Zeolitic imidazolate framework | Imidazolate | Zirconium | Nanocages | Biochemical engineering | Chemical engineering | Flue gas | Linker | Selective adsorption | Gas separation | Carboxylate | Rational design | Nanoscopic scale,https://openalex.org/keywords/metal-organic-framework | https://openalex.org/keywords/nanotechnology | https://openalex.org/keywords/zeolitic-imidazolate-framework | https://openalex.org/keywords/imidazolate | https://openalex.org/keywords/zirconium | https://openalex.org/keywords/nanocages | https://openalex.org/keywords/biochemical-engineering | https://openalex.org/keywords/chemical-engineering | https://openalex.org/keywords/flue-gas | https://openalex.org/keywords/linker | https://openalex.org/keywords/selective-adsorption | https://openalex.org/keywords/gas-separation | https://openalex.org/keywords/carboxylate | https://openalex.org/keywords/rational-design | https://openalex.org/keywords/nanoscopic-scale,10.0733 | 2.12857 | 0.978725 | 0.754033 | 0.342078 | 0.280103 | 0.251744 | 0.249575 | 0.206703 | 0.193329 | 0.175519 | 0.168182 | 0.156792 | 0.151177 | 0.138931,True,233,177,34,22,Metal-organic framework / Nanotechnology / Zeolitic imidazolate framework,待主题范围审阅,NMF关键词主题,待主题范围审阅,233
N0345,344,Solid oxide fuel cell | Power density | Thermal expansion | Metallurgy | Lanthanum | Triple phase boundary | Cermet | Process engineering | Yttria-stabilized zirconia | Operating temperature | Stress (linguistics) | Chromium | Partial oxidation | Multiphysics | Tape casting,https://openalex.org/keywords/solid-oxide-fuel-cell | https://openalex.org/keywords/power-density | https://openalex.org/keywords/thermal-expansion | https://openalex.org/keywords/metallurgy | https://openalex.org/keywords/lanthanum | https://openalex.org/keywords/triple-phase-boundary | https://openalex.org/keywords/cermet | https://openalex.org/keywords/process-engineering | https://openalex.org/keywords/yttria-stabilized-zirconia | https://openalex.org/keywords/operating-temperature | https://openalex.org/keywords/stress | https://openalex.org/keywords/chromium | https://openalex.org/keywords/partial-oxidation | https://openalex.org/keywords/multiphysics | https://openalex.org/keywords/tape-casting,8.92313 | 0.634805 | 0.507477 | 0.405462 | 0.356414 | 0.284836 | 0.273352 | 0.219874 | 0.18882 | 0.164808 | 0.156709 | 0.152202 | 0.139691 | 0.136775 | 0.135382,True,344,304,24,16,Solid oxide fuel cell / Power density / Thermal expansion,待主题范围审阅,NMF关键词主题,待主题范围审阅,342
N0346,345,Ultimate tensile strength | Composite material | Elongation | Ductility (Earth science) | Stress (linguistics) | Tensile testing | Welding | Extrusion | Deformation (meteorology) | Brittleness | Epoxy | Casting | Creep | Compressive strength | Strain (injury),https://openalex.org/keywords/ultimate-tensile-strength | https://openalex.org/keywords/composite-material | https://openalex.org/keywords/elongation | https://openalex.org/keywords/ductility | https://openalex.org/keywords/stress | https://openalex.org/keywords/tensile-testing | https://openalex.org/keywords/welding | https://openalex.org/keywords/extrusion | https://openalex.org/keywords/deformation | https://openalex.org/keywords/brittleness | https://openalex.org/keywords/epoxy | https://openalex.org/keywords/casting | https://openalex.org/keywords/creep | https://openalex.org/keywords/compressive-strength | https://openalex.org/keywords/strain,7.46942 | 1.51268 | 1.4663 | 0.83864 | 0.823613 | 0.663273 | 0.624433 | 0.584069 | 0.478152 | 0.43527 | 0.427155 | 0.36196 | 0.355044 | 0.354867 | 0.334401,True,403,346,21,36,Ultimate tensile strength / Composite material / Elongation,待主题范围审阅,NMF关键词主题,待主题范围审阅,400
N0347,346,Orthorhombic crystal system | Tetragonal crystal system | Monoclinic crystal system | Crystal structure | Phase transition | Scheelite | Bismuth vanadate | Thermal expansion | Cubic zirconia | Isostructural | Neutron diffraction | Metastability | Zintl phase | Sodium | Antiferromagnetism,https://openalex.org/keywords/orthorhombic-crystal-system | https://openalex.org/keywords/tetragonal-crystal-system | https://openalex.org/keywords/monoclinic-crystal-system | https://openalex.org/keywords/crystal-structure | https://openalex.org/keywords/phase-transition | https://openalex.org/keywords/scheelite | https://openalex.org/keywords/bismuth-vanadate | https://openalex.org/keywords/thermal-expansion | https://openalex.org/keywords/cubic-zirconia | https://openalex.org/keywords/isostructural | https://openalex.org/keywords/neutron-diffraction | https://openalex.org/keywords/metastability | https://openalex.org/keywords/zintl-phase | https://openalex.org/keywords/sodium | https://openalex.org/keywords/antiferromagnetism,5.802 | 5.67806 | 3.43594 | 2.65478 | 0.382851 | 0.260559 | 0.172021 | 0.16259 | 0.156367 | 0.142404 | 0.124328 | 0.121068 | 0.121059 | 0.11302 | 0.107759,True,279,249,13,17,Orthorhombic crystal system / Tetragonal crystal system / Monoclinic crystal system,待主题范围审阅,NMF关键词主题,待主题范围审阅,279
N0348,347,Microporous material | Specific surface area | Conjugated microporous polymer | BET theory | Hydrogen storage | Polyvinylidene fluoride | Gaseous diffusion | Chemistry | Composite material | Methane | Melamine | Gas separation | Gravimetric analysis | Molecular sieve | Water vapor,https://openalex.org/keywords/microporous-material | https://openalex.org/keywords/specific-surface-area | https://openalex.org/keywords/conjugated-microporous-polymer | https://openalex.org/keywords/bet-theory | https://openalex.org/keywords/hydrogen-storage | https://openalex.org/keywords/polyvinylidene-fluoride | https://openalex.org/keywords/gaseous-diffusion | https://openalex.org/keywords/chemistry | https://openalex.org/keywords/composite-material | https://openalex.org/keywords/methane | https://openalex.org/keywords/melamine | https://openalex.org/keywords/gas-separation | https://openalex.org/keywords/gravimetric-analysis | https://openalex.org/keywords/molecular-sieve | https://openalex.org/keywords/water-vapor,10.4893 | 0.68664 | 0.558027 | 0.288039 | 0.265001 | 0.250839 | 0.229469 | 0.166838 | 0.151173 | 0.125681 | 0.123577 | 0.121344 | 0.112101 | 0.10849 | 0.104556,True,246,199,19,28,Microporous material / Specific surface area / Conjugated microporous polymer,待主题范围审阅,NMF关键词主题,待主题范围审阅,246
N0349,348,Magnet | Permanent magnet synchronous generator | Superconducting magnet | Mechanical engineering | Synchronous motor | Finite element method | Coercivity | Superconductivity | Permanent magnet synchronous motor | Neodymium magnet | Nuclear magnetic resonance | Magnetic reluctance | Maglev | Levitation | Electromagnet,https://openalex.org/keywords/magnet | https://openalex.org/keywords/permanent-magnet-synchronous-generator | https://openalex.org/keywords/superconducting-magnet | https://openalex.org/keywords/mechanical-engineering | https://openalex.org/keywords/synchronous-motor | https://openalex.org/keywords/finite-element-method | https://openalex.org/keywords/coercivity | https://openalex.org/keywords/superconductivity | https://openalex.org/keywords/permanent-magnet-synchronous-motor | https://openalex.org/keywords/neodymium-magnet | https://openalex.org/keywords/nuclear-magnetic-resonance | https://openalex.org/keywords/magnetic-reluctance | https://openalex.org/keywords/maglev | https://openalex.org/keywords/levitation | https://openalex.org/keywords/electromagnet,8.10484 | 1.8738 | 1.66825 | 1.23001 | 0.954726 | 0.844497 | 0.768881 | 0.680866 | 0.664596 | 0.545493 | 0.518648 | 0.492265 | 0.397561 | 0.378615 | 0.374733,True,378,309,27,42,Magnet / Permanent magnet synchronous generator / Superconducting magnet,待主题范围审阅,NMF关键词主题,待主题范围审阅,377
N0350,349,Hydrate | Clathrate hydrate | Methane | Thermodynamics | Chemistry | Isochoric process | Saturation (graph theory) | Cabin pressurization | Pore water pressure | Tetrahydrofuran | Ammonium bromide | Activity coefficient | Propane | Bromide | Chemical engineering,https://openalex.org/keywords/hydrate | https://openalex.org/keywords/clathrate-hydrate | https://openalex.org/keywords/methane | https://openalex.org/keywords/thermodynamics | https://openalex.org/keywords/chemistry | https://openalex.org/keywords/isochoric-process | https://openalex.org/keywords/saturation | https://openalex.org/keywords/cabin-pressurization | https://openalex.org/keywords/pore-water-pressure | https://openalex.org/keywords/tetrahydrofuran | https://openalex.org/keywords/ammonium-bromide | https://openalex.org/keywords/activity-coefficient | https://openalex.org/keywords/propane | https://openalex.org/keywords/bromide | https://openalex.org/keywords/chemical-engineering,5.64326 | 5.56021 | 1.11844 | 0.755246 | 0.620547 | 0.439903 | 0.402129 | 0.384884 | 0.311119 | 0.304044 | 0.247291 | 0.240126 | 0.219772 | 0.219662 | 0.215128,True,247,192,27,28,Hydrate / Clathrate hydrate / Methane,待主题范围审阅,NMF关键词主题,待主题范围审阅,247
N0351,350,Diesel fuel | Diesel engine | Biodiesel | Diesel generator | Brake specific fuel consumption | Gasoline | NOx | Thermal efficiency | Fuel efficiency | Diesel exhaust | Biodiesel production | Exhaust gas recirculation | Fuel oil | Internal combustion engine | Vegetable oil refining,https://openalex.org/keywords/diesel-fuel | https://openalex.org/keywords/diesel-engine | https://openalex.org/keywords/biodiesel | https://openalex.org/keywords/diesel-generator | https://openalex.org/keywords/brake-specific-fuel-consumption | https://openalex.org/keywords/gasoline | https://openalex.org/keywords/nox | https://openalex.org/keywords/thermal-efficiency | https://openalex.org/keywords/fuel-efficiency | https://openalex.org/keywords/diesel-exhaust | https://openalex.org/keywords/biodiesel-production | https://openalex.org/keywords/exhaust-gas-recirculation | https://openalex.org/keywords/fuel-oil | https://openalex.org/keywords/internal-combustion-engine | https://openalex.org/keywords/vegetable-oil-refining,7.94804 | 2.78206 | 2.16262 | 2.06206 | 0.551123 | 0.54253 | 0.523535 | 0.521963 | 0.506154 | 0.449935 | 0.343122 | 0.332498 | 0.330797 | 0.324036 | 0.312049,True,356,321,8,27,Diesel fuel / Diesel engine / Biodiesel,待主题范围审阅,NMF关键词主题,待主题范围审阅,355
N0352,351,Electrical impedance | Equivalent circuit | Impedance matching | Output impedance | Admittance | Input impedance | Resistor | Characteristic impedance | Equivalent impedance transforms | Frequency domain | Damping factor | Mathematics | Impedance parameters | Time domain | Nyquist plot,https://openalex.org/keywords/electrical-impedance | https://openalex.org/keywords/equivalent-circuit | https://openalex.org/keywords/impedance-matching | https://openalex.org/keywords/output-impedance | https://openalex.org/keywords/admittance | https://openalex.org/keywords/input-impedance | https://openalex.org/keywords/resistor | https://openalex.org/keywords/characteristic-impedance | https://openalex.org/keywords/equivalent-impedance-transforms | https://openalex.org/keywords/frequency-domain | https://openalex.org/keywords/damping-factor | https://openalex.org/keywords/mathematics | https://openalex.org/keywords/impedance-parameters | https://openalex.org/keywords/time-domain | https://openalex.org/keywords/nyquist-plot,9.43163 | 1.75297 | 1.03832 | 1.00279 | 0.48947 | 0.408554 | 0.391054 | 0.336274 | 0.332471 | 0.314528 | 0.311524 | 0.304774 | 0.295145 | 0.280724 | 0.251026,True,319,250,20,49,Electrical impedance / Equivalent circuit / Impedance matching,待主题范围审阅,NMF关键词主题,待主题范围审阅,311
N0353,352,Formic acid | Inorganic chemistry | Catalysis | Palladium | Acetic acid | Carbon monoxide | Chronoamperometry | Oxalic acid | Sodium borohydride | Formate | Electrochemical reduction of carbon dioxide | Levulinic acid | Formaldehyde | Dehydrogenation | Rhodium,https://openalex.org/keywords/formic-acid | https://openalex.org/keywords/inorganic-chemistry | https://openalex.org/keywords/catalysis | https://openalex.org/keywords/palladium | https://openalex.org/keywords/acetic-acid | https://openalex.org/keywords/carbon-monoxide | https://openalex.org/keywords/chronoamperometry | https://openalex.org/keywords/oxalic-acid | https://openalex.org/keywords/sodium-borohydride | https://openalex.org/keywords/formate | https://openalex.org/keywords/electrochemical-reduction-of-carbon-dioxide | https://openalex.org/keywords/levulinic-acid | https://openalex.org/keywords/formaldehyde | https://openalex.org/keywords/dehydrogenation | https://openalex.org/keywords/rhodium,8.09091 | 1.73296 | 1.71207 | 1.1636 | 0.56635 | 0.452549 | 0.439883 | 0.358565 | 0.336181 | 0.315521 | 0.291566 | 0.226761 | 0.194919 | 0.188639 | 0.145903,True,216,187,9,20,Formic acid / Inorganic chemistry / Catalysis,待主题范围审阅,NMF关键词主题,待主题范围审阅,215
N0354,353,Stacking | Stacking fault | Electron mobility | Bilayer | Crystallography | Intermolecular force | Lamellar structure | Nuclear magnetic resonance | Side chain | Period (music) | Janus | Antiparallel (mathematics) | Type (biology) | Ring (chemistry) | Stacking-fault energy,https://openalex.org/keywords/stacking | https://openalex.org/keywords/stacking-fault | https://openalex.org/keywords/electron-mobility | https://openalex.org/keywords/bilayer | https://openalex.org/keywords/crystallography | https://openalex.org/keywords/intermolecular-force | https://openalex.org/keywords/lamellar-structure | https://openalex.org/keywords/nuclear-magnetic-resonance | https://openalex.org/keywords/side-chain | https://openalex.org/keywords/period | https://openalex.org/keywords/janus | https://openalex.org/keywords/antiparallel | https://openalex.org/keywords/type | https://openalex.org/keywords/ring | https://openalex.org/keywords/stacking-fault-energy,9.19236 | 0.561836 | 0.528503 | 0.497753 | 0.399461 | 0.333806 | 0.198163 | 0.197728 | 0.185755 | 0.171446 | 0.165348 | 0.136357 | 0.130639 | 0.129027 | 0.125337,True,282,213,22,47,Stacking / Stacking fault / Electron mobility,待主题范围审阅,NMF关键词主题,待主题范围审阅,281
N0355,354,Cadmium telluride photovoltaics | Cadmium | Tellurium | Copper indium gallium selenide solar cells | Luminescence | Fluorescence | Cadmium sulfide | Telluride | Chemistry | Sublimation (psychology) | Optoelectronics | Molecular beam epitaxy | Thin film solar cell | Cathodoluminescence | Crystalline silicon,https://openalex.org/keywords/cadmium-telluride-photovoltaics | https://openalex.org/keywords/cadmium | https://openalex.org/keywords/tellurium | https://openalex.org/keywords/copper-indium-gallium-selenide-solar-cells | https://openalex.org/keywords/luminescence | https://openalex.org/keywords/fluorescence | https://openalex.org/keywords/cadmium-sulfide | https://openalex.org/keywords/telluride | https://openalex.org/keywords/chemistry | https://openalex.org/keywords/sublimation | https://openalex.org/keywords/optoelectronics | https://openalex.org/keywords/molecular-beam-epitaxy | https://openalex.org/keywords/thin-film-solar-cell | https://openalex.org/keywords/cathodoluminescence | https://openalex.org/keywords/crystalline-silicon,9.18189 | 0.821282 | 0.497877 | 0.391969 | 0.279079 | 0.228392 | 0.213892 | 0.198194 | 0.186581 | 0.169699 | 0.167544 | 0.151794 | 0.115069 | 0.11357 | 0.101802,True,228,207,10,11,Cadmium telluride photovoltaics / Cadmium / Tellurium,待主题范围审阅,NMF关键词主题,待主题范围审阅,226
N0356,355,Compensation (psychology) | Voltage sag | Compensation methods | Dead time | Voltage compensation | Shunt (medical) | AC power | Feed forward | Active power filter | Transient voltage suppressor | Swell | Static VAR compensator | Element (criminal law) | Oscillation (cell signaling) | Harmonics,https://openalex.org/keywords/compensation | https://openalex.org/keywords/voltage-sag | https://openalex.org/keywords/compensation-methods | https://openalex.org/keywords/dead-time | https://openalex.org/keywords/voltage-compensation | https://openalex.org/keywords/shunt | https://openalex.org/keywords/ac-power | https://openalex.org/keywords/feed-forward | https://openalex.org/keywords/active-power-filter | https://openalex.org/keywords/transient-voltage-suppressor | https://openalex.org/keywords/swell | https://openalex.org/keywords/static-var-compensator | https://openalex.org/keywords/element | https://openalex.org/keywords/oscillation | https://openalex.org/keywords/harmonics,10.009 | 0.611357 | 0.402631 | 0.367167 | 0.313244 | 0.23884 | 0.217937 | 0.190172 | 0.15512 | 0.126395 | 0.125484 | 0.100286 | 0.0985109 | 0.0940518 | 0.0892634,True,242,198,12,32,Compensation (psychology) / Voltage sag / Compensation methods,待主题范围审阅,NMF关键词主题,待主题范围审阅,238
N0357,356,Chemical vapor deposition | Plasma-enhanced chemical vapor deposition | Chemical engineering | Nanotechnology | Metalorganic vapour phase epitaxy | Layer (electronics) | Graphene nanoribbons | Silane | Graphene foam | Combustion chemical vapor deposition | Sapphire | Composite material | Physical vapor deposition | Carbon film | Thin film,https://openalex.org/keywords/chemical-vapor-deposition | https://openalex.org/keywords/plasma-enhanced-chemical-vapor-deposition | https://openalex.org/keywords/chemical-engineering | https://openalex.org/keywords/nanotechnology | https://openalex.org/keywords/metalorganic-vapour-phase-epitaxy | https://openalex.org/keywords/layer | https://openalex.org/keywords/graphene-nanoribbons | https://openalex.org/keywords/silane | https://openalex.org/keywords/graphene-foam | https://openalex.org/keywords/combustion-chemical-vapor-deposition | https://openalex.org/keywords/sapphire | https://openalex.org/keywords/composite-material | https://openalex.org/keywords/physical-vapor-deposition | https://openalex.org/keywords/carbon-film | https://openalex.org/keywords/thin-film,9.68062 | 1.34793 | 1.03563 | 0.702017 | 0.582034 | 0.454946 | 0.290128 | 0.276595 | 0.271954 | 0.26878 | 0.265913 | 0.249455 | 0.217273 | 0.191807 | 0.185842,True,268,244,13,11,Chemical vapor deposition / Plasma-enhanced chemical vapor deposition / Chemical engineering,待主题范围审阅,NMF关键词主题,待主题范围审阅,265
N0358,357,Raw material | Biorefinery | Metallurgy | Renewable resource | Cellulosic ethanol | Biomass (ecology) | Chemical industry | Char | Low-density polyethylene | Organic chemistry | Sugar | Jet fuel | Biodiesel production | Acetylene | Luminescence,https://openalex.org/keywords/raw-material | https://openalex.org/keywords/biorefinery | https://openalex.org/keywords/metallurgy | https://openalex.org/keywords/renewable-resource | https://openalex.org/keywords/cellulosic-ethanol | https://openalex.org/keywords/biomass | https://openalex.org/keywords/chemical-industry | https://openalex.org/keywords/char | https://openalex.org/keywords/low-density-polyethylene | https://openalex.org/keywords/organic-chemistry | https://openalex.org/keywords/sugar | https://openalex.org/keywords/jet-fuel | https://openalex.org/keywords/biodiesel-production | https://openalex.org/keywords/acetylene | https://openalex.org/keywords/luminescence,11.306 | 0.335493 | 0.246808 | 0.229693 | 0.190377 | 0.186713 | 0.154875 | 0.140192 | 0.128628 | 0.124672 | 0.116617 | 0.113926 | 0.113281 | 0.110133 | 0.109072,True,193,148,8,37,Raw material / Biorefinery / Metallurgy,待主题范围审阅,NMF关键词主题,待主题范围审阅,194
N0359,358,Harmonics | Active filter | Filter (signal processing) | Harmonic analysis | Phase-locked loop | Flicker | Power electronics | DC bias | Shunt (medical) | Compensation (psychology) | Electronic filter | Pulse-width modulation | Frequency domain | Physics | Current source,https://openalex.org/keywords/harmonics | https://openalex.org/keywords/active-filter | https://openalex.org/keywords/filter | https://openalex.org/keywords/harmonic-analysis | https://openalex.org/keywords/phase-locked-loop | https://openalex.org/keywords/flicker | https://openalex.org/keywords/power-electronics | https://openalex.org/keywords/dc-bias | https://openalex.org/keywords/shunt | https://openalex.org/keywords/compensation | https://openalex.org/keywords/electronic-filter | https://openalex.org/keywords/pulse-width-modulation | https://openalex.org/keywords/frequency-domain | https://openalex.org/keywords/physics | https://openalex.org/keywords/current-source,10.0585 | 0.653365 | 0.31266 | 0.26933 | 0.239509 | 0.156781 | 0.142721 | 0.119882 | 0.119768 | 0.110493 | 0.110124 | 0.105215 | 0.0898199 | 0.0858965 | 0.0814073,True,289,263,14,12,Harmonics / Active filter / Filter (signal processing),待主题范围审阅,NMF关键词主题,待主题范围审阅,289
N0360,359,Relay | Overcurrent | Protective relay | Power-system protection | Digital protective relay | Tripping | Backup | Current transformer | Differential protection | Swing | Automation | Fuse (electrical) | Electronic engineering | Blackout | Inrush current,https://openalex.org/keywords/relay | https://openalex.org/keywords/overcurrent | https://openalex.org/keywords/protective-relay | https://openalex.org/keywords/power-system-protection | https://openalex.org/keywords/digital-protective-relay | https://openalex.org/keywords/tripping | https://openalex.org/keywords/backup | https://openalex.org/keywords/current-transformer | https://openalex.org/keywords/differential-protection | https://openalex.org/keywords/swing | https://openalex.org/keywords/automation | https://openalex.org/keywords/fuse | https://openalex.org/keywords/electronic-engineering | https://openalex.org/keywords/blackout | https://openalex.org/keywords/inrush-current,7.67198 | 2.68035 | 2.17004 | 0.868991 | 0.857279 | 0.624703 | 0.489297 | 0.29406 | 0.288674 | 0.269869 | 0.226589 | 0.219356 | 0.199504 | 0.172174 | 0.139977,True,236,206,10,20,Relay / Overcurrent / Protective relay,待主题范围审阅,NMF关键词主题,待主题范围审阅,237
N0361,360,Mode (computer interface) | Sliding mode control | Oscillation (cell signaling) | Enhanced Data Rates for GSM Evolution | Alcator C-Mod | Common-mode signal | Hilbert–Huang transform | Pedestal | Low-frequency oscillation | Tearing | DIII-D | Transition (genetics) | Resistive touchscreen | Power grid | Operating system,https://openalex.org/keywords/mode | https://openalex.org/keywords/sliding-mode-control | https://openalex.org/keywords/oscillation | https://openalex.org/keywords/enhanced-data-rates-for-gsm-evolution | https://openalex.org/keywords/alcator-c-mod | https://openalex.org/keywords/common-mode-signal | https://openalex.org/keywords/hilbert–huang-transform | https://openalex.org/keywords/pedestal | https://openalex.org/keywords/low-frequency-oscillation | https://openalex.org/keywords/tearing | https://openalex.org/keywords/diii-d | https://openalex.org/keywords/transition | https://openalex.org/keywords/resistive-touchscreen | https://openalex.org/keywords/power-grid | https://openalex.org/keywords/operating-system,9.34311 | 1.01807 | 0.52918 | 0.339494 | 0.306843 | 0.294914 | 0.248789 | 0.231631 | 0.202501 | 0.197589 | 0.176969 | 0.173188 | 0.171052 | 0.137379 | 0.125712,True,265,209,19,37,Mode (computer interface) / Sliding mode control / Oscillation (cell signaling),待主题范围审阅,NMF关键词主题,待主题范围审阅,258
N0362,361,MXenes | Carbide | Titanium carbide | MAX phases | Lubrication | Biosensor | Etching (microfabrication) | Biocompatibility | Nitride | Work function | Energy transformation | Photonics | Hydrofluoric acid | Exfoliation joint | Tribology,https://openalex.org/keywords/mxenes | https://openalex.org/keywords/carbide | https://openalex.org/keywords/titanium-carbide | https://openalex.org/keywords/max-phases | https://openalex.org/keywords/lubrication | https://openalex.org/keywords/biosensor | https://openalex.org/keywords/etching | https://openalex.org/keywords/biocompatibility | https://openalex.org/keywords/nitride | https://openalex.org/keywords/work-function | https://openalex.org/keywords/energy-transformation | https://openalex.org/keywords/photonics | https://openalex.org/keywords/hydrofluoric-acid | https://openalex.org/keywords/exfoliation-joint | https://openalex.org/keywords/tribology,8.56374 | 1.34056 | 0.443432 | 0.254507 | 0.221643 | 0.181197 | 0.179252 | 0.155714 | 0.153559 | 0.150065 | 0.135953 | 0.131731 | 0.1314 | 0.130996 | 0.11404,True,254,163,32,59,MXenes / Carbide / Titanium carbide,待主题范围审阅,NMF关键词主题,待主题范围审阅,254
N0363,362,AC power | Power factor | Voltage optimisation | Power control | Total harmonic distortion | Switched-mode power supply | Voltage regulation | Active filter | Static VAR compensator | Power-flow study | Induction generator | Volt-ampere reactive | Three-phase | Volt-ampere | Constant power circuit,https://openalex.org/keywords/ac-power | https://openalex.org/keywords/power-factor | https://openalex.org/keywords/voltage-optimisation | https://openalex.org/keywords/power-control | https://openalex.org/keywords/total-harmonic-distortion | https://openalex.org/keywords/switched-mode-power-supply | https://openalex.org/keywords/voltage-regulation | https://openalex.org/keywords/active-filter | https://openalex.org/keywords/static-var-compensator | https://openalex.org/keywords/power-flow-study | https://openalex.org/keywords/induction-generator | https://openalex.org/keywords/volt-ampere-reactive | https://openalex.org/keywords/three-phase | https://openalex.org/keywords/volt-ampere | https://openalex.org/keywords/constant-power-circuit,7.89326 | 4.44989 | 1.14612 | 0.905262 | 0.864544 | 0.788006 | 0.522347 | 0.510916 | 0.471391 | 0.463073 | 0.34209 | 0.337391 | 0.299109 | 0.166106 | 0.16579,True,344,298,14,32,AC power / Power factor / Voltage optimisation,待主题范围审阅,NMF关键词主题,待主题范围审阅,348
N0364,363,Bismuth | Antimony | Bismuth telluride | Bismuth vanadate | Metallurgy | Sulfide | Telluride | Tungstate | Monoclinic crystal system | Chemical engineering | Molybdate | Iodide | Microsphere | Bismuth ferrite | Arsenic,https://openalex.org/keywords/bismuth | https://openalex.org/keywords/antimony | https://openalex.org/keywords/bismuth-telluride | https://openalex.org/keywords/bismuth-vanadate | https://openalex.org/keywords/metallurgy | https://openalex.org/keywords/sulfide | https://openalex.org/keywords/telluride | https://openalex.org/keywords/tungstate | https://openalex.org/keywords/monoclinic-crystal-system | https://openalex.org/keywords/chemical-engineering | https://openalex.org/keywords/molybdate | https://openalex.org/keywords/iodide | https://openalex.org/keywords/microsphere | https://openalex.org/keywords/bismuth-ferrite | https://openalex.org/keywords/arsenic,8.98151 | 0.907999 | 0.753235 | 0.62406 | 0.466116 | 0.320957 | 0.308509 | 0.269694 | 0.179691 | 0.174666 | 0.161136 | 0.127226 | 0.120249 | 0.113265 | 0.11229,True,294,222,37,35,Bismuth / Antimony / Bismuth telluride,待主题范围审阅,NMF关键词主题,待主题范围审阅,292
N0365,364,Cellulose | Lignin | Hemicellulose | Pulp and paper industry | Straw | Lignocellulosic biomass | Torrefaction | Organic chemistry | Levoglucosan | Cellulosic ethanol | Cellulose acetate | Carboxymethyl cellulose | Furfural | Nanofiber | Agronomy,https://openalex.org/keywords/cellulose | https://openalex.org/keywords/lignin | https://openalex.org/keywords/hemicellulose | https://openalex.org/keywords/pulp-and-paper-industry | https://openalex.org/keywords/straw | https://openalex.org/keywords/lignocellulosic-biomass | https://openalex.org/keywords/torrefaction | https://openalex.org/keywords/organic-chemistry | https://openalex.org/keywords/levoglucosan | https://openalex.org/keywords/cellulosic-ethanol | https://openalex.org/keywords/cellulose-acetate | https://openalex.org/keywords/carboxymethyl-cellulose | https://openalex.org/keywords/furfural | https://openalex.org/keywords/nanofiber | https://openalex.org/keywords/agronomy,6.05172 | 4.09458 | 2.71494 | 1.16933 | 0.994949 | 0.841192 | 0.74313 | 0.557377 | 0.378104 | 0.358931 | 0.334353 | 0.299943 | 0.268972 | 0.258001 | 0.245271,True,378,291,43,44,Cellulose / Lignin / Hemicellulose,待主题范围审阅,NMF关键词主题,待主题范围审阅,377
N0366,365,Environmental chemistry | Soil water | Amine gas treating | Flue gas | Contamination | Heavy metals | Arsenic | Biodegradation | Soil science | Mineralization (soil science) | Organic matter | Organic chemistry | Leachate | Bioremediation | Microorganism,https://openalex.org/keywords/environmental-chemistry | https://openalex.org/keywords/soil-water | https://openalex.org/keywords/amine-gas-treating | https://openalex.org/keywords/flue-gas | https://openalex.org/keywords/contamination | https://openalex.org/keywords/heavy-metals | https://openalex.org/keywords/arsenic | https://openalex.org/keywords/biodegradation | https://openalex.org/keywords/soil-science | https://openalex.org/keywords/mineralization | https://openalex.org/keywords/organic-matter | https://openalex.org/keywords/organic-chemistry | https://openalex.org/keywords/leachate | https://openalex.org/keywords/bioremediation | https://openalex.org/keywords/microorganism,9.08649 | 1.81277 | 1.5262 | 1.26872 | 1.14961 | 0.92293 | 0.858183 | 0.854407 | 0.785226 | 0.694628 | 0.649416 | 0.572793 | 0.547104 | 0.545782 | 0.470156,True,357,273,38,46,Environmental chemistry / Soil water / Amine gas treating,待主题范围审阅,NMF关键词主题,待主题范围审阅,362
N0367,366,Char | tar (computing) | Bituminous coal | Tube furnace | Husk | Reaction rate | Potassium | Reactivity (psychology) | Hydrothermal carbonization | Lignin | Potassium carbonate | Hydrothermal liquefaction | Torrefaction | Anthracite | Biochar,https://openalex.org/keywords/char | https://openalex.org/keywords/tar | https://openalex.org/keywords/bituminous-coal | https://openalex.org/keywords/tube-furnace | https://openalex.org/keywords/husk | https://openalex.org/keywords/reaction-rate | https://openalex.org/keywords/potassium | https://openalex.org/keywords/reactivity | https://openalex.org/keywords/hydrothermal-carbonization | https://openalex.org/keywords/lignin | https://openalex.org/keywords/potassium-carbonate | https://openalex.org/keywords/hydrothermal-liquefaction | https://openalex.org/keywords/torrefaction | https://openalex.org/keywords/anthracite | https://openalex.org/keywords/biochar,9.21091 | 0.684636 | 0.41902 | 0.313164 | 0.223273 | 0.194997 | 0.187581 | 0.185811 | 0.14332 | 0.140576 | 0.128983 | 0.117123 | 0.115914 | 0.0998232 | 0.0966713,True,308,279,16,13,Char / tar (computing) / Bituminous coal,待主题范围审阅,NMF关键词主题,待主题范围审阅,308
N0368,367,Crystal (programming language) | Single crystal | Crystal growth | Crystallography | Morphology (biology) | Dislocation | Facet (psychology) | Crucible (geodemography) | Crystallographic defect | Photoconductivity | Liquid crystal | Electron mobility | Growth rate | Stress (linguistics) | Detector,https://openalex.org/keywords/crystal | https://openalex.org/keywords/single-crystal | https://openalex.org/keywords/crystal-growth | https://openalex.org/keywords/crystallography | https://openalex.org/keywords/morphology | https://openalex.org/keywords/dislocation | https://openalex.org/keywords/facet | https://openalex.org/keywords/crucible | https://openalex.org/keywords/crystallographic-defect | https://openalex.org/keywords/photoconductivity | https://openalex.org/keywords/liquid-crystal | https://openalex.org/keywords/electron-mobility | https://openalex.org/keywords/growth-rate | https://openalex.org/keywords/stress | https://openalex.org/keywords/detector,8.68867 | 2.41462 | 1.56025 | 0.435825 | 0.411912 | 0.331414 | 0.304384 | 0.160704 | 0.138953 | 0.138579 | 0.128452 | 0.12834 | 0.124233 | 0.108522 | 0.108096,True,242,201,18,23,Crystal (programming language) / Single crystal / Crystal growth,待主题范围审阅,NMF关键词主题,待主题范围审阅,239
N0369,368,Government (linguistics) | Public economics | Economic growth | Coupling (piping) | Morphology (biology) | Public policy | Public administration | Economic policy | Energy policy | Local government | Private sector | Petroleum industry | Legislation | Agency (philosophy) | Nuclear power,https://openalex.org/keywords/government | https://openalex.org/keywords/public-economics | https://openalex.org/keywords/economic-growth | https://openalex.org/keywords/coupling | https://openalex.org/keywords/morphology | https://openalex.org/keywords/public-policy | https://openalex.org/keywords/public-administration | https://openalex.org/keywords/economic-policy | https://openalex.org/keywords/energy-policy | https://openalex.org/keywords/local-government | https://openalex.org/keywords/private-sector | https://openalex.org/keywords/petroleum-industry | https://openalex.org/keywords/legislation | https://openalex.org/keywords/agency | https://openalex.org/keywords/nuclear-power,9.41026 | 0.654383 | 0.634069 | 0.507403 | 0.439455 | 0.436197 | 0.386606 | 0.372837 | 0.34482 | 0.344096 | 0.276393 | 0.2441 | 0.241574 | 0.220711 | 0.159944,True,295,223,12,60,Government (linguistics) / Public economics / Economic growth,待主题范围审阅,NMF关键词主题,待主题范围审阅,292
N0370,369,Carbonation | Sorbent | Flue gas | Cement | Calcium looping | Slag (welding) | Carbonatation | Carbonate | Carbon sequestration | Portland cement | Calcium carbonate | Calcite | Lime | Cementitious | Calcium oxide,https://openalex.org/keywords/carbonation | https://openalex.org/keywords/sorbent | https://openalex.org/keywords/flue-gas | https://openalex.org/keywords/cement | https://openalex.org/keywords/calcium-looping | https://openalex.org/keywords/slag | https://openalex.org/keywords/carbonatation | https://openalex.org/keywords/carbonate | https://openalex.org/keywords/carbon-sequestration | https://openalex.org/keywords/portland-cement | https://openalex.org/keywords/calcium-carbonate | https://openalex.org/keywords/calcite | https://openalex.org/keywords/lime | https://openalex.org/keywords/cementitious | https://openalex.org/keywords/calcium-oxide,7.46077 | 2.61784 | 2.16825 | 1.65319 | 1.47944 | 1.09571 | 0.845489 | 0.674929 | 0.606862 | 0.604428 | 0.531961 | 0.517022 | 0.502243 | 0.499216 | 0.495353,True,229,182,18,29,Carbonation / Sorbent / Flue gas,待主题范围审阅,NMF关键词主题,待主题范围审阅,230
N0371,370,Zeolite | Molecular sieve | ZSM-5 | Clinoptilolite | Coke | Pressure swing adsorption | Faujasite | Fluid catalytic cracking | Thermodynamics | Chemical engineering | Fly ash | Toluene | Hydrocarbon | Cracking | Sodalite,https://openalex.org/keywords/zeolite | https://openalex.org/keywords/molecular-sieve | https://openalex.org/keywords/zsm-5 | https://openalex.org/keywords/clinoptilolite | https://openalex.org/keywords/coke | https://openalex.org/keywords/pressure-swing-adsorption | https://openalex.org/keywords/faujasite | https://openalex.org/keywords/fluid-catalytic-cracking | https://openalex.org/keywords/thermodynamics | https://openalex.org/keywords/chemical-engineering | https://openalex.org/keywords/fly-ash | https://openalex.org/keywords/toluene | https://openalex.org/keywords/hydrocarbon | https://openalex.org/keywords/cracking | https://openalex.org/keywords/sodalite,7.39715 | 0.804842 | 0.436997 | 0.432094 | 0.351825 | 0.313653 | 0.276355 | 0.246246 | 0.236619 | 0.22791 | 0.22085 | 0.21539 | 0.19857 | 0.166629 | 0.160418,True,305,257,25,23,Zeolite / Molecular sieve / ZSM-5,待主题范围审阅,NMF关键词主题,待主题范围审阅,305
N0372,371,Environmental resource management | Environmental planning | Corporate governance | Environmental protection | Adaptation (eye) | Stakeholder | Forest management | Land use | Environmental impact assessment | Energy planning | Wildlife | Tourism | Geographic information system | Ecosystem | Resilience (materials science),https://openalex.org/keywords/environmental-resource-management | https://openalex.org/keywords/environmental-planning | https://openalex.org/keywords/corporate-governance | https://openalex.org/keywords/environmental-protection | https://openalex.org/keywords/adaptation | https://openalex.org/keywords/stakeholder | https://openalex.org/keywords/forest-management | https://openalex.org/keywords/land-use | https://openalex.org/keywords/environmental-impact-assessment | https://openalex.org/keywords/energy-planning | https://openalex.org/keywords/wildlife | https://openalex.org/keywords/tourism | https://openalex.org/keywords/geographic-information-system | https://openalex.org/keywords/ecosystem | https://openalex.org/keywords/resilience,6.87471 | 5.57596 | 0.850381 | 0.561378 | 0.506675 | 0.34599 | 0.337971 | 0.332453 | 0.219996 | 0.213429 | 0.213091 | 0.206743 | 0.191901 | 0.188458 | 0.179736,True,338,272,36,30,Environmental resource management / Environmental planning / Corporate governance,待主题范围审阅,NMF关键词主题,待主题范围审阅,337
N0373,372,EMI | Electromagnetic interference | Electromagnetic shielding | Electromagnetic compatibility | Interference (communication) | Filter (signal processing) | Common-mode signal | Printed circuit board | Electrical engineering | Conducted electromagnetic interference | Electromagnetic field | Electromagnetic radiation | Electromagnetic environment | Compatibility (geochemistry) | Electromagnetic pulse,https://openalex.org/keywords/emi | https://openalex.org/keywords/electromagnetic-interference | https://openalex.org/keywords/electromagnetic-shielding | https://openalex.org/keywords/electromagnetic-compatibility | https://openalex.org/keywords/interference | https://openalex.org/keywords/filter | https://openalex.org/keywords/common-mode-signal | https://openalex.org/keywords/printed-circuit-board | https://openalex.org/keywords/electrical-engineering | https://openalex.org/keywords/conducted-electromagnetic-interference | https://openalex.org/keywords/electromagnetic-field | https://openalex.org/keywords/electromagnetic-radiation | https://openalex.org/keywords/electromagnetic-environment | https://openalex.org/keywords/compatibility | https://openalex.org/keywords/electromagnetic-pulse,5.01203 | 4.66238 | 2.12288 | 1.51249 | 1.19571 | 0.695211 | 0.573234 | 0.382297 | 0.334881 | 0.30774 | 0.268286 | 0.200229 | 0.195421 | 0.160375 | 0.150868,True,250,196,19,35,EMI / Electromagnetic interference / Electromagnetic shielding,待主题范围审阅,NMF关键词主题,待主题范围审阅,252
N0374,373,Precipitation | Coupling (piping) | Climatology | Carbonate | Precipitation hardening | Supersaturation | Inductive coupling | Zirconium | Monsoon | Evapotranspiration | Satellite | Agriculture | Metallurgy | MOSFET | Maximum temperature,https://openalex.org/keywords/precipitation | https://openalex.org/keywords/coupling | https://openalex.org/keywords/climatology | https://openalex.org/keywords/carbonate | https://openalex.org/keywords/precipitation-hardening | https://openalex.org/keywords/supersaturation | https://openalex.org/keywords/inductive-coupling | https://openalex.org/keywords/zirconium | https://openalex.org/keywords/monsoon | https://openalex.org/keywords/evapotranspiration | https://openalex.org/keywords/satellite | https://openalex.org/keywords/agriculture | https://openalex.org/keywords/metallurgy | https://openalex.org/keywords/mosfet | https://openalex.org/keywords/maximum-temperature,9.00705 | 1.70559 | 0.504357 | 0.225059 | 0.22478 | 0.204433 | 0.158477 | 0.155976 | 0.153499 | 0.149389 | 0.146317 | 0.134707 | 0.12836 | 0.121783 | 0.120262,True,261,206,18,37,Precipitation / Coupling (piping) / Climatology,待主题范围审阅,NMF关键词主题,待主题范围审阅,261
N0375,374,Moisture | Water content | Humidity | Relative humidity | Pulp and paper industry | Heat of combustion | Briquette | Torrefaction | Pellets | Desiccant | Sawdust | Soil science | Geotechnical engineering | Soil water | Pellet,https://openalex.org/keywords/moisture | https://openalex.org/keywords/water-content | https://openalex.org/keywords/humidity | https://openalex.org/keywords/relative-humidity | https://openalex.org/keywords/pulp-and-paper-industry | https://openalex.org/keywords/heat-of-combustion | https://openalex.org/keywords/briquette | https://openalex.org/keywords/torrefaction | https://openalex.org/keywords/pellets | https://openalex.org/keywords/desiccant | https://openalex.org/keywords/sawdust | https://openalex.org/keywords/soil-science | https://openalex.org/keywords/geotechnical-engineering | https://openalex.org/keywords/soil-water | https://openalex.org/keywords/pellet,4.55155 | 3.57676 | 2.45235 | 2.17316 | 2.02154 | 1.19701 | 0.758673 | 0.693282 | 0.567337 | 0.479083 | 0.46007 | 0.446835 | 0.440892 | 0.348545 | 0.326334,True,380,311,18,51,Moisture / Water content / Humidity,待主题范围审阅,NMF关键词主题,待主题范围审阅,378
N0376,375,Methylene blue | Cationic polymerization | Methylene | Antibacterial activity | BET theory | Pulmonary surfactant | Fly ash | Silver nanoparticle | Effluent | Oxidizing agent | Nanochemistry | Silver nitrate | Organic chemistry | Composite material | Dyeing,https://openalex.org/keywords/methylene-blue | https://openalex.org/keywords/cationic-polymerization | https://openalex.org/keywords/methylene | https://openalex.org/keywords/antibacterial-activity | https://openalex.org/keywords/bet-theory | https://openalex.org/keywords/pulmonary-surfactant | https://openalex.org/keywords/fly-ash | https://openalex.org/keywords/silver-nanoparticle | https://openalex.org/keywords/effluent | https://openalex.org/keywords/oxidizing-agent | https://openalex.org/keywords/nanochemistry | https://openalex.org/keywords/silver-nitrate | https://openalex.org/keywords/organic-chemistry | https://openalex.org/keywords/composite-material | https://openalex.org/keywords/dyeing,9.33248 | 0.66353 | 0.295594 | 0.141095 | 0.135795 | 0.105967 | 0.104603 | 0.100748 | 0.0998383 | 0.0857728 | 0.0798395 | 0.0751111 | 0.0696732 | 0.0647265 | 0.0611631,True,308,241,26,41,Methylene blue / Cationic polymerization / Methylene,待主题范围审阅,NMF关键词主题,待主题范围审阅,307
N0377,376,Condenser (optics) | Evaporator | Heat pipe | Working fluid | Water cooling | Surface condenser | Cooling tower | Thermosiphon | Condensation | Refrigeration | Coefficient of performance | Steam-electric power station | Steam turbine | Thermal resistance | Process engineering,https://openalex.org/keywords/condenser | https://openalex.org/keywords/evaporator | https://openalex.org/keywords/heat-pipe | https://openalex.org/keywords/working-fluid | https://openalex.org/keywords/water-cooling | https://openalex.org/keywords/surface-condenser | https://openalex.org/keywords/cooling-tower | https://openalex.org/keywords/thermosiphon | https://openalex.org/keywords/condensation | https://openalex.org/keywords/refrigeration | https://openalex.org/keywords/coefficient-of-performance | https://openalex.org/keywords/steam-electric-power-station | https://openalex.org/keywords/steam-turbine | https://openalex.org/keywords/thermal-resistance | https://openalex.org/keywords/process-engineering,8.42904 | 4.04755 | 0.749688 | 0.602825 | 0.483743 | 0.301465 | 0.294497 | 0.287016 | 0.273648 | 0.272771 | 0.259585 | 0.254568 | 0.249624 | 0.249428 | 0.244326,True,172,147,10,15,Condenser (optics) / Evaporator / Heat pipe,待主题范围审阅,NMF关键词主题,待主题范围审阅,173
N0378,377,Transport engineering | Truck | Engineering | Radical | Public transport | Telecommunications | Morphology (biology) | Transit (satellite) | Sustainable transport | Road transport | TRIPS architecture | Forest road | Hydroxyl radical | Heavy duty | Fuel efficiency,https://openalex.org/keywords/transport-engineering | https://openalex.org/keywords/truck | https://openalex.org/keywords/engineering | https://openalex.org/keywords/radical | https://openalex.org/keywords/public-transport | https://openalex.org/keywords/telecommunications | https://openalex.org/keywords/morphology | https://openalex.org/keywords/transit | https://openalex.org/keywords/sustainable-transport | https://openalex.org/keywords/road-transport | https://openalex.org/keywords/trips-architecture | https://openalex.org/keywords/forest-road | https://openalex.org/keywords/hydroxyl-radical | https://openalex.org/keywords/heavy-duty | https://openalex.org/keywords/fuel-efficiency,7.09631 | 2.74262 | 1.7256 | 1.04183 | 0.888925 | 0.658194 | 0.566693 | 0.56221 | 0.344234 | 0.328692 | 0.310233 | 0.303744 | 0.26014 | 0.256293 | 0.24233,True,272,233,22,17,Transport engineering / Truck / Engineering,待主题范围审阅,NMF关键词主题,待主题范围审阅,274
N0379,378,Anodizing | Ethylene glycol | Titanium | Titanium oxide | Fluoride | Nanotube | FOIL method | Glycerol | Composite material | Ammonium fluoride | Photoelectrochemistry | Cathodic protection | Anodic oxidation | Transport engineering | Acceptor,https://openalex.org/keywords/anodizing | https://openalex.org/keywords/ethylene-glycol | https://openalex.org/keywords/titanium | https://openalex.org/keywords/titanium-oxide | https://openalex.org/keywords/fluoride | https://openalex.org/keywords/nanotube | https://openalex.org/keywords/foil-method | https://openalex.org/keywords/glycerol | https://openalex.org/keywords/composite-material | https://openalex.org/keywords/ammonium-fluoride | https://openalex.org/keywords/photoelectrochemistry | https://openalex.org/keywords/cathodic-protection | https://openalex.org/keywords/anodic-oxidation | https://openalex.org/keywords/transport-engineering | https://openalex.org/keywords/acceptor,7.41408 | 1.12124 | 0.881379 | 0.40823 | 0.392613 | 0.376459 | 0.324731 | 0.275881 | 0.235509 | 0.190699 | 0.18386 | 0.165681 | 0.13458 | 0.108731 | 0.0967249,True,148,137,2,9,Anodizing / Ethylene glycol / Titanium,待主题范围审阅,NMF关键词主题,待主题范围审阅,147
N0380,379,Energy management | Energy management system | Power management | Fuel efficiency | Management system | Operations management | Home automation | Energy engineering | Hybrid power | Process management | Dynamic programming | Hybrid vehicle | Scheduling (production processes) | Plug-in | Driving cycle,https://openalex.org/keywords/energy-management | https://openalex.org/keywords/energy-management-system | https://openalex.org/keywords/power-management | https://openalex.org/keywords/fuel-efficiency | https://openalex.org/keywords/management-system | https://openalex.org/keywords/operations-management | https://openalex.org/keywords/home-automation | https://openalex.org/keywords/energy-engineering | https://openalex.org/keywords/hybrid-power | https://openalex.org/keywords/process-management | https://openalex.org/keywords/dynamic-programming | https://openalex.org/keywords/hybrid-vehicle | https://openalex.org/keywords/scheduling | https://openalex.org/keywords/plug-in | https://openalex.org/keywords/driving-cycle,9.11506 | 3.3684 | 1.09704 | 0.586391 | 0.576165 | 0.516321 | 0.43718 | 0.415073 | 0.395411 | 0.305045 | 0.298777 | 0.286202 | 0.284637 | 0.281447 | 0.266945,True,282,199,32,51,Energy management / Energy management system / Power management,待主题范围审阅,NMF关键词主题,待主题范围审阅,280
N0381,380,Sensitivity (control systems) | Electronic engineering | Parametric statistics | Climate sensitivity | Engineering | Ranking (information retrieval) | Trajectory | Detector | Climate model | Biological system | Node (physics) | AC power | Reliability engineering | Time domain | Resolution (logic),https://openalex.org/keywords/sensitivity | https://openalex.org/keywords/electronic-engineering | https://openalex.org/keywords/parametric-statistics | https://openalex.org/keywords/climate-sensitivity | https://openalex.org/keywords/engineering | https://openalex.org/keywords/ranking | https://openalex.org/keywords/trajectory | https://openalex.org/keywords/detector | https://openalex.org/keywords/climate-model | https://openalex.org/keywords/biological-system | https://openalex.org/keywords/node | https://openalex.org/keywords/ac-power | https://openalex.org/keywords/reliability-engineering | https://openalex.org/keywords/time-domain | https://openalex.org/keywords/resolution,9.11511 | 0.710558 | 0.257605 | 0.252793 | 0.172595 | 0.170114 | 0.160755 | 0.137162 | 0.13294 | 0.126504 | 0.12395 | 0.0976859 | 0.0929084 | 0.0845383 | 0.0814644,True,291,213,25,53,Sensitivity (control systems) / Electronic engineering / Parametric statistics,待主题范围审阅,NMF关键词主题,待主题范围审阅,289
N0382,381,Electron transfer | Photochemistry | Proton | Chemistry | Proton-coupled electron transfer | Photoinduced electron transfer | Electron acceptor | Electron transport chain | Ultrafast laser spectroscopy | Electron donor | Intramolecular force | Quenching (fluorescence) | Artificial photosynthesis | Physical chemistry | Reaction rate constant,https://openalex.org/keywords/electron-transfer | https://openalex.org/keywords/photochemistry | https://openalex.org/keywords/proton | https://openalex.org/keywords/chemistry | https://openalex.org/keywords/proton-coupled-electron-transfer | https://openalex.org/keywords/photoinduced-electron-transfer | https://openalex.org/keywords/electron-acceptor | https://openalex.org/keywords/electron-transport-chain | https://openalex.org/keywords/ultrafast-laser-spectroscopy | https://openalex.org/keywords/electron-donor | https://openalex.org/keywords/intramolecular-force | https://openalex.org/keywords/quenching | https://openalex.org/keywords/artificial-photosynthesis | https://openalex.org/keywords/physical-chemistry | https://openalex.org/keywords/reaction-rate-constant,9.06281 | 1.1779 | 1.04584 | 0.864799 | 0.563057 | 0.508313 | 0.35956 | 0.31213 | 0.288842 | 0.276074 | 0.241744 | 0.235095 | 0.230333 | 0.22878 | 0.20597,True,342,247,45,50,Electron transfer / Photochemistry / Proton,待主题范围审阅,NMF关键词主题,待主题范围审阅,340
N0383,382,Schottky barrier | Schottky diode | Diode | Ohmic contact | Equivalent series resistance | Metal–semiconductor junction | Thermionic emission | Breakdown voltage | Contact resistance | Deep-level transient spectroscopy | Work function | Rectification | Fermi level | Saturation current | Wide-bandgap semiconductor,https://openalex.org/keywords/schottky-barrier | https://openalex.org/keywords/schottky-diode | https://openalex.org/keywords/diode | https://openalex.org/keywords/ohmic-contact | https://openalex.org/keywords/equivalent-series-resistance | https://openalex.org/keywords/metal–semiconductor-junction | https://openalex.org/keywords/thermionic-emission | https://openalex.org/keywords/breakdown-voltage | https://openalex.org/keywords/contact-resistance | https://openalex.org/keywords/deep-level-transient-spectroscopy | https://openalex.org/keywords/work-function | https://openalex.org/keywords/rectification | https://openalex.org/keywords/fermi-level | https://openalex.org/keywords/saturation-current | https://openalex.org/keywords/wide-bandgap-semiconductor,6.2054 | 6.11213 | 2.59671 | 1.4752 | 0.78485 | 0.768198 | 0.706699 | 0.475834 | 0.415678 | 0.369864 | 0.342166 | 0.323018 | 0.280801 | 0.264187 | 0.212378,True,212,178,13,21,Schottky barrier / Schottky diode / Diode,待主题范围审阅,NMF关键词主题,待主题范围审阅,212
N0384,383,Anisotropy | Condensed matter physics | Isotropy | Bulk modulus | Optics | Magnetic anisotropy | Shear modulus | Phosphorene | Debye model | Elastic modulus | Lattice constant | Thermal expansion | Black phosphorus | Magnetization | Poisson's ratio,https://openalex.org/keywords/anisotropy | https://openalex.org/keywords/condensed-matter-physics | https://openalex.org/keywords/isotropy | https://openalex.org/keywords/bulk-modulus | https://openalex.org/keywords/optics | https://openalex.org/keywords/magnetic-anisotropy | https://openalex.org/keywords/shear-modulus | https://openalex.org/keywords/phosphorene | https://openalex.org/keywords/debye-model | https://openalex.org/keywords/elastic-modulus | https://openalex.org/keywords/lattice-constant | https://openalex.org/keywords/thermal-expansion | https://openalex.org/keywords/black-phosphorus | https://openalex.org/keywords/magnetization | https://openalex.org/keywords/poissons-ratio,8.5933 | 1.20579 | 1.05494 | 0.636225 | 0.590115 | 0.543093 | 0.51274 | 0.510145 | 0.493302 | 0.422076 | 0.347647 | 0.321857 | 0.29882 | 0.288245 | 0.286088,True,299,246,23,30,Anisotropy / Condensed matter physics / Isotropy,待主题范围审阅,NMF关键词主题,待主题范围审阅,298
N0385,384,Grain boundary | Grain size | Grain growth | Embrittlement | Grain boundary diffusion coefficient | Grain boundary strengthening | Misorientation | Dislocation | Radical | Intergranular corrosion | Crystallographic defect | Electron backscatter diffraction | Flue gas | Trapping | Atom probe,https://openalex.org/keywords/grain-boundary | https://openalex.org/keywords/grain-size | https://openalex.org/keywords/grain-growth | https://openalex.org/keywords/embrittlement | https://openalex.org/keywords/grain-boundary-diffusion-coefficient | https://openalex.org/keywords/grain-boundary-strengthening | https://openalex.org/keywords/misorientation | https://openalex.org/keywords/dislocation | https://openalex.org/keywords/radical | https://openalex.org/keywords/intergranular-corrosion | https://openalex.org/keywords/crystallographic-defect | https://openalex.org/keywords/electron-backscatter-diffraction | https://openalex.org/keywords/flue-gas | https://openalex.org/keywords/trapping | https://openalex.org/keywords/atom-probe,8.08078 | 3.25276 | 0.749817 | 0.39289 | 0.34718 | 0.297008 | 0.252351 | 0.247001 | 0.243722 | 0.230845 | 0.22039 | 0.196898 | 0.191739 | 0.185363 | 0.168066,True,292,245,15,32,Grain boundary / Grain size / Grain growth,待主题范围审阅,NMF关键词主题,待主题范围审阅,290
N0386,385,CZTS | Kesterite | Chemical engineering | Thin film solar cell | Thiourea | Buffer (optical fiber) | Chalcogen | Tetragonal crystal system | Soda-lime glass | Pulmonary surfactant | Grain growth | Mixing (physics) | Sputtering | Energy conversion efficiency | Conduction band,https://openalex.org/keywords/czts | https://openalex.org/keywords/kesterite | https://openalex.org/keywords/chemical-engineering | https://openalex.org/keywords/thin-film-solar-cell | https://openalex.org/keywords/thiourea | https://openalex.org/keywords/buffer | https://openalex.org/keywords/chalcogen | https://openalex.org/keywords/tetragonal-crystal-system | https://openalex.org/keywords/soda-lime-glass | https://openalex.org/keywords/pulmonary-surfactant | https://openalex.org/keywords/grain-growth | https://openalex.org/keywords/mixing | https://openalex.org/keywords/sputtering | https://openalex.org/keywords/energy-conversion-efficiency | https://openalex.org/keywords/conduction-band,6.34588 | 4.60151 | 0.531161 | 0.397014 | 0.213253 | 0.20483 | 0.12061 | 0.0884907 | 0.0868012 | 0.0835849 | 0.0709547 | 0.0686521 | 0.0680744 | 0.0605675 | 0.0604173,True,189,167,12,10,CZTS / Kesterite / Chemical engineering,待主题范围审阅,NMF关键词主题,待主题范围审阅,189
N0387,386,Molybdenum | Molybdenum disulfide | Metallurgy | Disulfide bond | Molybdenum trioxide | Tungsten | Molybdate | Carbide | Tungsten disulfide | Exfoliation joint | Endothermic process | Sulfidation | Selenide | Chemical engineering | Soda-lime glass,https://openalex.org/keywords/molybdenum | https://openalex.org/keywords/molybdenum-disulfide | https://openalex.org/keywords/metallurgy | https://openalex.org/keywords/disulfide-bond | https://openalex.org/keywords/molybdenum-trioxide | https://openalex.org/keywords/tungsten | https://openalex.org/keywords/molybdate | https://openalex.org/keywords/carbide | https://openalex.org/keywords/tungsten-disulfide | https://openalex.org/keywords/exfoliation-joint | https://openalex.org/keywords/endothermic-process | https://openalex.org/keywords/sulfidation | https://openalex.org/keywords/selenide | https://openalex.org/keywords/chemical-engineering | https://openalex.org/keywords/soda-lime-glass,7.12369 | 4.48711 | 0.601343 | 0.543531 | 0.395561 | 0.347902 | 0.308316 | 0.277746 | 0.142181 | 0.130171 | 0.117852 | 0.101874 | 0.10037 | 0.0963414 | 0.095492,True,250,212,17,21,Molybdenum / Molybdenum disulfide / Metallurgy,待主题范围审阅,NMF关键词主题,待主题范围审阅,248
N0388,387,Electronic structure | Valence (chemistry) | Electronic band structure | Fermi level | Density of states | Bulk modulus | Atomic orbital | Condensed matter physics | Semimetal | Photoemission spectroscopy | Lattice constant | Aerogel | Valence electron | Local-density approximation | Shear modulus,https://openalex.org/keywords/electronic-structure | https://openalex.org/keywords/valence | https://openalex.org/keywords/electronic-band-structure | https://openalex.org/keywords/fermi-level | https://openalex.org/keywords/density-of-states | https://openalex.org/keywords/bulk-modulus | https://openalex.org/keywords/atomic-orbital | https://openalex.org/keywords/condensed-matter-physics | https://openalex.org/keywords/semimetal | https://openalex.org/keywords/photoemission-spectroscopy | https://openalex.org/keywords/lattice-constant | https://openalex.org/keywords/aerogel | https://openalex.org/keywords/valence-electron | https://openalex.org/keywords/local-density-approximation | https://openalex.org/keywords/shear-modulus,8.12043 | 3.45626 | 2.99942 | 1.77387 | 0.970169 | 0.559592 | 0.460034 | 0.459198 | 0.456079 | 0.407485 | 0.404341 | 0.370316 | 0.343289 | 0.331879 | 0.307597,True,199,153,10,36,Electronic structure / Valence (chemistry) / Electronic band structure,待主题范围审阅,NMF关键词主题,待主题范围审阅,200
N0389,388,Aerogel | Chemical engineering | Thermal insulation | Specific surface area | Nanofiber | Resorcinol | Compressive strength | Nanocellulose | Wind speed | Fiber | Paraffin wax | Aramid | Polyimide | Wax | Spinning,https://openalex.org/keywords/aerogel | https://openalex.org/keywords/chemical-engineering | https://openalex.org/keywords/thermal-insulation | https://openalex.org/keywords/specific-surface-area | https://openalex.org/keywords/nanofiber | https://openalex.org/keywords/resorcinol | https://openalex.org/keywords/compressive-strength | https://openalex.org/keywords/nanocellulose | https://openalex.org/keywords/wind-speed | https://openalex.org/keywords/fiber | https://openalex.org/keywords/paraffin-wax | https://openalex.org/keywords/aramid | https://openalex.org/keywords/polyimide | https://openalex.org/keywords/wax | https://openalex.org/keywords/spinning,8.14665 | 0.414653 | 0.343022 | 0.283043 | 0.248982 | 0.199226 | 0.0994727 | 0.0974426 | 0.0879101 | 0.0795124 | 0.0744053 | 0.0721384 | 0.0662093 | 0.0644141 | 0.0604532,True,256,185,20,51,Aerogel / Chemical engineering / Thermal insulation,待主题范围审阅,NMF关键词主题,待主题范围审阅,256
N0390,389,Simulation | Robot | Computer simulation | Hardware-in-the-loop simulation | Dynamic simulation | Trajectory | Kinematics | Real-time computing | Control engineering | Mobile robot | Modeling and simulation | Loop (graph theory) | Actuator | Real-time simulation | Acceleration,https://openalex.org/keywords/simulation | https://openalex.org/keywords/robot | https://openalex.org/keywords/computer-simulation | https://openalex.org/keywords/hardware-in-the-loop-simulation | https://openalex.org/keywords/dynamic-simulation | https://openalex.org/keywords/trajectory | https://openalex.org/keywords/kinematics | https://openalex.org/keywords/real-time-computing | https://openalex.org/keywords/control-engineering | https://openalex.org/keywords/mobile-robot | https://openalex.org/keywords/modeling-and-simulation | https://openalex.org/keywords/loop | https://openalex.org/keywords/actuator | https://openalex.org/keywords/real-time-simulation | https://openalex.org/keywords/acceleration,8.69732 | 1.30197 | 0.950463 | 0.657714 | 0.641157 | 0.604806 | 0.591772 | 0.443098 | 0.417336 | 0.326785 | 0.260406 | 0.255283 | 0.244087 | 0.228699 | 0.225817,True,197,175,8,14,Simulation / Robot / Computer simulation,待主题范围审阅,NMF关键词主题,待主题范围审阅,195
N0391,390,Fermentation | Biohydrogen | Food science | Dark fermentation | Fermentative hydrogen production | Biochemistry | Acetic acid | Ethanol | Bacteria | Hydrogen production | Butyric acid | Biotechnology | Sugar | Hydrolysate | Bioreactor,https://openalex.org/keywords/fermentation | https://openalex.org/keywords/biohydrogen | https://openalex.org/keywords/food-science | https://openalex.org/keywords/dark-fermentation | https://openalex.org/keywords/fermentative-hydrogen-production | https://openalex.org/keywords/biochemistry | https://openalex.org/keywords/acetic-acid | https://openalex.org/keywords/ethanol | https://openalex.org/keywords/bacteria | https://openalex.org/keywords/hydrogen-production | https://openalex.org/keywords/butyric-acid | https://openalex.org/keywords/biotechnology | https://openalex.org/keywords/sugar | https://openalex.org/keywords/hydrolysate | https://openalex.org/keywords/bioreactor,4.70261 | 3.51602 | 3.46074 | 1.88208 | 1.38858 | 1.01225 | 0.712228 | 0.588509 | 0.57778 | 0.461963 | 0.433694 | 0.423937 | 0.377565 | 0.373559 | 0.357835,True,414,350,27,37,Fermentation / Biohydrogen / Food science,待主题范围审阅,NMF关键词主题,待主题范围审阅,413
N0392,391,Hematite | Magnetite | Iron oxide | Maghemite | Goethite | Iron oxide nanoparticles | Ferrihydrite | Superparamagnetism | Mössbauer spectroscopy | Metallurgy | Chemical engineering | Inorganic chemistry | Coercivity | Lepidocrocite | Arsenate,https://openalex.org/keywords/hematite | https://openalex.org/keywords/magnetite | https://openalex.org/keywords/iron-oxide | https://openalex.org/keywords/maghemite | https://openalex.org/keywords/goethite | https://openalex.org/keywords/iron-oxide-nanoparticles | https://openalex.org/keywords/ferrihydrite | https://openalex.org/keywords/superparamagnetism | https://openalex.org/keywords/mössbauer-spectroscopy | https://openalex.org/keywords/metallurgy | https://openalex.org/keywords/chemical-engineering | https://openalex.org/keywords/inorganic-chemistry | https://openalex.org/keywords/coercivity | https://openalex.org/keywords/lepidocrocite | https://openalex.org/keywords/arsenate,7.52095 | 2.58069 | 2.18426 | 1.26836 | 1.23814 | 0.784639 | 0.765662 | 0.590471 | 0.392006 | 0.379867 | 0.358512 | 0.333735 | 0.333066 | 0.286454 | 0.266365,True,275,256,7,12,Hematite / Magnetite / Iron oxide,待主题范围审阅,NMF关键词主题,待主题范围审阅,273
N0393,392,Yttria-stabilized zirconia | Cubic zirconia | Yttrium | Composite material | Thermal barrier coating | Zirconium | Tape casting | Sol-gel | Triple phase boundary | Partial pressure | Thermal spraying | Electrophoretic deposition | Tetragonal crystal system | Lanthanum manganite | Oxygen sensor,https://openalex.org/keywords/yttria-stabilized-zirconia | https://openalex.org/keywords/cubic-zirconia | https://openalex.org/keywords/yttrium | https://openalex.org/keywords/composite-material | https://openalex.org/keywords/thermal-barrier-coating | https://openalex.org/keywords/zirconium | https://openalex.org/keywords/tape-casting | https://openalex.org/keywords/sol-gel | https://openalex.org/keywords/triple-phase-boundary | https://openalex.org/keywords/partial-pressure | https://openalex.org/keywords/thermal-spraying | https://openalex.org/keywords/electrophoretic-deposition | https://openalex.org/keywords/tetragonal-crystal-system | https://openalex.org/keywords/lanthanum-manganite | https://openalex.org/keywords/oxygen-sensor,6.81737 | 4.96444 | 0.608547 | 0.419044 | 0.353069 | 0.339451 | 0.214415 | 0.177131 | 0.16399 | 0.141254 | 0.119465 | 0.117755 | 0.117417 | 0.113813 | 0.104437,True,234,216,6,12,Yttria-stabilized zirconia / Cubic zirconia / Yttrium,待主题范围审阅,NMF关键词主题,待主题范围审阅,236
N0394,393,Test (biology) | Morphology (biology) | Test bench | Test method | Engineering | Test data | Flight test | Explosive material | Factory (object-oriented programming) | Econometrics | Stove | Modal | Benchmarking | Structural engineering | Calibration,https://openalex.org/keywords/test | https://openalex.org/keywords/morphology | https://openalex.org/keywords/test-bench | https://openalex.org/keywords/test-method | https://openalex.org/keywords/engineering | https://openalex.org/keywords/test-data | https://openalex.org/keywords/flight-test | https://openalex.org/keywords/explosive-material | https://openalex.org/keywords/factory | https://openalex.org/keywords/econometrics | https://openalex.org/keywords/stove | https://openalex.org/keywords/modal | https://openalex.org/keywords/benchmarking | https://openalex.org/keywords/structural-engineering | https://openalex.org/keywords/calibration,7.65523 | 2.02195 | 0.468625 | 0.426223 | 0.207685 | 0.154366 | 0.126732 | 0.120348 | 0.112003 | 0.108557 | 0.106945 | 0.105948 | 0.0895309 | 0.0856789 | 0.0797608,True,194,169,12,13,Test (biology) / Morphology (biology) / Test bench,待主题范围审阅,NMF关键词主题,待主题范围审阅,196
N0395,394,Turbulence | Turbulence kinetic energy | Reynolds number | Statistical physics | Reynolds-averaged Navier–Stokes equations | Kinetic energy | K-epsilon turbulence model | Nusselt number | Large eddy simulation | Computational physics | Reynolds stress | Laminar flow | Turbulence modeling | Boundary layer | K-omega turbulence model,https://openalex.org/keywords/turbulence | https://openalex.org/keywords/turbulence-kinetic-energy | https://openalex.org/keywords/reynolds-number | https://openalex.org/keywords/statistical-physics | https://openalex.org/keywords/reynolds-averaged-navier–stokes-equations | https://openalex.org/keywords/kinetic-energy | https://openalex.org/keywords/k-epsilon-turbulence-model | https://openalex.org/keywords/nusselt-number | https://openalex.org/keywords/large-eddy-simulation | https://openalex.org/keywords/computational-physics | https://openalex.org/keywords/reynolds-stress | https://openalex.org/keywords/laminar-flow | https://openalex.org/keywords/turbulence-modeling | https://openalex.org/keywords/boundary-layer | https://openalex.org/keywords/k-omega-turbulence-model,7.95398 | 1.26314 | 1.24246 | 0.844254 | 0.65516 | 0.647867 | 0.462378 | 0.444924 | 0.443774 | 0.440845 | 0.427998 | 0.361727 | 0.329492 | 0.316339 | 0.297646,True,316,263,14,39,Turbulence / Turbulence kinetic energy / Reynolds number,待主题范围审阅,NMF关键词主题,待主题范围审阅,315
N0396,395,Incentive | Microeconomics | Tariff | Incentive program | Payment | Leverage (statistics) | Profit (economics) | Feed-in tariff | Net metering | Energy policy | Tax credit | Mechanism design | Carbon credit | Market penetration | Emissions trading,https://openalex.org/keywords/incentive | https://openalex.org/keywords/microeconomics | https://openalex.org/keywords/tariff | https://openalex.org/keywords/incentive-program | https://openalex.org/keywords/payment | https://openalex.org/keywords/leverage | https://openalex.org/keywords/profit | https://openalex.org/keywords/feed-in-tariff | https://openalex.org/keywords/net-metering | https://openalex.org/keywords/energy-policy | https://openalex.org/keywords/tax-credit | https://openalex.org/keywords/mechanism-design | https://openalex.org/keywords/carbon-credit | https://openalex.org/keywords/market-penetration | https://openalex.org/keywords/emissions-trading,9.7611 | 1.80498 | 0.429945 | 0.390617 | 0.339207 | 0.308219 | 0.291364 | 0.269286 | 0.204328 | 0.180678 | 0.162582 | 0.152964 | 0.142764 | 0.141477 | 0.140151,True,283,230,13,40,Incentive / Microeconomics / Tariff,待主题范围审阅,NMF关键词主题,待主题范围审阅,283
N0397,396,Ligand (biochemistry) | Stereochemistry | Combinatorial chemistry | Hydrogenase | Medicinal chemistry | Electron paramagnetic resonance | Ethylene glycol | Enzyme | Photochemistry | Moiety | Steric effects | Pyridine | Active site | Substituent | Biochemistry,https://openalex.org/keywords/ligand | https://openalex.org/keywords/stereochemistry | https://openalex.org/keywords/combinatorial-chemistry | https://openalex.org/keywords/hydrogenase | https://openalex.org/keywords/medicinal-chemistry | https://openalex.org/keywords/electron-paramagnetic-resonance | https://openalex.org/keywords/ethylene-glycol | https://openalex.org/keywords/enzyme | https://openalex.org/keywords/photochemistry | https://openalex.org/keywords/moiety | https://openalex.org/keywords/steric-effects | https://openalex.org/keywords/pyridine | https://openalex.org/keywords/active-site | https://openalex.org/keywords/substituent | https://openalex.org/keywords/biochemistry,6.63532 | 2.53248 | 2.05504 | 1.97074 | 1.65396 | 0.970667 | 0.780168 | 0.702907 | 0.699165 | 0.685989 | 0.668087 | 0.598047 | 0.571062 | 0.570613 | 0.493497,True,293,249,18,26,Ligand (biochemistry) / Stereochemistry / Combinatorial chemistry,待主题范围审阅,NMF关键词主题,待主题范围审阅,292
N0398,397,Divertor | Heat flux | DIII-D | Nuclear engineering | Enhanced Data Rates for GSM Evolution | Stellarator | Pedestal | Heat load | Electromagnetic shielding | Resonant magnetic perturbations | Seeding | Waveform | Tile | Wendelstein 7-X | Steady state (chemistry),https://openalex.org/keywords/divertor | https://openalex.org/keywords/heat-flux | https://openalex.org/keywords/diii-d | https://openalex.org/keywords/nuclear-engineering | https://openalex.org/keywords/enhanced-data-rates-for-gsm-evolution | https://openalex.org/keywords/stellarator | https://openalex.org/keywords/pedestal | https://openalex.org/keywords/heat-load | https://openalex.org/keywords/electromagnetic-shielding | https://openalex.org/keywords/resonant-magnetic-perturbations | https://openalex.org/keywords/seeding | https://openalex.org/keywords/waveform | https://openalex.org/keywords/tile | https://openalex.org/keywords/wendelstein-7-x | https://openalex.org/keywords/steady-state,8.44042 | 0.402799 | 0.3396 | 0.338337 | 0.278384 | 0.19156 | 0.191383 | 0.187352 | 0.184711 | 0.178836 | 0.177859 | 0.165373 | 0.164705 | 0.163125 | 0.148897,True,278,241,14,23,Divertor / Heat flux / DIII-D,待主题范围审阅,NMF关键词主题,待主题范围审阅,279
N0399,398,Computational fluid dynamics | Fluent | Reynolds-averaged Navier–Stokes equations | Fluid dynamics | Engineering | Solver | Finite volume method | Turbulence | Inflow | Vertical axis wind turbine | Parametric statistics | Optimal design | Flow (mathematics) | Concentration polarization | Fluid–structure interaction,https://openalex.org/keywords/computational-fluid-dynamics | https://openalex.org/keywords/fluent | https://openalex.org/keywords/reynolds-averaged-navier–stokes-equations | https://openalex.org/keywords/fluid-dynamics | https://openalex.org/keywords/engineering | https://openalex.org/keywords/solver | https://openalex.org/keywords/finite-volume-method | https://openalex.org/keywords/turbulence | https://openalex.org/keywords/inflow | https://openalex.org/keywords/vertical-axis-wind-turbine | https://openalex.org/keywords/parametric-statistics | https://openalex.org/keywords/optimal-design | https://openalex.org/keywords/flow | https://openalex.org/keywords/concentration-polarization | https://openalex.org/keywords/fluid–structure-interaction,9.29745 | 1.25441 | 0.526552 | 0.432832 | 0.382944 | 0.317403 | 0.204663 | 0.160842 | 0.147572 | 0.147293 | 0.143275 | 0.136869 | 0.130417 | 0.11645 | 0.108654,True,304,228,22,54,Computational fluid dynamics / Fluent / Reynolds-averaged Navier–Stokes equations,待主题范围审阅,NMF关键词主题,待主题范围审阅,303
N0400,399,Embedded system | Field-programmable gate array | Computer hardware | Microcontroller | Real-time computing | Control reconfiguration | Chip | Realization (probability) | Digital signal processing | VHDL | Ethernet | Arduino | Computer architecture | Data acquisition | Wearable computer,https://openalex.org/keywords/embedded-system | https://openalex.org/keywords/field-programmable-gate-array | https://openalex.org/keywords/computer-hardware | https://openalex.org/keywords/microcontroller | https://openalex.org/keywords/real-time-computing | https://openalex.org/keywords/control-reconfiguration | https://openalex.org/keywords/chip | https://openalex.org/keywords/realization | https://openalex.org/keywords/digital-signal-processing | https://openalex.org/keywords/vhdl | https://openalex.org/keywords/ethernet | https://openalex.org/keywords/arduino | https://openalex.org/keywords/computer-architecture | https://openalex.org/keywords/data-acquisition | https://openalex.org/keywords/wearable-computer,5.50888 | 3.68968 | 2.97587 | 1.6649 | 1.09529 | 0.879861 | 0.601405 | 0.473189 | 0.439045 | 0.407407 | 0.360987 | 0.333766 | 0.30738 | 0.300447 | 0.294124,True,321,292,20,9,Embedded system / Field-programmable gate array / Computer hardware,待主题范围审阅,NMF关键词主题,待主题范围审阅,325
N0401,400,Stack (abstract data type) | Volumetric flow rate | Direct methanol fuel cell | Electrodialysis | Coolant | Molten carbonate fuel cell | Coupling (piping) | Gas compressor | Thermoacoustics | Flow battery | Electrode | Cold start (automotive) | Pressure drop | Operating system | Auxiliary power unit,https://openalex.org/keywords/stack | https://openalex.org/keywords/volumetric-flow-rate | https://openalex.org/keywords/direct-methanol-fuel-cell | https://openalex.org/keywords/electrodialysis | https://openalex.org/keywords/coolant | https://openalex.org/keywords/molten-carbonate-fuel-cell | https://openalex.org/keywords/coupling | https://openalex.org/keywords/gas-compressor | https://openalex.org/keywords/thermoacoustics | https://openalex.org/keywords/flow-battery | https://openalex.org/keywords/electrode | https://openalex.org/keywords/cold-start | https://openalex.org/keywords/pressure-drop | https://openalex.org/keywords/operating-system | https://openalex.org/keywords/auxiliary-power-unit,9.38057 | 0.381118 | 0.287558 | 0.227619 | 0.212404 | 0.211435 | 0.208282 | 0.160259 | 0.155908 | 0.136053 | 0.135394 | 0.130753 | 0.114491 | 0.113716 | 0.113072,True,243,198,19,26,Stack (abstract data type) / Volumetric flow rate / Direct methanol fuel cell,待主题范围审阅,NMF关键词主题,待主题范围审阅,244
N0402,401,Salt (chemistry) | Ethylene glycol | Molten salt | PEG ratio | Ethylene | Chemistry | Chemical engineering | Organic chemistry | Ethylene oxide | Polyethylene glycol | Viscosity | Thermal energy storage | Ammonium | Glycerol | Polyol,https://openalex.org/keywords/salt | https://openalex.org/keywords/ethylene-glycol | https://openalex.org/keywords/molten-salt | https://openalex.org/keywords/peg-ratio | https://openalex.org/keywords/ethylene | https://openalex.org/keywords/chemistry | https://openalex.org/keywords/chemical-engineering | https://openalex.org/keywords/organic-chemistry | https://openalex.org/keywords/ethylene-oxide | https://openalex.org/keywords/polyethylene-glycol | https://openalex.org/keywords/viscosity | https://openalex.org/keywords/thermal-energy-storage | https://openalex.org/keywords/ammonium | https://openalex.org/keywords/glycerol | https://openalex.org/keywords/polyol,5.52102 | 3.68516 | 3.11395 | 0.576498 | 0.406766 | 0.295721 | 0.285675 | 0.228122 | 0.205726 | 0.177935 | 0.169115 | 0.167519 | 0.15198 | 0.137954 | 0.0893879,True,369,287,39,43,Salt (chemistry) / Ethylene glycol / Molten salt,待主题范围审阅,NMF关键词主题,待主题范围审阅,371
N0403,402,Eutectic system | Molten salt | Deep eutectic solvent | Choline chloride | Metallurgy | Melting point | Blanket | Liquid metal | Phase diagram | Lamellar structure | Liquidus | Separation (statistics) | Thermal analysis | Enthalpy of fusion | Carbonate,https://openalex.org/keywords/eutectic-system | https://openalex.org/keywords/molten-salt | https://openalex.org/keywords/deep-eutectic-solvent | https://openalex.org/keywords/choline-chloride | https://openalex.org/keywords/metallurgy | https://openalex.org/keywords/melting-point | https://openalex.org/keywords/blanket | https://openalex.org/keywords/liquid-metal | https://openalex.org/keywords/phase-diagram | https://openalex.org/keywords/lamellar-structure | https://openalex.org/keywords/liquidus | https://openalex.org/keywords/separation | https://openalex.org/keywords/thermal-analysis | https://openalex.org/keywords/enthalpy-of-fusion | https://openalex.org/keywords/carbonate,7.82955 | 1.25065 | 1.04906 | 0.656745 | 0.476508 | 0.428653 | 0.291713 | 0.220814 | 0.21335 | 0.157139 | 0.153591 | 0.137596 | 0.132972 | 0.1308 | 0.12964,True,305,215,36,54,Eutectic system / Molten salt / Deep eutectic solvent,待主题范围审阅,NMF关键词主题,待主题范围审阅,305
N0404,403,Silicon carbide | Carbide | Palladium | MOSFET | Power MOSFET | Power semiconductor device | Composite material | Wide-bandgap semiconductor | Voltage | Metallurgy | JFET | Slurry | Carbothermic reaction | Titanium carbide | Sublimation (psychology),https://openalex.org/keywords/silicon-carbide | https://openalex.org/keywords/carbide | https://openalex.org/keywords/palladium | https://openalex.org/keywords/mosfet | https://openalex.org/keywords/power-mosfet | https://openalex.org/keywords/power-semiconductor-device | https://openalex.org/keywords/composite-material | https://openalex.org/keywords/wide-bandgap-semiconductor | https://openalex.org/keywords/voltage | https://openalex.org/keywords/metallurgy | https://openalex.org/keywords/jfet | https://openalex.org/keywords/slurry | https://openalex.org/keywords/carbothermic-reaction | https://openalex.org/keywords/titanium-carbide | https://openalex.org/keywords/sublimation,8.20442 | 2.00688 | 1.00213 | 0.824642 | 0.472564 | 0.413805 | 0.368119 | 0.269406 | 0.248325 | 0.245001 | 0.242027 | 0.224187 | 0.207798 | 0.200899 | 0.128988,True,287,243,17,27,Silicon carbide / Carbide / Palladium,待主题范围审阅,NMF关键词主题,待主题范围审阅,286
N0405,404,Ruthenium | Photochemistry | Ruthenium oxide | Metathesis | Combinatorial chemistry | Inorganic chemistry | Salt metathesis reaction | Nanoclusters | Organic chemistry | Bipyridine | Terpyridine | Medicinal chemistry | Photosensitizer | Olefin metathesis | Osmium,https://openalex.org/keywords/ruthenium | https://openalex.org/keywords/photochemistry | https://openalex.org/keywords/ruthenium-oxide | https://openalex.org/keywords/metathesis | https://openalex.org/keywords/combinatorial-chemistry | https://openalex.org/keywords/inorganic-chemistry | https://openalex.org/keywords/salt-metathesis-reaction | https://openalex.org/keywords/nanoclusters | https://openalex.org/keywords/organic-chemistry | https://openalex.org/keywords/bipyridine | https://openalex.org/keywords/terpyridine | https://openalex.org/keywords/medicinal-chemistry | https://openalex.org/keywords/photosensitizer | https://openalex.org/keywords/olefin-metathesis | https://openalex.org/keywords/osmium,8.299 | 0.856344 | 0.62292 | 0.35744 | 0.290502 | 0.219766 | 0.219238 | 0.201462 | 0.20103 | 0.185586 | 0.182681 | 0.167498 | 0.156788 | 0.12624 | 0.122682,True,235,201,17,17,Ruthenium / Photochemistry / Ruthenium oxide,待主题范围审阅,NMF关键词主题,待主题范围审阅,235
N0406,405,Cavitation | Nozzle | Propeller | Jet (fluid) | Bubble | Mechanics | Marine engineering | Body orifice | Mechanical engineering | Supercavitation | Cavitation erosion | Inducer | Compressibility | Venturi effect | Injector,https://openalex.org/keywords/cavitation | https://openalex.org/keywords/nozzle | https://openalex.org/keywords/propeller | https://openalex.org/keywords/jet | https://openalex.org/keywords/bubble | https://openalex.org/keywords/mechanics | https://openalex.org/keywords/marine-engineering | https://openalex.org/keywords/body-orifice | https://openalex.org/keywords/mechanical-engineering | https://openalex.org/keywords/supercavitation | https://openalex.org/keywords/cavitation-erosion | https://openalex.org/keywords/inducer | https://openalex.org/keywords/compressibility | https://openalex.org/keywords/venturi-effect | https://openalex.org/keywords/injector,7.28903 | 1.20004 | 1.07289 | 0.93843 | 0.854238 | 0.728791 | 0.665492 | 0.524386 | 0.398289 | 0.341596 | 0.29993 | 0.290612 | 0.288322 | 0.27964 | 0.272219,True,268,214,27,27,Cavitation / Nozzle / Propeller,待主题范围审阅,NMF关键词主题,待主题范围审阅,268
N0407,406,State of charge | Kalman filter | Extended Kalman filter | Equivalent circuit | Estimator | State of health | Magnesium | Lithium-ion battery | Battery pack | Mean squared error | Particle filter | Recursive least squares filter | Thévenin's theorem | Estimation theory | Covariance,https://openalex.org/keywords/state-of-charge | https://openalex.org/keywords/kalman-filter | https://openalex.org/keywords/extended-kalman-filter | https://openalex.org/keywords/equivalent-circuit | https://openalex.org/keywords/estimator | https://openalex.org/keywords/state-of-health | https://openalex.org/keywords/magnesium | https://openalex.org/keywords/lithium-ion-battery | https://openalex.org/keywords/battery-pack | https://openalex.org/keywords/mean-squared-error | https://openalex.org/keywords/particle-filter | https://openalex.org/keywords/recursive-least-squares-filter | https://openalex.org/keywords/thévenins-theorem | https://openalex.org/keywords/estimation-theory | https://openalex.org/keywords/covariance,6.73371 | 3.75628 | 2.85294 | 1.23964 | 0.722319 | 0.713318 | 0.632171 | 0.507304 | 0.424501 | 0.32982 | 0.239232 | 0.234776 | 0.22008 | 0.201824 | 0.188098,True,277,231,12,34,State of charge / Kalman filter / Extended Kalman filter,待主题范围审阅,NMF关键词主题,待主题范围审阅,278
N0408,407,Monte Carlo method | Statistical physics | Computational physics | Kinetic Monte Carlo | Probabilistic logic | Statistics | Kinetic energy | Coupling (piping) | Ethylene glycol | Neutron | Probability density function | Probability distribution | Sampling (signal processing) | Markov chain Monte Carlo | Gaussian,https://openalex.org/keywords/monte-carlo-method | https://openalex.org/keywords/statistical-physics | https://openalex.org/keywords/computational-physics | https://openalex.org/keywords/kinetic-monte-carlo | https://openalex.org/keywords/probabilistic-logic | https://openalex.org/keywords/statistics | https://openalex.org/keywords/kinetic-energy | https://openalex.org/keywords/coupling | https://openalex.org/keywords/ethylene-glycol | https://openalex.org/keywords/neutron | https://openalex.org/keywords/probability-density-function | https://openalex.org/keywords/probability-distribution | https://openalex.org/keywords/sampling | https://openalex.org/keywords/markov-chain-monte-carlo | https://openalex.org/keywords/gaussian,7.78917 | 3.18908 | 0.944417 | 0.918765 | 0.822562 | 0.610685 | 0.528649 | 0.408284 | 0.390677 | 0.258182 | 0.229047 | 0.228359 | 0.226011 | 0.21509 | 0.207817,True,290,232,13,45,Monte Carlo method / Statistical physics / Computational physics,待主题范围审阅,NMF关键词主题,待主题范围审阅,291
N0409,408,HVAC | Air conditioning | Ventilation (architecture) | Thermal comfort | Mechanical engineering | Occupancy | Thermostat | Building energy simulation | Airflow | Calibration | Real-time computing | Energy recovery ventilation | Reliability engineering | Cooling load | Payback period,https://openalex.org/keywords/hvac | https://openalex.org/keywords/air-conditioning | https://openalex.org/keywords/ventilation | https://openalex.org/keywords/thermal-comfort | https://openalex.org/keywords/mechanical-engineering | https://openalex.org/keywords/occupancy | https://openalex.org/keywords/thermostat | https://openalex.org/keywords/building-energy-simulation | https://openalex.org/keywords/airflow | https://openalex.org/keywords/calibration | https://openalex.org/keywords/real-time-computing | https://openalex.org/keywords/energy-recovery-ventilation | https://openalex.org/keywords/reliability-engineering | https://openalex.org/keywords/cooling-load | https://openalex.org/keywords/payback-period,7.29069 | 2.26425 | 1.09836 | 0.727128 | 0.704388 | 0.447952 | 0.423695 | 0.219851 | 0.202979 | 0.196849 | 0.182977 | 0.181937 | 0.179929 | 0.179178 | 0.159861,True,167,116,13,38,HVAC / Air conditioning / Ventilation (architecture),待主题范围审阅,NMF关键词主题,待主题范围审阅,169
N0410,409,Solubility | Thermodynamics | Solid solution | Enthalpy | Organic chemistry | Hildebrand solubility parameter | Thermal diffusivity | Physical chemistry | Viscosity | Amine gas treating | Isothermal process | Alkyl | Permeation | Inorganic chemistry | Mole fraction,https://openalex.org/keywords/solubility | https://openalex.org/keywords/thermodynamics | https://openalex.org/keywords/solid-solution | https://openalex.org/keywords/enthalpy | https://openalex.org/keywords/organic-chemistry | https://openalex.org/keywords/hildebrand-solubility-parameter | https://openalex.org/keywords/thermal-diffusivity | https://openalex.org/keywords/physical-chemistry | https://openalex.org/keywords/viscosity | https://openalex.org/keywords/amine-gas-treating | https://openalex.org/keywords/isothermal-process | https://openalex.org/keywords/alkyl | https://openalex.org/keywords/permeation | https://openalex.org/keywords/inorganic-chemistry | https://openalex.org/keywords/mole-fraction,9.00753 | 0.917658 | 0.531579 | 0.464305 | 0.443283 | 0.418368 | 0.394858 | 0.33745 | 0.317833 | 0.302064 | 0.280524 | 0.260519 | 0.255894 | 0.2466 | 0.200977,True,254,220,11,23,Solubility / Thermodynamics / Solid solution,待主题范围审阅,NMF关键词主题,待主题范围审阅,255
N0411,410,Series (stratigraphy) | Time series | Autoregressive integrated moving average | Autoregressive model | Statistics | Moving average | Econometrics | Series and parallel circuits | Mean squared error | Autocorrelation | Machine learning | Autoregressive–moving-average model | Wind speed | Multivariate statistics | Mathematics,https://openalex.org/keywords/series | https://openalex.org/keywords/time-series | https://openalex.org/keywords/autoregressive-integrated-moving-average | https://openalex.org/keywords/autoregressive-model | https://openalex.org/keywords/statistics | https://openalex.org/keywords/moving-average | https://openalex.org/keywords/econometrics | https://openalex.org/keywords/series-and-parallel-circuits | https://openalex.org/keywords/mean-squared-error | https://openalex.org/keywords/autocorrelation | https://openalex.org/keywords/machine-learning | https://openalex.org/keywords/autoregressive–moving-average-model | https://openalex.org/keywords/wind-speed | https://openalex.org/keywords/multivariate-statistics | https://openalex.org/keywords/mathematics,7.69146 | 2.77416 | 1.7446 | 1.00682 | 0.955218 | 0.442061 | 0.39946 | 0.366209 | 0.346507 | 0.325067 | 0.315465 | 0.27825 | 0.237448 | 0.234633 | 0.220865,True,315,230,35,50,Series (stratigraphy) / Time series / Autoregressive integrated moving average,待主题范围审阅,NMF关键词主题,待主题范围审阅,313
N0412,411,Electric power | Electric power industry | Electric energy | Electric potential energy | Electrical engineering | Electric motor | Single-phase electric power | Electric generator | Electricity meter | Electrical network | Power grid | Electrical load | Electric power quality | Hydroelectricity | Thermal power station,https://openalex.org/keywords/electric-power | https://openalex.org/keywords/electric-power-industry | https://openalex.org/keywords/electric-energy | https://openalex.org/keywords/electric-potential-energy | https://openalex.org/keywords/electrical-engineering | https://openalex.org/keywords/electric-motor | https://openalex.org/keywords/single-phase-electric-power | https://openalex.org/keywords/electric-generator | https://openalex.org/keywords/electricity-meter | https://openalex.org/keywords/electrical-network | https://openalex.org/keywords/power-grid | https://openalex.org/keywords/electrical-load | https://openalex.org/keywords/electric-power-quality | https://openalex.org/keywords/hydroelectricity | https://openalex.org/keywords/thermal-power-station,9.10701 | 0.738056 | 0.606314 | 0.535027 | 0.485147 | 0.328414 | 0.281095 | 0.271483 | 0.217353 | 0.191207 | 0.176721 | 0.171633 | 0.150849 | 0.150187 | 0.110008,True,258,213,17,28,Electric power / Electric power industry / Electric energy,待主题范围审阅,NMF关键词主题,待主题范围审阅,256
N0413,412,Boiler (water heating) | Engineering | Mechanical engineering | Process engineering | Heat recovery steam generator | Superheated steam | Steam turbine | Steam drum | Superheater | Boiler feedwater | Steam-electric power station | Pulverized coal-fired boiler | Drum | Heating system | Boiler blowdown,https://openalex.org/keywords/boiler | https://openalex.org/keywords/engineering | https://openalex.org/keywords/mechanical-engineering | https://openalex.org/keywords/process-engineering | https://openalex.org/keywords/heat-recovery-steam-generator | https://openalex.org/keywords/superheated-steam | https://openalex.org/keywords/steam-turbine | https://openalex.org/keywords/steam-drum | https://openalex.org/keywords/superheater | https://openalex.org/keywords/boiler-feedwater | https://openalex.org/keywords/steam-electric-power-station | https://openalex.org/keywords/pulverized-coal-fired-boiler | https://openalex.org/keywords/drum | https://openalex.org/keywords/heating-system | https://openalex.org/keywords/boiler-blowdown,8.86729 | 0.791992 | 0.708012 | 0.693373 | 0.466556 | 0.458956 | 0.44321 | 0.433209 | 0.372824 | 0.340143 | 0.320547 | 0.318125 | 0.270031 | 0.255355 | 0.235303,True,294,262,15,17,Boiler (water heating) / Engineering / Mechanical engineering,待主题范围审阅,NMF关键词主题,待主题范围审阅,296
N0414,413,Power station | Thermal power station | Combined cycle | Steam turbine | Steam-electric power station | Parabolic trough | Concentrated solar power | Solar chimney | Chimney (locomotive) | Rankine cycle | Base load power plant | Power (physics) | Nuclear power plant | Solar power | Brayton cycle,https://openalex.org/keywords/power-station | https://openalex.org/keywords/thermal-power-station | https://openalex.org/keywords/combined-cycle | https://openalex.org/keywords/steam-turbine | https://openalex.org/keywords/steam-electric-power-station | https://openalex.org/keywords/parabolic-trough | https://openalex.org/keywords/concentrated-solar-power | https://openalex.org/keywords/solar-chimney | https://openalex.org/keywords/chimney | https://openalex.org/keywords/rankine-cycle | https://openalex.org/keywords/base-load-power-plant | https://openalex.org/keywords/power | https://openalex.org/keywords/nuclear-power-plant | https://openalex.org/keywords/solar-power | https://openalex.org/keywords/brayton-cycle,8.24879 | 2.81514 | 1.5625 | 0.889925 | 0.828807 | 0.731025 | 0.65528 | 0.591216 | 0.469323 | 0.388614 | 0.362499 | 0.345232 | 0.340986 | 0.331104 | 0.325523,True,276,245,13,18,Power station / Thermal power station / Combined cycle,待主题范围审阅,NMF关键词主题,待主题范围审阅,280
N0415,414,Differential scanning calorimetry | Thermogravimetry | Glass transition | Phase-change material | Enthalpy | Polyethylene glycol | Chemical engineering | Polyethylene | Calorimetry | Thermal analysis | Melting point | PEG ratio | Exothermic reaction | Heat capacity | Lauric acid,https://openalex.org/keywords/differential-scanning-calorimetry | https://openalex.org/keywords/thermogravimetry | https://openalex.org/keywords/glass-transition | https://openalex.org/keywords/phase-change-material | https://openalex.org/keywords/enthalpy | https://openalex.org/keywords/polyethylene-glycol | https://openalex.org/keywords/chemical-engineering | https://openalex.org/keywords/polyethylene | https://openalex.org/keywords/calorimetry | https://openalex.org/keywords/thermal-analysis | https://openalex.org/keywords/melting-point | https://openalex.org/keywords/peg-ratio | https://openalex.org/keywords/exothermic-reaction | https://openalex.org/keywords/heat-capacity | https://openalex.org/keywords/lauric-acid,8.86623 | 1.31103 | 0.675332 | 0.540211 | 0.516257 | 0.477895 | 0.399415 | 0.393237 | 0.380198 | 0.335599 | 0.291403 | 0.255955 | 0.243942 | 0.220308 | 0.211657,True,272,261,4,7,Differential scanning calorimetry / Thermogravimetry / Glass transition,待主题范围审阅,NMF关键词主题,待主题范围审阅,275
N0416,415,Indium | Indium tin oxide | Copper indium gallium selenide solar cells | Gallium | Sulfide | Selenide | Chalcopyrite | Tin oxide | Transparent conducting film | Transmittance | Copper sulfide | Sheet resistance | Metallurgy | Work function | Selenium,https://openalex.org/keywords/indium | https://openalex.org/keywords/indium-tin-oxide | https://openalex.org/keywords/copper-indium-gallium-selenide-solar-cells | https://openalex.org/keywords/gallium | https://openalex.org/keywords/sulfide | https://openalex.org/keywords/selenide | https://openalex.org/keywords/chalcopyrite | https://openalex.org/keywords/tin-oxide | https://openalex.org/keywords/transparent-conducting-film | https://openalex.org/keywords/transmittance | https://openalex.org/keywords/copper-sulfide | https://openalex.org/keywords/sheet-resistance | https://openalex.org/keywords/metallurgy | https://openalex.org/keywords/work-function | https://openalex.org/keywords/selenium,6.69468 | 3.89058 | 2.55598 | 0.920566 | 0.668538 | 0.658068 | 0.582937 | 0.332136 | 0.30194 | 0.255797 | 0.239265 | 0.223537 | 0.221603 | 0.181324 | 0.177393,True,283,252,11,20,Indium / Indium tin oxide / Copper indium gallium selenide solar cells,待主题范围审阅,NMF关键词主题,待主题范围审阅,284
N0417,416,Covalent bond | Covalent organic framework | Triazine | Imine | Hydrogen bond | Chemistry | Photochemistry | Organic chemistry | Polymer chemistry | Chemical bond | Combinatorial chemistry | Molybdenum disulfide | Supramolecular chemistry | Porphyrin | Monomer,https://openalex.org/keywords/covalent-bond | https://openalex.org/keywords/covalent-organic-framework | https://openalex.org/keywords/triazine | https://openalex.org/keywords/imine | https://openalex.org/keywords/hydrogen-bond | https://openalex.org/keywords/chemistry | https://openalex.org/keywords/photochemistry | https://openalex.org/keywords/organic-chemistry | https://openalex.org/keywords/polymer-chemistry | https://openalex.org/keywords/chemical-bond | https://openalex.org/keywords/combinatorial-chemistry | https://openalex.org/keywords/molybdenum-disulfide | https://openalex.org/keywords/supramolecular-chemistry | https://openalex.org/keywords/porphyrin | https://openalex.org/keywords/monomer,7.48653 | 2.16412 | 0.676245 | 0.597941 | 0.409855 | 0.393762 | 0.369657 | 0.328153 | 0.301824 | 0.286195 | 0.258845 | 0.258807 | 0.132214 | 0.129797 | 0.128108,True,379,219,67,93,Covalent bond / Covalent organic framework / Triazine,待主题范围审阅,NMF关键词主题,待主题范围审阅,380
N0418,417,Volume (thermodynamics) | Cover (algebra) | Thermodynamics | Volume fraction | Action (physics) | Content (measure theory) | Volumetric flow rate | Front cover | Surface-area-to-volume ratio | Specific surface area | Geophysics | Front (military) | Atmospheric temperature range | Chemistry | Volume of fluid method,https://openalex.org/keywords/volume | https://openalex.org/keywords/cover | https://openalex.org/keywords/thermodynamics | https://openalex.org/keywords/volume-fraction | https://openalex.org/keywords/action | https://openalex.org/keywords/content | https://openalex.org/keywords/volumetric-flow-rate | https://openalex.org/keywords/front-cover | https://openalex.org/keywords/surface-area-to-volume-ratio | https://openalex.org/keywords/specific-surface-area | https://openalex.org/keywords/geophysics | https://openalex.org/keywords/front | https://openalex.org/keywords/atmospheric-temperature-range | https://openalex.org/keywords/chemistry | https://openalex.org/keywords/volume-of-fluid-method,8.56512 | 1.33 | 1.19793 | 0.612968 | 0.565281 | 0.509138 | 0.340073 | 0.3114 | 0.204234 | 0.195639 | 0.190506 | 0.183951 | 0.164496 | 0.16216 | 0.150137,True,249,203,23,23,Volume (thermodynamics) / Cover (algebra) / Thermodynamics,待主题范围审阅,NMF关键词主题,待主题范围审阅,249
N0419,418,Microwave | Microwave irradiation | Reflection loss | Microwave heating | Telecommunications | Antenna (radio) | Permittivity | Waveguide | Amplifier | Microstrip | Wideband | Electron cyclotron resonance | Monolithic microwave integrated circuit | Radio frequency | Coplanar waveguide,https://openalex.org/keywords/microwave | https://openalex.org/keywords/microwave-irradiation | https://openalex.org/keywords/reflection-loss | https://openalex.org/keywords/microwave-heating | https://openalex.org/keywords/telecommunications | https://openalex.org/keywords/antenna | https://openalex.org/keywords/permittivity | https://openalex.org/keywords/waveguide | https://openalex.org/keywords/amplifier | https://openalex.org/keywords/microstrip | https://openalex.org/keywords/wideband | https://openalex.org/keywords/electron-cyclotron-resonance | https://openalex.org/keywords/monolithic-microwave-integrated-circuit | https://openalex.org/keywords/radio-frequency | https://openalex.org/keywords/coplanar-waveguide,8.51995 | 0.565282 | 0.518515 | 0.498765 | 0.489796 | 0.276151 | 0.241827 | 0.23701 | 0.230865 | 0.208097 | 0.165363 | 0.137552 | 0.13737 | 0.124472 | 0.109529,True,296,244,22,30,Microwave / Microwave irradiation / Reflection loss,待主题范围审阅,NMF关键词主题,待主题范围审阅,297
N0420,419,Sequence (biology) | Symmetrical components | Ancient history | Water supply | History | Operations management | Zero (linguistics) | Mathematics | Energy sector | Three-phase | Admittance | Natural (archaeology) | Economy | Strain (injury) | Transformational leadership,https://openalex.org/keywords/sequence | https://openalex.org/keywords/symmetrical-components | https://openalex.org/keywords/ancient-history | https://openalex.org/keywords/water-supply | https://openalex.org/keywords/history | https://openalex.org/keywords/operations-management | https://openalex.org/keywords/zero | https://openalex.org/keywords/mathematics | https://openalex.org/keywords/energy-sector | https://openalex.org/keywords/three-phase | https://openalex.org/keywords/admittance | https://openalex.org/keywords/natural | https://openalex.org/keywords/economy | https://openalex.org/keywords/strain | https://openalex.org/keywords/transformational-leadership,8.13961 | 0.183159 | 0.1562 | 0.155793 | 0.143061 | 0.142883 | 0.137045 | 0.110844 | 0.101274 | 0.0953032 | 0.091208 | 0.0776815 | 0.0749683 | 0.0724051 | 0.0713619,True,157,132,10,15,Sequence (biology) / Symmetrical components / Ancient history,待主题范围审阅,NMF关键词主题,待主题范围审阅,155
N0421,420,Line (geometry) | Mathematics | Geometry | Power-line communication | Point (geometry) | Voltage | Tension (geology) | Power grid | Partial discharge | Mooring | Engineering drawing | Tie line | Production line | Section (typography) | Position (finance),https://openalex.org/keywords/line | https://openalex.org/keywords/mathematics | https://openalex.org/keywords/geometry | https://openalex.org/keywords/power-line-communication | https://openalex.org/keywords/point | https://openalex.org/keywords/voltage | https://openalex.org/keywords/tension | https://openalex.org/keywords/power-grid | https://openalex.org/keywords/partial-discharge | https://openalex.org/keywords/mooring | https://openalex.org/keywords/engineering-drawing | https://openalex.org/keywords/tie-line | https://openalex.org/keywords/production-line | https://openalex.org/keywords/section | https://openalex.org/keywords/position,9.3438 | 1.31993 | 0.607523 | 0.47398 | 0.384459 | 0.267578 | 0.195931 | 0.177052 | 0.161156 | 0.151277 | 0.137639 | 0.125148 | 0.115943 | 0.112434 | 0.110654,True,211,182,17,12,Line (geometry) / Mathematics / Geometry,待主题范围审阅,NMF关键词主题,待主题范围审阅,210
N0422,421,Plasmon | Surface plasmon resonance | Plasmonic nanoparticles | Plasmonic solar cell | Surface plasmon | Photothermal therapy | Colloidal gold | Coupling (piping) | Polymer solar cell | Photonics | Photothermal effect | Raman scattering | Grating | Nanophotonics | Nanoshell,https://openalex.org/keywords/plasmon | https://openalex.org/keywords/surface-plasmon-resonance | https://openalex.org/keywords/plasmonic-nanoparticles | https://openalex.org/keywords/plasmonic-solar-cell | https://openalex.org/keywords/surface-plasmon | https://openalex.org/keywords/photothermal-therapy | https://openalex.org/keywords/colloidal-gold | https://openalex.org/keywords/coupling | https://openalex.org/keywords/polymer-solar-cell | https://openalex.org/keywords/photonics | https://openalex.org/keywords/photothermal-effect | https://openalex.org/keywords/raman-scattering | https://openalex.org/keywords/grating | https://openalex.org/keywords/nanophotonics | https://openalex.org/keywords/nanoshell,7.34611 | 3.85852 | 0.910766 | 0.844353 | 0.834096 | 0.599906 | 0.503557 | 0.291807 | 0.26461 | 0.241813 | 0.201541 | 0.195226 | 0.185971 | 0.142089 | 0.125253,True,266,224,19,23,Plasmon / Surface plasmon resonance / Plasmonic nanoparticles,待主题范围审阅,NMF关键词主题,待主题范围审阅,263
N0423,422,Aluminium | Metallurgy | Magnesium | Tribology | Friction stir processing | Casting | Scrap | Aluminum oxide | FOIL method | Boron carbide | Aluminium alloy | Bauxite | Inorganic chemistry | Powder metallurgy | Aluminium oxide,https://openalex.org/keywords/aluminium | https://openalex.org/keywords/metallurgy | https://openalex.org/keywords/magnesium | https://openalex.org/keywords/tribology | https://openalex.org/keywords/friction-stir-processing | https://openalex.org/keywords/casting | https://openalex.org/keywords/scrap | https://openalex.org/keywords/aluminum-oxide | https://openalex.org/keywords/foil-method | https://openalex.org/keywords/boron-carbide | https://openalex.org/keywords/aluminium-alloy | https://openalex.org/keywords/bauxite | https://openalex.org/keywords/inorganic-chemistry | https://openalex.org/keywords/powder-metallurgy | https://openalex.org/keywords/aluminium-oxide,8.7798 | 1.10996 | 0.432173 | 0.389434 | 0.369068 | 0.325434 | 0.289567 | 0.254405 | 0.203749 | 0.194592 | 0.183862 | 0.181653 | 0.172522 | 0.169258 | 0.167599,True,266,209,25,32,Aluminium / Metallurgy / Magnesium,待主题范围审阅,NMF关键词主题,待主题范围审阅,266
N0424,423,Interface (matter) | Graphical user interface | User interface | Janus | Nanotechnology | Energetics | Recombination | CAN bus | Computer graphics (images) | Automation | Human–computer interaction | Realization (probability) | Mobile device | Operating system | Frame (networking),https://openalex.org/keywords/interface | https://openalex.org/keywords/graphical-user-interface | https://openalex.org/keywords/user-interface | https://openalex.org/keywords/janus | https://openalex.org/keywords/nanotechnology | https://openalex.org/keywords/energetics | https://openalex.org/keywords/recombination | https://openalex.org/keywords/can-bus | https://openalex.org/keywords/computer-graphics | https://openalex.org/keywords/automation | https://openalex.org/keywords/human–computer-interaction | https://openalex.org/keywords/realization | https://openalex.org/keywords/mobile-device | https://openalex.org/keywords/operating-system | https://openalex.org/keywords/frame,8.99053 | 0.327959 | 0.305799 | 0.154588 | 0.141041 | 0.138336 | 0.111099 | 0.0939896 | 0.0850617 | 0.0828443 | 0.0774553 | 0.0771105 | 0.0768447 | 0.0743484 | 0.0734744,True,331,186,55,90,Interface (matter) / Graphical user interface / User interface,待主题范围审阅,NMF关键词主题,待主题范围审阅,330
N0425,424,Systems engineering | Engineering | Automation | Manufacturing engineering | Engineering management | Software engineering | Task (project management) | Estimation | Scope (computer science) | Industrial engineering | Construction engineering | Process automation system | Control system | Reliability engineering | Propulsion,https://openalex.org/keywords/systems-engineering | https://openalex.org/keywords/engineering | https://openalex.org/keywords/automation | https://openalex.org/keywords/manufacturing-engineering | https://openalex.org/keywords/engineering-management | https://openalex.org/keywords/software-engineering | https://openalex.org/keywords/task | https://openalex.org/keywords/estimation | https://openalex.org/keywords/scope | https://openalex.org/keywords/industrial-engineering | https://openalex.org/keywords/construction-engineering | https://openalex.org/keywords/process-automation-system | https://openalex.org/keywords/control-system | https://openalex.org/keywords/reliability-engineering | https://openalex.org/keywords/propulsion,7.7574 | 1.68206 | 1.54669 | 0.968335 | 0.881049 | 0.567446 | 0.456345 | 0.339518 | 0.336043 | 0.323396 | 0.319009 | 0.250833 | 0.239349 | 0.23358 | 0.229378,True,288,242,21,25,Systems engineering / Engineering / Automation,待主题范围审阅,NMF关键词主题,待主题范围审阅,289
N0426,425,Astrobiology | Earth (classical element) | Planet | Astronomy | Atmosphere (unit) | Mars Exploration Program | Atmospheric sciences | Rare earth | Astrophysics | Earth science | Solar wind | Environmental ethics | Aerospace engineering | Anthropocene | Solar flare,https://openalex.org/keywords/astrobiology | https://openalex.org/keywords/earth | https://openalex.org/keywords/planet | https://openalex.org/keywords/astronomy | https://openalex.org/keywords/atmosphere | https://openalex.org/keywords/mars-exploration-program | https://openalex.org/keywords/atmospheric-sciences | https://openalex.org/keywords/rare-earth | https://openalex.org/keywords/astrophysics | https://openalex.org/keywords/earth-science | https://openalex.org/keywords/solar-wind | https://openalex.org/keywords/environmental-ethics | https://openalex.org/keywords/aerospace-engineering | https://openalex.org/keywords/anthropocene | https://openalex.org/keywords/solar-flare,7.50912 | 1.58379 | 1.29079 | 1.27248 | 1.0379 | 0.772707 | 0.536929 | 0.489856 | 0.424593 | 0.393226 | 0.383404 | 0.290361 | 0.228613 | 0.224791 | 0.181583,True,203,170,19,14,Astrobiology / Earth (classical element) / Planet,待主题范围审阅,NMF关键词主题,待主题范围审阅,202
N0427,426,Pentacene | Thin-film transistor | Organic semiconductor | Electron mobility | Gate dielectric | Optoelectronics | Active layer | Diimide | Tetracene | Singlet fission | Electrode | Perylene | Rubrene | Photodiode | Ultraviolet photoelectron spectroscopy,https://openalex.org/keywords/pentacene | https://openalex.org/keywords/thin-film-transistor | https://openalex.org/keywords/organic-semiconductor | https://openalex.org/keywords/electron-mobility | https://openalex.org/keywords/gate-dielectric | https://openalex.org/keywords/optoelectronics | https://openalex.org/keywords/active-layer | https://openalex.org/keywords/diimide | https://openalex.org/keywords/tetracene | https://openalex.org/keywords/singlet-fission | https://openalex.org/keywords/electrode | https://openalex.org/keywords/perylene | https://openalex.org/keywords/rubrene | https://openalex.org/keywords/photodiode | https://openalex.org/keywords/ultraviolet-photoelectron-spectroscopy,6.02704 | 4.80077 | 2.87276 | 0.663673 | 0.423234 | 0.301917 | 0.244318 | 0.215798 | 0.210016 | 0.201036 | 0.200747 | 0.193739 | 0.15665 | 0.151638 | 0.134055,True,222,211,3,8,Pentacene / Thin-film transistor / Organic semiconductor,待主题范围审阅,NMF关键词主题,待主题范围审阅,223
N0428,427,Charge carrier | Electron mobility | Recombination | Carrier lifetime | Optoelectronics | Photoconductivity | Photoelectric effect | Polaron | Trapping | Ultrafast laser spectroscopy | Femtosecond | Surface photovoltage | Band bending | Condensed matter physics | Space charge,https://openalex.org/keywords/charge-carrier | https://openalex.org/keywords/electron-mobility | https://openalex.org/keywords/recombination | https://openalex.org/keywords/carrier-lifetime | https://openalex.org/keywords/optoelectronics | https://openalex.org/keywords/photoconductivity | https://openalex.org/keywords/photoelectric-effect | https://openalex.org/keywords/polaron | https://openalex.org/keywords/trapping | https://openalex.org/keywords/ultrafast-laser-spectroscopy | https://openalex.org/keywords/femtosecond | https://openalex.org/keywords/surface-photovoltage | https://openalex.org/keywords/band-bending | https://openalex.org/keywords/condensed-matter-physics | https://openalex.org/keywords/space-charge,10.2991 | 1.43492 | 1.09708 | 0.64804 | 0.594087 | 0.365029 | 0.312008 | 0.27813 | 0.166299 | 0.153332 | 0.15079 | 0.148018 | 0.143848 | 0.13642 | 0.122994,True,153,124,9,20,Charge carrier / Electron mobility / Recombination,待主题范围审阅,NMF关键词主题,待主题范围审阅,148
N0429,428,Insulator (electricity) | Arc flash | Silicone rubber | High voltage | Partial discharge | Pollution | Leakage (economics) | Contamination | Composite material | Arc (geometry) | Icing | Natural rubber | Electrical engineering | Voltage | Switchgear,https://openalex.org/keywords/insulator | https://openalex.org/keywords/arc-flash | https://openalex.org/keywords/silicone-rubber | https://openalex.org/keywords/high-voltage | https://openalex.org/keywords/partial-discharge | https://openalex.org/keywords/pollution | https://openalex.org/keywords/leakage | https://openalex.org/keywords/contamination | https://openalex.org/keywords/composite-material | https://openalex.org/keywords/arc | https://openalex.org/keywords/icing | https://openalex.org/keywords/natural-rubber | https://openalex.org/keywords/electrical-engineering | https://openalex.org/keywords/voltage | https://openalex.org/keywords/switchgear,6.5775 | 3.4641 | 1.18765 | 1.13989 | 0.919956 | 0.891898 | 0.858393 | 0.798689 | 0.683973 | 0.660597 | 0.658427 | 0.649106 | 0.589376 | 0.450318 | 0.411701,True,186,160,14,12,Insulator (electricity) / Arc flash / Silicone rubber,待主题范围审阅,NMF关键词主题,待主题范围审阅,188
N0430,429,Atom (system on chip) | Atomic physics | Cluster (spacecraft) | Hydrogen atom | Combinatorial chemistry | Atom probe | Magnetic moment | Nanotechnology | Electronegativity | Molecular physics | Nanoclusters | Atomic orbital | Chemical physics | Binding energy | Oxygen reduction reaction,https://openalex.org/keywords/atom | https://openalex.org/keywords/atomic-physics | https://openalex.org/keywords/cluster | https://openalex.org/keywords/hydrogen-atom | https://openalex.org/keywords/combinatorial-chemistry | https://openalex.org/keywords/atom-probe | https://openalex.org/keywords/magnetic-moment | https://openalex.org/keywords/nanotechnology | https://openalex.org/keywords/electronegativity | https://openalex.org/keywords/molecular-physics | https://openalex.org/keywords/nanoclusters | https://openalex.org/keywords/atomic-orbital | https://openalex.org/keywords/chemical-physics | https://openalex.org/keywords/binding-energy | https://openalex.org/keywords/oxygen-reduction-reaction,8.69153 | 0.869477 | 0.787028 | 0.713773 | 0.482165 | 0.404243 | 0.355494 | 0.291828 | 0.261195 | 0.242155 | 0.225558 | 0.210253 | 0.205887 | 0.20148 | 0.183785,True,260,196,28,36,Atom (system on chip) / Atomic physics / Cluster (spacecraft),待主题范围审阅,NMF关键词主题,待主题范围审阅,259
N0431,430,Excited state | Atomic physics | Excitation | Singlet state | Fluorescence | Intersystem crossing | Quenching (fluorescence) | Ground state | Relaxation (psychology) | Photoexcitation | Molecular physics | Ultrafast laser spectroscopy | Triplet state | Spectral line | Picosecond,https://openalex.org/keywords/excited-state | https://openalex.org/keywords/atomic-physics | https://openalex.org/keywords/excitation | https://openalex.org/keywords/singlet-state | https://openalex.org/keywords/fluorescence | https://openalex.org/keywords/intersystem-crossing | https://openalex.org/keywords/quenching | https://openalex.org/keywords/ground-state | https://openalex.org/keywords/relaxation | https://openalex.org/keywords/photoexcitation | https://openalex.org/keywords/molecular-physics | https://openalex.org/keywords/ultrafast-laser-spectroscopy | https://openalex.org/keywords/triplet-state | https://openalex.org/keywords/spectral-line | https://openalex.org/keywords/picosecond,7.39154 | 2.64924 | 1.56703 | 1.22211 | 0.931303 | 0.873478 | 0.769445 | 0.767556 | 0.733775 | 0.70541 | 0.645759 | 0.540443 | 0.474554 | 0.453993 | 0.333784,True,283,247,17,19,Excited state / Atomic physics / Excitation,待主题范围审阅,NMF关键词主题,待主题范围审阅,280
N0432,431,Resource (disambiguation) | Natural resource | Natural resource economics | Environmental economics | Renewable resource | Scarcity | Resource efficiency | Mineral resource classification | Solar Resource | Resource curse | Nexus (standard) | Circular economy | Resource recovery | Marine energy | Tidal power,https://openalex.org/keywords/resource | https://openalex.org/keywords/natural-resource | https://openalex.org/keywords/natural-resource-economics | https://openalex.org/keywords/environmental-economics | https://openalex.org/keywords/renewable-resource | https://openalex.org/keywords/scarcity | https://openalex.org/keywords/resource-efficiency | https://openalex.org/keywords/mineral-resource-classification | https://openalex.org/keywords/solar-resource | https://openalex.org/keywords/resource-curse | https://openalex.org/keywords/nexus | https://openalex.org/keywords/circular-economy | https://openalex.org/keywords/resource-recovery | https://openalex.org/keywords/marine-energy | https://openalex.org/keywords/tidal-power,7.68876 | 1.12244 | 0.774001 | 0.470269 | 0.411523 | 0.356358 | 0.355492 | 0.345621 | 0.303209 | 0.2361 | 0.204461 | 0.195386 | 0.182978 | 0.18254 | 0.167177,True,424,327,28,69,Resource (disambiguation) / Natural resource / Natural resource economics,待主题范围审阅,NMF关键词主题,待主题范围审阅,423
N0433,432,Order (exchange) | Finance | Applied mathematics | Kinetic energy | Backup | Value (mathematics) | Petroleum industry | Mathematical analysis | Bidding | Model order reduction | Operations research | Agency (philosophy) | Marketing | Microeconomics | Type (biology),https://openalex.org/keywords/order | https://openalex.org/keywords/finance | https://openalex.org/keywords/applied-mathematics | https://openalex.org/keywords/kinetic-energy | https://openalex.org/keywords/backup | https://openalex.org/keywords/value | https://openalex.org/keywords/petroleum-industry | https://openalex.org/keywords/mathematical-analysis | https://openalex.org/keywords/bidding | https://openalex.org/keywords/model-order-reduction | https://openalex.org/keywords/operations-research | https://openalex.org/keywords/agency | https://openalex.org/keywords/marketing | https://openalex.org/keywords/microeconomics | https://openalex.org/keywords/type,8.71921 | 0.848997 | 0.381987 | 0.376812 | 0.311475 | 0.185851 | 0.164592 | 0.150867 | 0.148972 | 0.143957 | 0.132152 | 0.115808 | 0.113027 | 0.107012 | 0.105381,True,263,214,18,31,Order (exchange) / Finance / Applied mathematics,待主题范围审阅,NMF关键词主题,待主题范围审阅,261
N0434,433,Ground | Magnesium | Lightning (connector) | Overvoltage | Lightning strike | Earthing system | Electrical engineering | Lightning arrester | Tower | Overhead (engineering) | Emtp | Magnesium alloy | Surge arrester | Impulse (physics) | Surge,https://openalex.org/keywords/ground | https://openalex.org/keywords/magnesium | https://openalex.org/keywords/lightning | https://openalex.org/keywords/overvoltage | https://openalex.org/keywords/lightning-strike | https://openalex.org/keywords/earthing-system | https://openalex.org/keywords/electrical-engineering | https://openalex.org/keywords/lightning-arrester | https://openalex.org/keywords/tower | https://openalex.org/keywords/overhead | https://openalex.org/keywords/emtp | https://openalex.org/keywords/magnesium-alloy | https://openalex.org/keywords/surge-arrester | https://openalex.org/keywords/impulse | https://openalex.org/keywords/surge,5.26315 | 3.96232 | 2.84324 | 1.63904 | 1.09991 | 1.0528 | 0.911311 | 0.867868 | 0.841594 | 0.674942 | 0.587685 | 0.558048 | 0.53103 | 0.502522 | 0.413668,True,317,266,25,26,Ground / Magnesium / Lightning (connector),待主题范围审阅,NMF关键词主题,待主题范围审阅,317
N0435,434,Ripple | Torque ripple | Electrolytic capacitor | Electronic engineering | Duty cycle | Filter capacitor | Interleaving | Voltage | Amplitude | Voltage divider | Filter (signal processing) | Fusion | Reservoir capacitor | Saturation (graph theory) | Overshoot (microwave communication),https://openalex.org/keywords/ripple | https://openalex.org/keywords/torque-ripple | https://openalex.org/keywords/electrolytic-capacitor | https://openalex.org/keywords/electronic-engineering | https://openalex.org/keywords/duty-cycle | https://openalex.org/keywords/filter-capacitor | https://openalex.org/keywords/interleaving | https://openalex.org/keywords/voltage | https://openalex.org/keywords/amplitude | https://openalex.org/keywords/voltage-divider | https://openalex.org/keywords/filter | https://openalex.org/keywords/fusion | https://openalex.org/keywords/reservoir-capacitor | https://openalex.org/keywords/saturation | https://openalex.org/keywords/overshoot,9.02874 | 0.988415 | 0.446242 | 0.388098 | 0.333962 | 0.312044 | 0.235311 | 0.179528 | 0.158598 | 0.137751 | 0.126444 | 0.120163 | 0.0987255 | 0.0926922 | 0.0914807,True,198,172,11,15,Ripple / Torque ripple / Electrolytic capacitor,待主题范围审阅,NMF关键词主题,待主题范围审阅,197
N0436,435,Air conditioning | Desiccant | Evaporative cooler | Water cooling | Chiller | Conditioning | Mechanical engineering | Cooling load | Simple (philosophy) | Liquid desiccant | Solar air conditioning | Cooling capacity | Cooling tower | Humidity | Chilled water,https://openalex.org/keywords/air-conditioning | https://openalex.org/keywords/desiccant | https://openalex.org/keywords/evaporative-cooler | https://openalex.org/keywords/water-cooling | https://openalex.org/keywords/chiller | https://openalex.org/keywords/conditioning | https://openalex.org/keywords/mechanical-engineering | https://openalex.org/keywords/cooling-load | https://openalex.org/keywords/simple | https://openalex.org/keywords/liquid-desiccant | https://openalex.org/keywords/solar-air-conditioning | https://openalex.org/keywords/cooling-capacity | https://openalex.org/keywords/cooling-tower | https://openalex.org/keywords/humidity | https://openalex.org/keywords/chilled-water,5.65738 | 2.08545 | 2.02941 | 1.62481 | 1.35446 | 0.844035 | 0.800752 | 0.752212 | 0.615284 | 0.608524 | 0.598141 | 0.559777 | 0.432223 | 0.427238 | 0.424988,True,333,276,25,32,Air conditioning / Desiccant / Evaporative cooler,待主题范围审阅,NMF关键词主题,待主题范围审阅,329
N0437,436,Rectifier (neural networks) | Three-phase | Precision rectifier | PWM rectifier | Power factor | Peak inverse voltage | Thyristor | Rectification | Battery charger | Electrical engineering | Autotransformer | Rectenna | Single phase | Alternator | Commutation,https://openalex.org/keywords/rectifier | https://openalex.org/keywords/three-phase | https://openalex.org/keywords/precision-rectifier | https://openalex.org/keywords/pwm-rectifier | https://openalex.org/keywords/power-factor | https://openalex.org/keywords/peak-inverse-voltage | https://openalex.org/keywords/thyristor | https://openalex.org/keywords/rectification | https://openalex.org/keywords/battery-charger | https://openalex.org/keywords/electrical-engineering | https://openalex.org/keywords/autotransformer | https://openalex.org/keywords/rectenna | https://openalex.org/keywords/single-phase | https://openalex.org/keywords/alternator | https://openalex.org/keywords/commutation,7.37546 | 1.58367 | 1.40943 | 0.986425 | 0.955532 | 0.641863 | 0.218941 | 0.174288 | 0.171024 | 0.165832 | 0.165724 | 0.149929 | 0.134058 | 0.125793 | 0.108778,True,238,213,12,13,Rectifier (neural networks) / Three-phase / Precision rectifier,待主题范围审阅,NMF关键词主题,待主题范围审阅,239
N0438,437,Operations research | Probabilistic logic | Analytic hierarchy process | Selection (genetic algorithm) | Multiple-criteria decision analysis | Engineering | Industrial engineering | Profit (economics) | Operations management | Probabilistic forecasting | TOPSIS | Penetration (warfare) | Demand forecasting | Management science | Ranking (information retrieval),https://openalex.org/keywords/operations-research | https://openalex.org/keywords/probabilistic-logic | https://openalex.org/keywords/analytic-hierarchy-process | https://openalex.org/keywords/selection | https://openalex.org/keywords/multiple-criteria-decision-analysis | https://openalex.org/keywords/engineering | https://openalex.org/keywords/industrial-engineering | https://openalex.org/keywords/profit | https://openalex.org/keywords/operations-management | https://openalex.org/keywords/probabilistic-forecasting | https://openalex.org/keywords/topsis | https://openalex.org/keywords/penetration | https://openalex.org/keywords/demand-forecasting | https://openalex.org/keywords/management-science | https://openalex.org/keywords/ranking,7.71771 | 3.10615 | 1.12899 | 0.832715 | 0.744752 | 0.671396 | 0.628154 | 0.552501 | 0.540093 | 0.464077 | 0.406864 | 0.393297 | 0.382937 | 0.289152 | 0.277608,True,262,195,33,34,Operations research / Probabilistic logic / Analytic hierarchy process,待主题范围审阅,NMF关键词主题,待主题范围审阅,258
N0439,438,Wetting | Contact angle | Composite material | Superhydrophilicity | Membrane distillation | Surface roughness | Capillary action | Drop (telecommunication) | Surface energy | Surface finish | Polyvinylidene fluoride | Surface tension | Brine | Pulmonary surfactant | Durability,https://openalex.org/keywords/wetting | https://openalex.org/keywords/contact-angle | https://openalex.org/keywords/composite-material | https://openalex.org/keywords/superhydrophilicity | https://openalex.org/keywords/membrane-distillation | https://openalex.org/keywords/surface-roughness | https://openalex.org/keywords/capillary-action | https://openalex.org/keywords/drop | https://openalex.org/keywords/surface-energy | https://openalex.org/keywords/surface-finish | https://openalex.org/keywords/polyvinylidene-fluoride | https://openalex.org/keywords/surface-tension | https://openalex.org/keywords/brine | https://openalex.org/keywords/pulmonary-surfactant | https://openalex.org/keywords/durability,6.35458 | 4.64815 | 1.08282 | 0.921919 | 0.835138 | 0.694379 | 0.476643 | 0.358267 | 0.350577 | 0.33398 | 0.323085 | 0.31509 | 0.299509 | 0.271469 | 0.244943,True,296,246,14,36,Wetting / Contact angle / Composite material,待主题范围审阅,NMF关键词主题,待主题范围审阅,294
N0440,439,Scheme (mathematics) | Emissions trading | Mathematics | Telecommunications | Selection (genetic algorithm) | Real-time computing | Transfer (computing) | Load Shedding | Orthogonal frequency-division multiplexing | Event (particle physics) | Synchronization (alternating current) | Aviation | Plan (archaeology) | Cognitive radio | Terminal (telecommunication),https://openalex.org/keywords/scheme | https://openalex.org/keywords/emissions-trading | https://openalex.org/keywords/mathematics | https://openalex.org/keywords/telecommunications | https://openalex.org/keywords/selection | https://openalex.org/keywords/real-time-computing | https://openalex.org/keywords/transfer | https://openalex.org/keywords/load-shedding | https://openalex.org/keywords/orthogonal-frequency-division-multiplexing | https://openalex.org/keywords/event | https://openalex.org/keywords/synchronization | https://openalex.org/keywords/aviation | https://openalex.org/keywords/plan | https://openalex.org/keywords/cognitive-radio | https://openalex.org/keywords/terminal,8.34274 | 0.468867 | 0.405536 | 0.254744 | 0.22533 | 0.190478 | 0.174398 | 0.169612 | 0.166002 | 0.115972 | 0.0977634 | 0.0972399 | 0.0940911 | 0.0923914 | 0.0922846,True,295,204,41,50,Scheme (mathematics) / Emissions trading / Mathematics,待主题范围审阅,NMF关键词主题,待主题范围审阅,292
N0441,440,Forensic engineering | Engineering | Thermal runaway | Civil engineering | Structural engineering | Durability | Composite material | Construction engineering | Geotechnical engineering | Foundation (evidence) | Accident (philosophy) | Pipeline transport | Bridge (graph theory) | Seal (emblem) | Mining engineering,https://openalex.org/keywords/forensic-engineering | https://openalex.org/keywords/engineering | https://openalex.org/keywords/thermal-runaway | https://openalex.org/keywords/civil-engineering | https://openalex.org/keywords/structural-engineering | https://openalex.org/keywords/durability | https://openalex.org/keywords/composite-material | https://openalex.org/keywords/construction-engineering | https://openalex.org/keywords/geotechnical-engineering | https://openalex.org/keywords/foundation | https://openalex.org/keywords/accident | https://openalex.org/keywords/pipeline-transport | https://openalex.org/keywords/bridge | https://openalex.org/keywords/seal | https://openalex.org/keywords/mining-engineering,8.53695 | 1.66689 | 0.981595 | 0.659375 | 0.629514 | 0.528946 | 0.442078 | 0.396369 | 0.266472 | 0.246954 | 0.243143 | 0.204824 | 0.194168 | 0.193655 | 0.192459,True,234,193,26,15,Forensic engineering / Engineering / Thermal runaway,待主题范围审阅,NMF关键词主题,待主题范围审阅,234
N0442,441,Heat pump | Coefficient of performance | Air source heat pumps | Hybrid heat | Heating system | Renewable heat | TRNSYS | Engineering | Storage heater | Absorption heat pump | Groundwater | Process engineering | Civil engineering | Heat pump and refrigeration cycle | Thermodynamics,https://openalex.org/keywords/heat-pump | https://openalex.org/keywords/coefficient-of-performance | https://openalex.org/keywords/air-source-heat-pumps | https://openalex.org/keywords/hybrid-heat | https://openalex.org/keywords/heating-system | https://openalex.org/keywords/renewable-heat | https://openalex.org/keywords/trnsys | https://openalex.org/keywords/engineering | https://openalex.org/keywords/storage-heater | https://openalex.org/keywords/absorption-heat-pump | https://openalex.org/keywords/groundwater | https://openalex.org/keywords/process-engineering | https://openalex.org/keywords/civil-engineering | https://openalex.org/keywords/heat-pump-and-refrigeration-cycle | https://openalex.org/keywords/thermodynamics,8.46811 | 2.06985 | 1.78354 | 1.11224 | 1.05166 | 0.85399 | 0.828483 | 0.468605 | 0.432873 | 0.389707 | 0.355826 | 0.312345 | 0.238205 | 0.198753 | 0.196054,True,290,227,22,41,Heat pump / Coefficient of performance / Air source heat pumps,待主题范围审阅,NMF关键词主题,待主题范围审阅,290
N0443,442,Aerodynamics | Aerospace engineering | Airfoil | Wing | Lift (data mining) | Angle of attack | Flapping | Drag | Turbine blade | Wind tunnel | Aerodynamic force | Thrust | Stall (fluid mechanics) | Aeroelasticity | Lift-to-drag ratio,https://openalex.org/keywords/aerodynamics | https://openalex.org/keywords/aerospace-engineering | https://openalex.org/keywords/airfoil | https://openalex.org/keywords/wing | https://openalex.org/keywords/lift | https://openalex.org/keywords/angle-of-attack | https://openalex.org/keywords/flapping | https://openalex.org/keywords/drag | https://openalex.org/keywords/turbine-blade | https://openalex.org/keywords/wind-tunnel | https://openalex.org/keywords/aerodynamic-force | https://openalex.org/keywords/thrust | https://openalex.org/keywords/stall | https://openalex.org/keywords/aeroelasticity | https://openalex.org/keywords/lift-to-drag-ratio,5.90329 | 3.0036 | 2.26245 | 1.46484 | 1.42237 | 1.03876 | 1.02225 | 0.928034 | 0.845839 | 0.700534 | 0.677343 | 0.666828 | 0.638718 | 0.634291 | 0.581028,True,425,334,29,62,Aerodynamics / Aerospace engineering / Airfoil,待主题范围审阅,NMF关键词主题,待主题范围审阅,427
N0444,443,Porphyrin | Photochemistry | Fast ion conductor | Forestry | Agroforestry | Logging | Fluorescence | Quenching (fluorescence) | Combinatorial chemistry | Forest management | Quantum yield | Phthalocyanine | Heat exchanger | Felling | Evaporation,https://openalex.org/keywords/porphyrin | https://openalex.org/keywords/photochemistry | https://openalex.org/keywords/fast-ion-conductor | https://openalex.org/keywords/forestry | https://openalex.org/keywords/agroforestry | https://openalex.org/keywords/logging | https://openalex.org/keywords/fluorescence | https://openalex.org/keywords/quenching | https://openalex.org/keywords/combinatorial-chemistry | https://openalex.org/keywords/forest-management | https://openalex.org/keywords/quantum-yield | https://openalex.org/keywords/phthalocyanine | https://openalex.org/keywords/heat-exchanger | https://openalex.org/keywords/felling | https://openalex.org/keywords/evaporation,8.12515 | 1.92356 | 1.91093 | 1.46089 | 0.873053 | 0.4405 | 0.407221 | 0.398998 | 0.389529 | 0.382708 | 0.269359 | 0.263318 | 0.243552 | 0.23018 | 0.209062,True,159,135,16,8,Porphyrin / Photochemistry / Fast ion conductor,待主题范围审阅,NMF关键词主题,待主题范围审阅,158
N0445,444,Hydride | Zirconium | Magnesium hydride | Zirconium alloy | Enthalpy | Thermodynamics | Inorganic chemistry | Zirconium hydride | Cladding (metalworking) | Metallurgy | Titanium hydride | Cationic polymerization | Physical chemistry | Proton | Neutron diffraction,https://openalex.org/keywords/hydride | https://openalex.org/keywords/zirconium | https://openalex.org/keywords/magnesium-hydride | https://openalex.org/keywords/zirconium-alloy | https://openalex.org/keywords/enthalpy | https://openalex.org/keywords/thermodynamics | https://openalex.org/keywords/inorganic-chemistry | https://openalex.org/keywords/zirconium-hydride | https://openalex.org/keywords/cladding | https://openalex.org/keywords/metallurgy | https://openalex.org/keywords/titanium-hydride | https://openalex.org/keywords/cationic-polymerization | https://openalex.org/keywords/physical-chemistry | https://openalex.org/keywords/proton | https://openalex.org/keywords/neutron-diffraction,8.33606 | 1.11604 | 0.698422 | 0.482291 | 0.450597 | 0.387278 | 0.357369 | 0.298102 | 0.288188 | 0.284469 | 0.267521 | 0.229115 | 0.217652 | 0.188142 | 0.181994,True,268,230,15,23,Hydride / Zirconium / Magnesium hydride,待主题范围审阅,NMF关键词主题,待主题范围审阅,267
N0446,445,Noise (video) | Noise reduction | Phase noise | Gaussian noise | Detector | Artificial intelligence | Noise measurement | Estimator | Noise figure | Wavelet | White noise | Effective input noise temperature | Propeller | Statistics | Wavelet transform,https://openalex.org/keywords/noise | https://openalex.org/keywords/noise-reduction | https://openalex.org/keywords/phase-noise | https://openalex.org/keywords/gaussian-noise | https://openalex.org/keywords/detector | https://openalex.org/keywords/artificial-intelligence | https://openalex.org/keywords/noise-measurement | https://openalex.org/keywords/estimator | https://openalex.org/keywords/noise-figure | https://openalex.org/keywords/wavelet | https://openalex.org/keywords/white-noise | https://openalex.org/keywords/effective-input-noise-temperature | https://openalex.org/keywords/propeller | https://openalex.org/keywords/statistics | https://openalex.org/keywords/wavelet-transform,7.67913 | 0.667662 | 0.492794 | 0.450945 | 0.431442 | 0.429404 | 0.412008 | 0.382954 | 0.380206 | 0.347898 | 0.320022 | 0.311487 | 0.307091 | 0.238151 | 0.233407,True,393,297,23,73,Noise (video) / Noise reduction / Phase noise,待主题范围审阅,NMF关键词主题,待主题范围审阅,395
N0447,446,Evaporation | Photothermal therapy | Evaporator | Condensation | Solar desalination | Vacuum evaporation | Chemical engineering | Thermodynamics | Seawater | Solar still | Flash evaporation | Photothermal effect | Water vapor | Latent heat | Electron beam physical vapor deposition,https://openalex.org/keywords/evaporation | https://openalex.org/keywords/photothermal-therapy | https://openalex.org/keywords/evaporator | https://openalex.org/keywords/condensation | https://openalex.org/keywords/solar-desalination | https://openalex.org/keywords/vacuum-evaporation | https://openalex.org/keywords/chemical-engineering | https://openalex.org/keywords/thermodynamics | https://openalex.org/keywords/seawater | https://openalex.org/keywords/solar-still | https://openalex.org/keywords/flash-evaporation | https://openalex.org/keywords/photothermal-effect | https://openalex.org/keywords/water-vapor | https://openalex.org/keywords/latent-heat | https://openalex.org/keywords/electron-beam-physical-vapor-deposition,8.06721 | 1.27452 | 1.02532 | 0.647007 | 0.52747 | 0.493307 | 0.441425 | 0.434029 | 0.27038 | 0.220621 | 0.19479 | 0.193657 | 0.166136 | 0.165351 | 0.153094,True,332,227,35,70,Evaporation / Photothermal therapy / Evaporator,待主题范围审阅,NMF关键词主题,待主题范围审阅,332
N0448,447,Chalcogenide | Chalcogenide glass | Refractive index | Chalcogen | Germanium | Infrared | Molar absorptivity | Telluride | Quenching (fluorescence) | Selenide | Attenuation coefficient | Cluster (spacecraft) | Optics | Blanket | Tellurium,https://openalex.org/keywords/chalcogenide | https://openalex.org/keywords/chalcogenide-glass | https://openalex.org/keywords/refractive-index | https://openalex.org/keywords/chalcogen | https://openalex.org/keywords/germanium | https://openalex.org/keywords/infrared | https://openalex.org/keywords/molar-absorptivity | https://openalex.org/keywords/telluride | https://openalex.org/keywords/quenching | https://openalex.org/keywords/selenide | https://openalex.org/keywords/attenuation-coefficient | https://openalex.org/keywords/cluster | https://openalex.org/keywords/optics | https://openalex.org/keywords/blanket | https://openalex.org/keywords/tellurium,8.84693 | 1.04746 | 0.735973 | 0.583488 | 0.319125 | 0.306661 | 0.227713 | 0.221501 | 0.21737 | 0.212592 | 0.181602 | 0.156996 | 0.155108 | 0.154726 | 0.142405,True,209,176,18,15,Chalcogenide / Chalcogenide glass / Refractive index,待主题范围审阅,NMF关键词主题,待主题范围审阅,209
N0449,448,Index (typography) | Phosphor | Statistics | World Wide Web | Econometrics | Tandem | Price index | Gross domestic product | Inflation (cosmology) | Phosphorescence | Per capita | Chromaticity | Commodity | Photoluminescence | Benchmark (surveying),https://openalex.org/keywords/index | https://openalex.org/keywords/phosphor | https://openalex.org/keywords/statistics | https://openalex.org/keywords/world-wide-web | https://openalex.org/keywords/econometrics | https://openalex.org/keywords/tandem | https://openalex.org/keywords/price-index | https://openalex.org/keywords/gross-domestic-product | https://openalex.org/keywords/inflation | https://openalex.org/keywords/phosphorescence | https://openalex.org/keywords/per-capita | https://openalex.org/keywords/chromaticity | https://openalex.org/keywords/commodity | https://openalex.org/keywords/photoluminescence | https://openalex.org/keywords/benchmark,7.43537 | 0.965867 | 0.338882 | 0.310349 | 0.305341 | 0.224477 | 0.204749 | 0.173394 | 0.132993 | 0.111521 | 0.10879 | 0.106029 | 0.105764 | 0.104662 | 0.103909,True,246,194,20,32,Index (typography) / Phosphor / Statistics,待主题范围审阅,NMF关键词主题,待主题范围审阅,246
N0450,449,Nanotube | Zigzag | Chemical engineering | Halloysite | Boron nitride | Anodic oxidation | Titanate | Anodizing | Optical properties of carbon nanotubes | Model predictive control | Janus | FOIL method | Photoelectrochemistry | Tube (container) | Etching (microfabrication),https://openalex.org/keywords/nanotube | https://openalex.org/keywords/zigzag | https://openalex.org/keywords/chemical-engineering | https://openalex.org/keywords/halloysite | https://openalex.org/keywords/boron-nitride | https://openalex.org/keywords/anodic-oxidation | https://openalex.org/keywords/titanate | https://openalex.org/keywords/anodizing | https://openalex.org/keywords/optical-properties-of-carbon-nanotubes | https://openalex.org/keywords/model-predictive-control | https://openalex.org/keywords/janus | https://openalex.org/keywords/foil-method | https://openalex.org/keywords/photoelectrochemistry | https://openalex.org/keywords/tube | https://openalex.org/keywords/etching,8.76015 | 0.568076 | 0.353236 | 0.239166 | 0.220654 | 0.192562 | 0.15783 | 0.147559 | 0.118494 | 0.0907698 | 0.0876137 | 0.0829614 | 0.0687262 | 0.0586962 | 0.0564204,True,190,175,8,7,Nanotube / Zigzag / Chemical engineering,待主题范围审阅,NMF关键词主题,待主题范围审阅,188
N0451,450,Subsidy | Public economics | Market economy | Externality | Welfare | Carbon tax | Industrial organization | Microeconomics | Energy subsidies | Competition (biology) | Feed-in tariff | Economics | Tax credit | Duopoly | Energy policy,https://openalex.org/keywords/subsidy | https://openalex.org/keywords/public-economics | https://openalex.org/keywords/market-economy | https://openalex.org/keywords/externality | https://openalex.org/keywords/welfare | https://openalex.org/keywords/carbon-tax | https://openalex.org/keywords/industrial-organization | https://openalex.org/keywords/microeconomics | https://openalex.org/keywords/energy-subsidies | https://openalex.org/keywords/competition | https://openalex.org/keywords/feed-in-tariff | https://openalex.org/keywords/economics | https://openalex.org/keywords/tax-credit | https://openalex.org/keywords/duopoly | https://openalex.org/keywords/energy-policy,8.35446 | 1.5761 | 1.10192 | 0.688667 | 0.622405 | 0.575966 | 0.531851 | 0.51841 | 0.414216 | 0.178351 | 0.174669 | 0.17193 | 0.159379 | 0.153361 | 0.152487,True,287,225,20,42,Subsidy / Public economics / Market economy,待主题范围审阅,NMF关键词主题,待主题范围审阅,287
N0452,451,Reactivity (psychology) | Sulfide | Catalysis | Combinatorial chemistry | Organic chemistry | Chemical looping combustion | Medicinal chemistry | Homogeneous | Substituent | Coke | Protonation | Carbon monoxide | Superconductivity | Computational chemistry | Steric effects,https://openalex.org/keywords/reactivity | https://openalex.org/keywords/sulfide | https://openalex.org/keywords/catalysis | https://openalex.org/keywords/combinatorial-chemistry | https://openalex.org/keywords/organic-chemistry | https://openalex.org/keywords/chemical-looping-combustion | https://openalex.org/keywords/medicinal-chemistry | https://openalex.org/keywords/homogeneous | https://openalex.org/keywords/substituent | https://openalex.org/keywords/coke | https://openalex.org/keywords/protonation | https://openalex.org/keywords/carbon-monoxide | https://openalex.org/keywords/superconductivity | https://openalex.org/keywords/computational-chemistry | https://openalex.org/keywords/steric-effects,8.43419 | 0.67356 | 0.569372 | 0.320054 | 0.281239 | 0.27875 | 0.247235 | 0.225447 | 0.211482 | 0.208589 | 0.184844 | 0.171025 | 0.145504 | 0.11161 | 0.108562,True,228,187,15,26,Reactivity (psychology) / Sulfide / Catalysis,待主题范围审阅,NMF关键词主题,待主题范围审阅,225
N0453,452,Model predictive control | Weighting | Duty cycle | Benchmark (surveying) | Control theory (sociology) | Control engineering | Constraint (computer-aided design) | Trajectory | Optimal control | Nonlinear model | Machine control | Exploit | Horizon | Multivariable calculus | Vehicle dynamics,https://openalex.org/keywords/model-predictive-control | https://openalex.org/keywords/weighting | https://openalex.org/keywords/duty-cycle | https://openalex.org/keywords/benchmark | https://openalex.org/keywords/control-theory | https://openalex.org/keywords/control-engineering | https://openalex.org/keywords/constraint | https://openalex.org/keywords/trajectory | https://openalex.org/keywords/optimal-control | https://openalex.org/keywords/nonlinear-model | https://openalex.org/keywords/machine-control | https://openalex.org/keywords/exploit | https://openalex.org/keywords/horizon | https://openalex.org/keywords/multivariable-calculus | https://openalex.org/keywords/vehicle-dynamics,8.63968 | 0.486551 | 0.394746 | 0.356748 | 0.352433 | 0.29114 | 0.290085 | 0.284847 | 0.225888 | 0.185315 | 0.161192 | 0.140382 | 0.130472 | 0.128221 | 0.116693,True,313,214,33,66,Model predictive control / Weighting / Duty cycle,待主题范围审阅,NMF关键词主题,待主题范围审阅,312
N0454,453,Nafion | Ionomer | Direct methanol fuel cell | Ether | Sulfonic acid | Membrane electrode assembly | Methanol fuel | Arylene | Proton transport | Swelling | Sulfone | Ketone | Carbon black | Hydronium | Proton,https://openalex.org/keywords/nafion | https://openalex.org/keywords/ionomer | https://openalex.org/keywords/direct-methanol-fuel-cell | https://openalex.org/keywords/ether | https://openalex.org/keywords/sulfonic-acid | https://openalex.org/keywords/membrane-electrode-assembly | https://openalex.org/keywords/methanol-fuel | https://openalex.org/keywords/arylene | https://openalex.org/keywords/proton-transport | https://openalex.org/keywords/swelling | https://openalex.org/keywords/sulfone | https://openalex.org/keywords/ketone | https://openalex.org/keywords/carbon-black | https://openalex.org/keywords/hydronium | https://openalex.org/keywords/proton,8.21567 | 2.25613 | 0.771445 | 0.766694 | 0.553345 | 0.432873 | 0.432162 | 0.427922 | 0.361899 | 0.305661 | 0.223789 | 0.193881 | 0.172424 | 0.165278 | 0.149173,True,258,252,2,4,Nafion / Ionomer / Direct methanol fuel cell,待主题范围审阅,NMF关键词主题,待主题范围审阅,259
N0455,454,Fouling | Membrane fouling | Filtration (mathematics) | Ultrafiltration (renal) | Biofouling | Chromatography | Microfiltration | Reverse osmosis | Bioreactor | Membrane bioreactor | Water treatment | Nanofiltration | Humic acid | Forward osmosis | Membrane technology,https://openalex.org/keywords/fouling | https://openalex.org/keywords/membrane-fouling | https://openalex.org/keywords/filtration | https://openalex.org/keywords/ultrafiltration | https://openalex.org/keywords/biofouling | https://openalex.org/keywords/chromatography | https://openalex.org/keywords/microfiltration | https://openalex.org/keywords/reverse-osmosis | https://openalex.org/keywords/bioreactor | https://openalex.org/keywords/membrane-bioreactor | https://openalex.org/keywords/water-treatment | https://openalex.org/keywords/nanofiltration | https://openalex.org/keywords/humic-acid | https://openalex.org/keywords/forward-osmosis | https://openalex.org/keywords/membrane-technology,5.74902 | 3.74641 | 2.15032 | 1.60191 | 1.45086 | 1.03486 | 0.855762 | 0.702367 | 0.656171 | 0.656022 | 0.540791 | 0.528187 | 0.482808 | 0.404186 | 0.381936,True,244,211,16,17,Fouling / Membrane fouling / Filtration (mathematics),待主题范围审阅,NMF关键词主题,待主题范围审阅,244
N0456,455,Demand response | Peak demand | Load management | Load shifting | News aggregator | Demand management | Demand side | Supply and demand | Bidding | On demand | Dynamic pricing | Virtual power plant | Dynamic demand | Industrial organization | Proton,https://openalex.org/keywords/demand-response | https://openalex.org/keywords/peak-demand | https://openalex.org/keywords/load-management | https://openalex.org/keywords/load-shifting | https://openalex.org/keywords/news-aggregator | https://openalex.org/keywords/demand-management | https://openalex.org/keywords/demand-side | https://openalex.org/keywords/supply-and-demand | https://openalex.org/keywords/bidding | https://openalex.org/keywords/on-demand | https://openalex.org/keywords/dynamic-pricing | https://openalex.org/keywords/virtual-power-plant | https://openalex.org/keywords/dynamic-demand | https://openalex.org/keywords/industrial-organization | https://openalex.org/keywords/proton,8.81567 | 1.21447 | 1.05239 | 0.807196 | 0.633459 | 0.530587 | 0.514159 | 0.486674 | 0.309535 | 0.292448 | 0.267903 | 0.267363 | 0.265529 | 0.247308 | 0.23979,True,314,250,22,42,Demand response / Peak demand / Load management,待主题范围审阅,NMF关键词主题,待主题范围审阅,315
N0457,456,Hydrolysis | Tandem | Sodium borohydride | Ammonia borane | Borohydride | Enzymatic hydrolysis | Biochemistry | Hydrolysate | Borane | Activated sludge | Organic chemistry | Chromatography | Hydrogen production | Enzyme | Cellulase,https://openalex.org/keywords/hydrolysis | https://openalex.org/keywords/tandem | https://openalex.org/keywords/sodium-borohydride | https://openalex.org/keywords/ammonia-borane | https://openalex.org/keywords/borohydride | https://openalex.org/keywords/enzymatic-hydrolysis | https://openalex.org/keywords/biochemistry | https://openalex.org/keywords/hydrolysate | https://openalex.org/keywords/borane | https://openalex.org/keywords/activated-sludge | https://openalex.org/keywords/organic-chemistry | https://openalex.org/keywords/chromatography | https://openalex.org/keywords/hydrogen-production | https://openalex.org/keywords/enzyme | https://openalex.org/keywords/cellulase,7.59627 | 2.68371 | 1.8352 | 1.17377 | 0.51049 | 0.453073 | 0.432923 | 0.421933 | 0.413713 | 0.384691 | 0.314972 | 0.306953 | 0.252786 | 0.230234 | 0.209373,True,247,202,16,29,Hydrolysis / Tandem / Sodium borohydride,待主题范围审阅,NMF关键词主题,待主题范围审阅,248
N0458,457,Computation | Computational science | Finite element method | Parallel computing | Agriculture | Matrix (chemical analysis) | Electromagnetic field | Discretization | Speedup | Code (set theory) | Agricultural economics | Power flow | Sampling (signal processing) | Mathematical analysis | Perturbation (astronomy),https://openalex.org/keywords/computation | https://openalex.org/keywords/computational-science | https://openalex.org/keywords/finite-element-method | https://openalex.org/keywords/parallel-computing | https://openalex.org/keywords/agriculture | https://openalex.org/keywords/matrix | https://openalex.org/keywords/electromagnetic-field | https://openalex.org/keywords/discretization | https://openalex.org/keywords/speedup | https://openalex.org/keywords/code | https://openalex.org/keywords/agricultural-economics | https://openalex.org/keywords/power-flow | https://openalex.org/keywords/sampling | https://openalex.org/keywords/mathematical-analysis | https://openalex.org/keywords/perturbation,8.71883 | 0.470016 | 0.434783 | 0.392138 | 0.355698 | 0.162982 | 0.14966 | 0.148233 | 0.115714 | 0.110426 | 0.106868 | 0.103298 | 0.0974496 | 0.0972811 | 0.0921256,True,258,219,8,31,Computation / Computational science / Finite element method,待主题范围审阅,NMF关键词主题,待主题范围审阅,258
N0459,458,Mass transfer | Chromatography | Volumetric flow rate | Mass transfer coefficient | Packed bed | Heat transfer | Contactor | Hollow fiber membrane | Fiber | Distillation | Desiccant | Membrane distillation | Reaction rate | Response surface methodology | Limiting current,https://openalex.org/keywords/mass-transfer | https://openalex.org/keywords/chromatography | https://openalex.org/keywords/volumetric-flow-rate | https://openalex.org/keywords/mass-transfer-coefficient | https://openalex.org/keywords/packed-bed | https://openalex.org/keywords/heat-transfer | https://openalex.org/keywords/contactor | https://openalex.org/keywords/hollow-fiber-membrane | https://openalex.org/keywords/fiber | https://openalex.org/keywords/distillation | https://openalex.org/keywords/desiccant | https://openalex.org/keywords/membrane-distillation | https://openalex.org/keywords/reaction-rate | https://openalex.org/keywords/response-surface-methodology | https://openalex.org/keywords/limiting-current,7.61693 | 1.7109 | 1.68186 | 1.47509 | 0.975736 | 0.646967 | 0.584471 | 0.571298 | 0.434091 | 0.380974 | 0.375079 | 0.371656 | 0.225155 | 0.209505 | 0.18551,True,297,249,11,37,Mass transfer / Chromatography / Volumetric flow rate,待主题范围审阅,NMF关键词主题,待主题范围审阅,298
N0460,459,Circuit breaker | High voltage | Switchgear | Tripping | Arc (geometry) | Arc-fault circuit interrupter | Transient recovery voltage | Fuse (electrical) | Voltage | Electric arc | Disconnector | Sulfur hexafluoride circuit breaker | Commutation | Overvoltage | Short circuit,https://openalex.org/keywords/circuit-breaker | https://openalex.org/keywords/high-voltage | https://openalex.org/keywords/switchgear | https://openalex.org/keywords/tripping | https://openalex.org/keywords/arc | https://openalex.org/keywords/arc-fault-circuit-interrupter | https://openalex.org/keywords/transient-recovery-voltage | https://openalex.org/keywords/fuse | https://openalex.org/keywords/voltage | https://openalex.org/keywords/electric-arc | https://openalex.org/keywords/disconnector | https://openalex.org/keywords/sulfur-hexafluoride-circuit-breaker | https://openalex.org/keywords/commutation | https://openalex.org/keywords/overvoltage | https://openalex.org/keywords/short-circuit,7.98033 | 1.26298 | 0.892516 | 0.886779 | 0.850146 | 0.844187 | 0.836692 | 0.656409 | 0.51745 | 0.514145 | 0.508846 | 0.450305 | 0.408008 | 0.399333 | 0.385143,True,244,209,10,25,Circuit breaker / High voltage / Switchgear,待主题范围审阅,NMF关键词主题,待主题范围审阅,242
N0461,460,SIGNAL (programming language) | Signal processing | Digital signal processing | Interference (communication) | Amplitude | Time domain | Electronic engineering | Oscillation (cell signaling) | Signal integrity | Channel (broadcasting) | Frequency domain | Pulse (music) | Fast Fourier transform | Small-signal model | Fourier transform,https://openalex.org/keywords/signal | https://openalex.org/keywords/signal-processing | https://openalex.org/keywords/digital-signal-processing | https://openalex.org/keywords/interference | https://openalex.org/keywords/amplitude | https://openalex.org/keywords/time-domain | https://openalex.org/keywords/electronic-engineering | https://openalex.org/keywords/oscillation | https://openalex.org/keywords/signal-integrity | https://openalex.org/keywords/channel | https://openalex.org/keywords/frequency-domain | https://openalex.org/keywords/pulse | https://openalex.org/keywords/fast-fourier-transform | https://openalex.org/keywords/small-signal-model | https://openalex.org/keywords/fourier-transform,8.02009 | 1.26271 | 0.7702 | 0.553644 | 0.536757 | 0.399226 | 0.381875 | 0.356627 | 0.299232 | 0.2871 | 0.27266 | 0.266482 | 0.252747 | 0.232747 | 0.227814,True,325,271,23,31,SIGNAL (programming language) / Signal processing / Digital signal processing,待主题范围审阅,NMF关键词主题,待主题范围审阅,323
N0462,461,Dissociation (chemistry) | Physical chemistry | Chemistry | Catalysis | MOSFET | Bond-dissociation energy | Reaction mechanism | Channel (broadcasting) | Kinetic energy | Fischer–Tropsch process | Computational chemistry | Chemisorption | Leakage (economics) | Isochoric process | Rhodium,https://openalex.org/keywords/dissociation | https://openalex.org/keywords/physical-chemistry | https://openalex.org/keywords/chemistry | https://openalex.org/keywords/catalysis | https://openalex.org/keywords/mosfet | https://openalex.org/keywords/bond-dissociation-energy | https://openalex.org/keywords/reaction-mechanism | https://openalex.org/keywords/channel | https://openalex.org/keywords/kinetic-energy | https://openalex.org/keywords/fischer–tropsch-process | https://openalex.org/keywords/computational-chemistry | https://openalex.org/keywords/chemisorption | https://openalex.org/keywords/leakage | https://openalex.org/keywords/isochoric-process | https://openalex.org/keywords/rhodium,8.23531 | 1.08093 | 0.784888 | 0.770177 | 0.306505 | 0.306064 | 0.303828 | 0.276118 | 0.268019 | 0.204305 | 0.173865 | 0.1733 | 0.148618 | 0.147683 | 0.143439,True,273,227,14,32,Dissociation (chemistry) / Physical chemistry / Chemistry,待主题范围审阅,NMF关键词主题,待主题范围审阅,270
N0463,462,van der Waals force | Exfoliation joint | Molecule | Phosphorene | Nanotechnology | Janus | Equation of state | Population | Bubble | Bilayer | Colloid | Binding energy | Surface tension | Enthalpy | Quantum mechanics,https://openalex.org/keywords/van-der-waals-force | https://openalex.org/keywords/exfoliation-joint | https://openalex.org/keywords/molecule | https://openalex.org/keywords/phosphorene | https://openalex.org/keywords/nanotechnology | https://openalex.org/keywords/janus | https://openalex.org/keywords/equation-of-state | https://openalex.org/keywords/population | https://openalex.org/keywords/bubble | https://openalex.org/keywords/bilayer | https://openalex.org/keywords/colloid | https://openalex.org/keywords/binding-energy | https://openalex.org/keywords/surface-tension | https://openalex.org/keywords/enthalpy | https://openalex.org/keywords/quantum-mechanics,8.70602 | 0.615082 | 0.480698 | 0.427314 | 0.315341 | 0.242723 | 0.1786 | 0.163882 | 0.163854 | 0.157784 | 0.135313 | 0.129225 | 0.0979458 | 0.0952952 | 0.0885846,True,235,168,30,37,van der Waals force / Exfoliation joint / Molecule,待主题范围审阅,NMF关键词主题,待主题范围审阅,236
N0464,463,Service (business) | Marketing | Telecommunications | World Wide Web | Automation | Service provider | The Internet | Service life | Database | Quality of service | Architecture | Revenue | Service quality | Web service | Process management,https://openalex.org/keywords/service | https://openalex.org/keywords/marketing | https://openalex.org/keywords/telecommunications | https://openalex.org/keywords/world-wide-web | https://openalex.org/keywords/automation | https://openalex.org/keywords/service-provider | https://openalex.org/keywords/the-internet | https://openalex.org/keywords/service-life | https://openalex.org/keywords/database | https://openalex.org/keywords/quality-of-service | https://openalex.org/keywords/architecture | https://openalex.org/keywords/revenue | https://openalex.org/keywords/service-quality | https://openalex.org/keywords/web-service | https://openalex.org/keywords/process-management,7.97585 | 1.37352 | 0.845591 | 0.7695 | 0.68271 | 0.39836 | 0.396641 | 0.275078 | 0.273851 | 0.265966 | 0.208019 | 0.19123 | 0.189864 | 0.178125 | 0.177439,True,248,206,12,30,Service (business) / Marketing / Telecommunications,待主题范围审阅,NMF关键词主题,待主题范围审阅,247
N0465,464,Fluidized bed | Chemical looping combustion | Fluidized bed combustion | Fluidization | Superconductivity | Index (typography) | Methane | Chemical reaction | Air separation | Economies of agglomeration | Process engineering | Coal gasification | Bioreactor | Residence time (fluid dynamics) | Sorbent,https://openalex.org/keywords/fluidized-bed | https://openalex.org/keywords/chemical-looping-combustion | https://openalex.org/keywords/fluidized-bed-combustion | https://openalex.org/keywords/fluidization | https://openalex.org/keywords/superconductivity | https://openalex.org/keywords/index | https://openalex.org/keywords/methane | https://openalex.org/keywords/chemical-reaction | https://openalex.org/keywords/air-separation | https://openalex.org/keywords/economies-of-agglomeration | https://openalex.org/keywords/process-engineering | https://openalex.org/keywords/coal-gasification | https://openalex.org/keywords/bioreactor | https://openalex.org/keywords/residence-time | https://openalex.org/keywords/sorbent,5.71538 | 5.19615 | 1.91814 | 1.47892 | 0.576396 | 0.382135 | 0.292665 | 0.283789 | 0.241723 | 0.234226 | 0.20833 | 0.20181 | 0.191526 | 0.190854 | 0.17155,True,235,199,16,20,Fluidized bed / Chemical looping combustion / Fluidized bed combustion,待主题范围审阅,NMF关键词主题,待主题范围审阅,237
N0466,465,Radiation | Optics | Atmospheric sciences | Thermal radiation | Radiation damage | Radiant energy | Radiation resistance | Tilt (camera) | Radiant intensity | Latitude | Sunlight | Infrared | Reflector (photography) | Detector | Radiative transfer,https://openalex.org/keywords/radiation | https://openalex.org/keywords/optics | https://openalex.org/keywords/atmospheric-sciences | https://openalex.org/keywords/thermal-radiation | https://openalex.org/keywords/radiation-damage | https://openalex.org/keywords/radiant-energy | https://openalex.org/keywords/radiation-resistance | https://openalex.org/keywords/tilt | https://openalex.org/keywords/radiant-intensity | https://openalex.org/keywords/latitude | https://openalex.org/keywords/sunlight | https://openalex.org/keywords/infrared | https://openalex.org/keywords/reflector | https://openalex.org/keywords/detector | https://openalex.org/keywords/radiative-transfer,8.5274 | 1.37552 | 0.614903 | 0.45224 | 0.416949 | 0.355602 | 0.289964 | 0.286869 | 0.270632 | 0.260139 | 0.250667 | 0.23724 | 0.2098 | 0.207762 | 0.205767,True,303,244,24,35,Radiation / Optics / Atmospheric sciences,待主题范围审阅,NMF关键词主题,待主题范围审阅,302
N0467,466,Rutile | Chemical engineering | Ilmenite | Blanket | Tetragonal crystal system | Electron paramagnetic resonance | Azobenzene | Fluorite | Scanning tunneling microscope | Hydrochloric acid | Fusion power | Tin dioxide | Nanoclusters | Ellipsometry | Supercell,https://openalex.org/keywords/rutile | https://openalex.org/keywords/chemical-engineering | https://openalex.org/keywords/ilmenite | https://openalex.org/keywords/blanket | https://openalex.org/keywords/tetragonal-crystal-system | https://openalex.org/keywords/electron-paramagnetic-resonance | https://openalex.org/keywords/azobenzene | https://openalex.org/keywords/fluorite | https://openalex.org/keywords/scanning-tunneling-microscope | https://openalex.org/keywords/hydrochloric-acid | https://openalex.org/keywords/fusion-power | https://openalex.org/keywords/tin-dioxide | https://openalex.org/keywords/nanoclusters | https://openalex.org/keywords/ellipsometry | https://openalex.org/keywords/supercell,9.50177 | 0.660701 | 0.31072 | 0.117411 | 0.0966497 | 0.070196 | 0.0690592 | 0.0612861 | 0.060895 | 0.0606458 | 0.0564102 | 0.0551965 | 0.0538558 | 0.0530866 | 0.0438947,True,264,243,8,13,Rutile / Chemical engineering / Ilmenite,待主题范围审阅,NMF关键词主题,待主题范围审阅,260
N0468,467,Pollutant | Environmental remediation | Pollution | Chemistry | Air pollution | NOx | Water treatment | Environmental chemistry | Environmentally friendly | Contamination | Air pollutants | Biochemical engineering | Environmental pollution | Hazardous waste | Persulfate,https://openalex.org/keywords/pollutant | https://openalex.org/keywords/environmental-remediation | https://openalex.org/keywords/pollution | https://openalex.org/keywords/chemistry | https://openalex.org/keywords/air-pollution | https://openalex.org/keywords/nox | https://openalex.org/keywords/water-treatment | https://openalex.org/keywords/environmental-chemistry | https://openalex.org/keywords/environmentally-friendly | https://openalex.org/keywords/contamination | https://openalex.org/keywords/air-pollutants | https://openalex.org/keywords/biochemical-engineering | https://openalex.org/keywords/environmental-pollution | https://openalex.org/keywords/hazardous-waste | https://openalex.org/keywords/persulfate,8.24237 | 1.40401 | 1.09591 | 0.816098 | 0.642852 | 0.564829 | 0.559155 | 0.550676 | 0.363622 | 0.355382 | 0.318355 | 0.303432 | 0.284182 | 0.25678 | 0.227811,True,394,253,63,78,Pollutant / Environmental remediation / Pollution,待主题范围审阅,NMF关键词主题,待主题范围审阅,393
N0469,468,Politics | Energy security | Political economy | Economic system | Geopolitics | Economy | Energy policy | Corporate governance | Sociology | Energy transition | Economics | Law | Energy supply | Foreign policy | International relations,https://openalex.org/keywords/politics | https://openalex.org/keywords/energy-security | https://openalex.org/keywords/political-economy | https://openalex.org/keywords/economic-system | https://openalex.org/keywords/geopolitics | https://openalex.org/keywords/economy | https://openalex.org/keywords/energy-policy | https://openalex.org/keywords/corporate-governance | https://openalex.org/keywords/sociology | https://openalex.org/keywords/energy-transition | https://openalex.org/keywords/economics | https://openalex.org/keywords/law | https://openalex.org/keywords/energy-supply | https://openalex.org/keywords/foreign-policy | https://openalex.org/keywords/international-relations,5.02259 | 3.05359 | 1.69122 | 1.536 | 1.32391 | 0.980936 | 0.879009 | 0.819241 | 0.746633 | 0.517726 | 0.502374 | 0.448356 | 0.392979 | 0.330805 | 0.321724,True,526,419,34,73,Politics / Energy security / Political economy,待主题范围审阅,NMF关键词主题,待主题范围审阅,526
N0470,469,Life-cycle assessment | Environmental impact assessment | Environmental engineering | Ecotoxicity | Life cycle inventory | Carbon footprint | Global-warming potential | Industrial ecology | Scrap | Blanket | Energy crop | Lead–acid battery | Product (mathematics) | Resource depletion | Embodied energy,https://openalex.org/keywords/life-cycle-assessment | https://openalex.org/keywords/environmental-impact-assessment | https://openalex.org/keywords/environmental-engineering | https://openalex.org/keywords/ecotoxicity | https://openalex.org/keywords/life-cycle-inventory | https://openalex.org/keywords/carbon-footprint | https://openalex.org/keywords/global-warming-potential | https://openalex.org/keywords/industrial-ecology | https://openalex.org/keywords/scrap | https://openalex.org/keywords/blanket | https://openalex.org/keywords/energy-crop | https://openalex.org/keywords/lead–acid-battery | https://openalex.org/keywords/product | https://openalex.org/keywords/resource-depletion | https://openalex.org/keywords/embodied-energy,7.89826 | 2.75358 | 1.00632 | 0.355571 | 0.327488 | 0.297492 | 0.217116 | 0.206125 | 0.164831 | 0.134805 | 0.134625 | 0.1287 | 0.125341 | 0.125246 | 0.111102,True,331,240,27,64,Life-cycle assessment / Environmental impact assessment / Environmental engineering,待主题范围审阅,NMF关键词主题,待主题范围审阅,331
N0471,470,Cogeneration | Tandem | Stirling engine | Engineering | Economic dispatch | Steam turbine | Payback period | Absorption refrigerator | Gas turbines | Mechanical engineering | Biogas | Gas engine | Profitability index | Injector | Heating system,https://openalex.org/keywords/cogeneration | https://openalex.org/keywords/tandem | https://openalex.org/keywords/stirling-engine | https://openalex.org/keywords/engineering | https://openalex.org/keywords/economic-dispatch | https://openalex.org/keywords/steam-turbine | https://openalex.org/keywords/payback-period | https://openalex.org/keywords/absorption-refrigerator | https://openalex.org/keywords/gas-turbines | https://openalex.org/keywords/mechanical-engineering | https://openalex.org/keywords/biogas | https://openalex.org/keywords/gas-engine | https://openalex.org/keywords/profitability-index | https://openalex.org/keywords/injector | https://openalex.org/keywords/heating-system,8.34556 | 0.759873 | 0.539119 | 0.431212 | 0.410129 | 0.361646 | 0.322953 | 0.318047 | 0.30934 | 0.267119 | 0.255131 | 0.224718 | 0.217312 | 0.206058 | 0.19467,True,213,178,13,22,Cogeneration / Tandem / Stirling engine,待主题范围审阅,NMF关键词主题,待主题范围审阅,214
N0472,471,Dispersion (optics) | Superconductivity | Dispersant | Colloid | Pulmonary surfactant | Dispersion stability | Superconducting magnet | Dispersion relation | Condensed matter physics | High-temperature superconductivity | Superconducting magnetic energy storage | Critical current | Zeta potential | Fault current limiter | Mixing (physics),https://openalex.org/keywords/dispersion | https://openalex.org/keywords/superconductivity | https://openalex.org/keywords/dispersant | https://openalex.org/keywords/colloid | https://openalex.org/keywords/pulmonary-surfactant | https://openalex.org/keywords/dispersion-stability | https://openalex.org/keywords/superconducting-magnet | https://openalex.org/keywords/dispersion-relation | https://openalex.org/keywords/condensed-matter-physics | https://openalex.org/keywords/high-temperature-superconductivity | https://openalex.org/keywords/superconducting-magnetic-energy-storage | https://openalex.org/keywords/critical-current | https://openalex.org/keywords/zeta-potential | https://openalex.org/keywords/fault-current-limiter | https://openalex.org/keywords/mixing,8.17134 | 2.47783 | 0.598606 | 0.533205 | 0.415439 | 0.36479 | 0.346696 | 0.346143 | 0.306409 | 0.290289 | 0.275511 | 0.250471 | 0.235298 | 0.220094 | 0.208522,True,212,185,3,24,Dispersion (optics) / Superconductivity / Dispersant,待主题范围审阅,NMF关键词主题,待主题范围审阅,211
N0473,472,Identification (biology) | System identification | Set (abstract data type) | Estimation theory | Phasor | Cloud computing | Radio-frequency identification | Frequency domain | Tree (set theory) | Relation (database) | Subspace topology | Datasheet | Time domain | Mathematics | Units of measurement,https://openalex.org/keywords/identification | https://openalex.org/keywords/system-identification | https://openalex.org/keywords/set | https://openalex.org/keywords/estimation-theory | https://openalex.org/keywords/phasor | https://openalex.org/keywords/cloud-computing | https://openalex.org/keywords/radio-frequency-identification | https://openalex.org/keywords/frequency-domain | https://openalex.org/keywords/tree | https://openalex.org/keywords/relation | https://openalex.org/keywords/subspace-topology | https://openalex.org/keywords/datasheet | https://openalex.org/keywords/time-domain | https://openalex.org/keywords/mathematics | https://openalex.org/keywords/units-of-measurement,8.44328 | 0.707721 | 0.704789 | 0.322411 | 0.230931 | 0.227205 | 0.185794 | 0.162303 | 0.150703 | 0.133998 | 0.129548 | 0.127091 | 0.124316 | 0.11491 | 0.114824,True,317,193,44,80,Identification (biology) / System identification / Set (abstract data type),待主题范围审阅,NMF关键词主题,待主题范围审阅,316
N0474,473,Reinforcement learning | Convergence (economics) | Artificial intelligence | Reinforcement | Markov decision process | Machine learning | Markov process | Deep learning | Adaptability | Robot | Markov chain | Benchmark (surveying) | Fuel efficiency | Sample (material) | Domain (mathematical analysis),https://openalex.org/keywords/reinforcement-learning | https://openalex.org/keywords/convergence | https://openalex.org/keywords/artificial-intelligence | https://openalex.org/keywords/reinforcement | https://openalex.org/keywords/markov-decision-process | https://openalex.org/keywords/machine-learning | https://openalex.org/keywords/markov-process | https://openalex.org/keywords/deep-learning | https://openalex.org/keywords/adaptability | https://openalex.org/keywords/robot | https://openalex.org/keywords/markov-chain | https://openalex.org/keywords/benchmark | https://openalex.org/keywords/fuel-efficiency | https://openalex.org/keywords/sample | https://openalex.org/keywords/domain,6.32504 | 2.44349 | 1.57332 | 1.01179 | 0.817331 | 0.560504 | 0.44746 | 0.260703 | 0.208572 | 0.196035 | 0.15675 | 0.147897 | 0.14274 | 0.133056 | 0.130834,True,328,141,56,131,Reinforcement learning / Convergence (economics) / Artificial intelligence,待主题范围审阅,NMF关键词主题,待主题范围审阅,329
N0475,474,Fullerene | Polymer solar cell | Perylene | Organic chemistry | Diimide | Quenching (fluorescence) | Polaron | Polythiophene | Supramolecular chemistry | Energy conversion efficiency | Derivative (finance) | Polymer blend | Dipole | Self-assembly | Substituent,https://openalex.org/keywords/fullerene | https://openalex.org/keywords/polymer-solar-cell | https://openalex.org/keywords/perylene | https://openalex.org/keywords/organic-chemistry | https://openalex.org/keywords/diimide | https://openalex.org/keywords/quenching | https://openalex.org/keywords/polaron | https://openalex.org/keywords/polythiophene | https://openalex.org/keywords/supramolecular-chemistry | https://openalex.org/keywords/energy-conversion-efficiency | https://openalex.org/keywords/derivative | https://openalex.org/keywords/polymer-blend | https://openalex.org/keywords/dipole | https://openalex.org/keywords/self-assembly | https://openalex.org/keywords/substituent,8.65423 | 1.01826 | 0.512087 | 0.343501 | 0.29543 | 0.28158 | 0.181266 | 0.165833 | 0.155876 | 0.138013 | 0.127052 | 0.10501 | 0.0934735 | 0.0889507 | 0.0867141,True,232,214,11,7,Fullerene / Polymer solar cell / Perylene,待主题范围审阅,NMF关键词主题,待主题范围审阅,234
N0476,475,Electrification | Rural electrification | Economic growth | Rural area | Cost of electricity by source | Battery electric vehicle | Energy poverty | Estimation | Developing country | Train | Firewood | Engineering | Net present value | Total cost of ownership | Beijing,https://openalex.org/keywords/electrification | https://openalex.org/keywords/rural-electrification | https://openalex.org/keywords/economic-growth | https://openalex.org/keywords/rural-area | https://openalex.org/keywords/cost-of-electricity-by-source | https://openalex.org/keywords/battery-electric-vehicle | https://openalex.org/keywords/energy-poverty | https://openalex.org/keywords/estimation | https://openalex.org/keywords/developing-country | https://openalex.org/keywords/train | https://openalex.org/keywords/firewood | https://openalex.org/keywords/engineering | https://openalex.org/keywords/net-present-value | https://openalex.org/keywords/total-cost-of-ownership | https://openalex.org/keywords/beijing,8.03668 | 2.59443 | 0.462248 | 0.355769 | 0.256748 | 0.256503 | 0.244422 | 0.238789 | 0.185777 | 0.160173 | 0.132142 | 0.131381 | 0.129687 | 0.127586 | 0.127566,True,287,210,23,54,Electrification / Rural electrification / Economic growth,待主题范围审阅,NMF关键词主题,待主题范围审阅,287
N0477,476,Automotive industry | Manufacturing engineering | Palladium | Powertrain | Automotive electronics | Aerospace | Engineering | Industrial organization | Product (mathematics) | Automotive engine | Original equipment manufacturer | Focus (optics) | Radar | Radiator (engine cooling) | Machining,https://openalex.org/keywords/automotive-industry | https://openalex.org/keywords/manufacturing-engineering | https://openalex.org/keywords/palladium | https://openalex.org/keywords/powertrain | https://openalex.org/keywords/automotive-electronics | https://openalex.org/keywords/aerospace | https://openalex.org/keywords/engineering | https://openalex.org/keywords/industrial-organization | https://openalex.org/keywords/product | https://openalex.org/keywords/automotive-engine | https://openalex.org/keywords/original-equipment-manufacturer | https://openalex.org/keywords/focus | https://openalex.org/keywords/radar | https://openalex.org/keywords/radiator | https://openalex.org/keywords/machining,7.54481 | 1.66184 | 1.60058 | 0.513672 | 0.412471 | 0.400886 | 0.357937 | 0.309343 | 0.269379 | 0.231198 | 0.213138 | 0.17518 | 0.163872 | 0.159051 | 0.147276,True,269,204,17,48,Automotive industry / Manufacturing engineering / Palladium,待主题范围审阅,NMF关键词主题,待主题范围审阅,269
N0478,477,High-resolution transmission electron microscopy | Selected area diffraction | Chemical engineering | Specific surface area | Diffuse reflectance infrared fourier transform | Scanning electron microscope | Nanochemistry | Solvothermal synthesis | Melt spinning | Sepiolite | Carbothermic reaction | Ostwald ripening | Diffuse reflection | BET theory | Lithium-ion battery,https://openalex.org/keywords/high-resolution-transmission-electron-microscopy | https://openalex.org/keywords/selected-area-diffraction | https://openalex.org/keywords/chemical-engineering | https://openalex.org/keywords/specific-surface-area | https://openalex.org/keywords/diffuse-reflectance-infrared-fourier-transform | https://openalex.org/keywords/scanning-electron-microscope | https://openalex.org/keywords/nanochemistry | https://openalex.org/keywords/solvothermal-synthesis | https://openalex.org/keywords/melt-spinning | https://openalex.org/keywords/sepiolite | https://openalex.org/keywords/carbothermic-reaction | https://openalex.org/keywords/ostwald-ripening | https://openalex.org/keywords/diffuse-reflection | https://openalex.org/keywords/bet-theory | https://openalex.org/keywords/lithium-ion-battery,8.61741 | 0.680647 | 0.31321 | 0.285469 | 0.20278 | 0.173435 | 0.137745 | 0.111041 | 0.106833 | 0.0906035 | 0.0791196 | 0.0755204 | 0.0739058 | 0.0694053 | 0.0646087,True,280,270,5,5,High-resolution transmission electron microscopy / Selected area diffraction / Chemical engineering,待主题范围审阅,NMF关键词主题,待主题范围审阅,279
N0479,478,Stoichiometry | Physical chemistry | Surface (topology) | Citric acid | Composition (language) | Crystallographic defect | Thermodynamics | Molar ratio | Oxidation state | Analytical Chemistry (journal) | Atomic layer deposition | Surface energy | Molar | Pulsed laser deposition | Soil water,https://openalex.org/keywords/stoichiometry | https://openalex.org/keywords/physical-chemistry | https://openalex.org/keywords/surface | https://openalex.org/keywords/citric-acid | https://openalex.org/keywords/composition | https://openalex.org/keywords/crystallographic-defect | https://openalex.org/keywords/thermodynamics | https://openalex.org/keywords/molar-ratio | https://openalex.org/keywords/oxidation-state | https://openalex.org/keywords/analytical-chemistry | https://openalex.org/keywords/atomic-layer-deposition | https://openalex.org/keywords/surface-energy | https://openalex.org/keywords/molar | https://openalex.org/keywords/pulsed-laser-deposition | https://openalex.org/keywords/soil-water,8.70807 | 0.81797 | 0.431179 | 0.333465 | 0.168107 | 0.151884 | 0.142829 | 0.115593 | 0.105674 | 0.10437 | 0.0987075 | 0.0876286 | 0.076762 | 0.0763377 | 0.0709896,True,220,192,9,19,Stoichiometry / Physical chemistry / Surface (topology),待主题范围审阅,NMF关键词主题,待主题范围审阅,220
N0480,479,Solid-state | Fast ion conductor | Solid solution | Quasi-solid | Lithium metal | Physical chemistry | Engineering physics | Nanopore | Sol-gel | Solid-state nuclear magnetic resonance | Polymer electrolytes | Voltage droop | Energy density | Fluoride | Surface (topology),https://openalex.org/keywords/solid-state | https://openalex.org/keywords/fast-ion-conductor | https://openalex.org/keywords/solid-solution | https://openalex.org/keywords/quasi-solid | https://openalex.org/keywords/lithium-metal | https://openalex.org/keywords/physical-chemistry | https://openalex.org/keywords/engineering-physics | https://openalex.org/keywords/nanopore | https://openalex.org/keywords/sol-gel | https://openalex.org/keywords/solid-state-nuclear-magnetic-resonance | https://openalex.org/keywords/polymer-electrolytes | https://openalex.org/keywords/voltage-droop | https://openalex.org/keywords/energy-density | https://openalex.org/keywords/fluoride | https://openalex.org/keywords/surface,7.97792 | 1.59616 | 0.946634 | 0.513192 | 0.484968 | 0.47332 | 0.371433 | 0.370239 | 0.269014 | 0.210429 | 0.150805 | 0.145977 | 0.130405 | 0.127692 | 0.120383,True,304,179,61,64,Solid-state / Fast ion conductor / Solid solution,待主题范围审阅,NMF关键词主题,待主题范围审阅,303
N0481,480,Flux (metallurgy) | Heat flux | Magnetic flux | Astrophysics | Permeation | Atmospheric sciences | Flux method | Proton | Neutron flux | Membrane distillation | Rope | Mass flux | High heat | Solar cycle | Heliostat,https://openalex.org/keywords/flux | https://openalex.org/keywords/heat-flux | https://openalex.org/keywords/magnetic-flux | https://openalex.org/keywords/astrophysics | https://openalex.org/keywords/permeation | https://openalex.org/keywords/atmospheric-sciences | https://openalex.org/keywords/flux-method | https://openalex.org/keywords/proton | https://openalex.org/keywords/neutron-flux | https://openalex.org/keywords/membrane-distillation | https://openalex.org/keywords/rope | https://openalex.org/keywords/mass-flux | https://openalex.org/keywords/high-heat | https://openalex.org/keywords/solar-cycle | https://openalex.org/keywords/heliostat,7.49505 | 1.9996 | 0.742493 | 0.510288 | 0.35705 | 0.271789 | 0.246537 | 0.241756 | 0.218962 | 0.198655 | 0.196351 | 0.181335 | 0.167427 | 0.161355 | 0.158304,True,297,247,19,31,Flux (metallurgy) / Heat flux / Magnetic flux,待主题范围审阅,NMF关键词主题,待主题范围审阅,296
N0482,481,Ab initio | Ab initio quantum chemistry methods | Molecular dynamics | Computational chemistry | Molecular physics | Physical chemistry | Solvation | Quantum mechanics | Surface (topology) | Type (biology) | Kinetic energy | Physics | ReaxFF | Ground state | Dynamics (music),https://openalex.org/keywords/ab-initio | https://openalex.org/keywords/ab-initio-quantum-chemistry-methods | https://openalex.org/keywords/molecular-dynamics | https://openalex.org/keywords/computational-chemistry | https://openalex.org/keywords/molecular-physics | https://openalex.org/keywords/physical-chemistry | https://openalex.org/keywords/solvation | https://openalex.org/keywords/quantum-mechanics | https://openalex.org/keywords/surface | https://openalex.org/keywords/type | https://openalex.org/keywords/kinetic-energy | https://openalex.org/keywords/physics | https://openalex.org/keywords/reaxff | https://openalex.org/keywords/ground-state | https://openalex.org/keywords/dynamics,6.50877 | 2.81816 | 2.46933 | 1.60901 | 0.506685 | 0.428509 | 0.26836 | 0.186089 | 0.168367 | 0.167518 | 0.166732 | 0.16537 | 0.162394 | 0.152908 | 0.148317,True,247,208,11,28,Ab initio / Ab initio quantum chemistry methods / Molecular dynamics,待主题范围审阅,NMF关键词主题,待主题范围审阅,246
N0483,482,Heteroatom | Waveform | Pseudocapacitance | Ring (chemistry) | Phosphide | Specific surface area | Melamine | Impulse (physics) | Limiting current | Polysulfide | Pyrrole | Graphyne | Electron paramagnetic resonance | Phasor | Surface engineering,https://openalex.org/keywords/heteroatom | https://openalex.org/keywords/waveform | https://openalex.org/keywords/pseudocapacitance | https://openalex.org/keywords/ring | https://openalex.org/keywords/phosphide | https://openalex.org/keywords/specific-surface-area | https://openalex.org/keywords/melamine | https://openalex.org/keywords/impulse | https://openalex.org/keywords/limiting-current | https://openalex.org/keywords/polysulfide | https://openalex.org/keywords/pyrrole | https://openalex.org/keywords/graphyne | https://openalex.org/keywords/electron-paramagnetic-resonance | https://openalex.org/keywords/phasor | https://openalex.org/keywords/surface-engineering,8.6101 | 1.01715 | 0.940903 | 0.320331 | 0.193476 | 0.118596 | 0.116608 | 0.109097 | 0.101027 | 0.0935428 | 0.0930668 | 0.0880678 | 0.0851258 | 0.0839531 | 0.0829589,True,222,179,19,24,Heteroatom / Waveform / Pseudocapacitance,待主题范围审阅,NMF关键词主题,待主题范围审阅,220
N0484,483,Dual (grammatical number) | Point (geometry) | Permeation | Control reconfiguration | Kinetic energy | Tracking (education) | Dual mode | Multi-band device | Clutch | Dual loop | Wilkinson power divider | Port (circuit theory) | Bridge (graph theory) | Variable (mathematics) | Tracking system,https://openalex.org/keywords/dual | https://openalex.org/keywords/point | https://openalex.org/keywords/permeation | https://openalex.org/keywords/control-reconfiguration | https://openalex.org/keywords/kinetic-energy | https://openalex.org/keywords/tracking | https://openalex.org/keywords/dual-mode | https://openalex.org/keywords/multi-band-device | https://openalex.org/keywords/clutch | https://openalex.org/keywords/dual-loop | https://openalex.org/keywords/wilkinson-power-divider | https://openalex.org/keywords/port | https://openalex.org/keywords/bridge | https://openalex.org/keywords/variable | https://openalex.org/keywords/tracking-system,7.01492 | 1.38438 | 0.721503 | 0.717108 | 0.620884 | 0.550257 | 0.379186 | 0.331058 | 0.239348 | 0.161703 | 0.13477 | 0.134259 | 0.13418 | 0.133859 | 0.131345,True,453,200,114,139,Dual (grammatical number) / Point (geometry) / Permeation,待主题范围审阅,NMF关键词主题,待主题范围审阅,453
N0485,484,Laser | Optics | Lasing threshold | Pulsed laser deposition | Laser ablation | Femtosecond | Proton | Ultrashort pulse | Photonics | Wavelength | Picosecond | Nanosecond | Excimer laser | Laser power scaling | Interferometry,https://openalex.org/keywords/laser | https://openalex.org/keywords/optics | https://openalex.org/keywords/lasing-threshold | https://openalex.org/keywords/pulsed-laser-deposition | https://openalex.org/keywords/laser-ablation | https://openalex.org/keywords/femtosecond | https://openalex.org/keywords/proton | https://openalex.org/keywords/ultrashort-pulse | https://openalex.org/keywords/photonics | https://openalex.org/keywords/wavelength | https://openalex.org/keywords/picosecond | https://openalex.org/keywords/nanosecond | https://openalex.org/keywords/excimer-laser | https://openalex.org/keywords/laser-power-scaling | https://openalex.org/keywords/interferometry,7.50479 | 1.84046 | 1.10489 | 0.868913 | 0.647171 | 0.614339 | 0.546804 | 0.513345 | 0.460514 | 0.386882 | 0.377641 | 0.374078 | 0.288965 | 0.271685 | 0.259155,True,322,260,22,40,Laser / Optics / Lasing threshold,待主题范围审阅,NMF关键词主题,待主题范围审阅,318
N0486,485,Alkali metal | Inorganic chemistry | Chemistry | Potassium | Alkaline earth metal | Organic chemistry | Chlorine | Iodide | Sodium hydroxide | XANES | Formaldehyde | Phosphate | Melting point | Caesium | Aluminosilicate,https://openalex.org/keywords/alkali-metal | https://openalex.org/keywords/inorganic-chemistry | https://openalex.org/keywords/chemistry | https://openalex.org/keywords/potassium | https://openalex.org/keywords/alkaline-earth-metal | https://openalex.org/keywords/organic-chemistry | https://openalex.org/keywords/chlorine | https://openalex.org/keywords/iodide | https://openalex.org/keywords/sodium-hydroxide | https://openalex.org/keywords/xanes | https://openalex.org/keywords/formaldehyde | https://openalex.org/keywords/phosphate | https://openalex.org/keywords/melting-point | https://openalex.org/keywords/caesium | https://openalex.org/keywords/aluminosilicate,7.62589 | 1.50065 | 1.18395 | 1.06853 | 0.932886 | 0.240341 | 0.215846 | 0.208848 | 0.182874 | 0.167176 | 0.144023 | 0.133771 | 0.118075 | 0.11519 | 0.110239,True,267,214,24,29,Alkali metal / Inorganic chemistry / Chemistry,待主题范围审阅,NMF关键词主题,待主题范围审阅,265
N0487,486,Freundlich equation | Langmuir | Langmuir adsorption model | Endothermic process | Enthalpy | Biosorption | Gibbs free energy | Chromium | Chromatography | Exothermic reaction | Organic chemistry | Inorganic chemistry | Isothermal process | Thermodynamics | Ionic strength,https://openalex.org/keywords/freundlich-equation | https://openalex.org/keywords/langmuir | https://openalex.org/keywords/langmuir-adsorption-model | https://openalex.org/keywords/endothermic-process | https://openalex.org/keywords/enthalpy | https://openalex.org/keywords/biosorption | https://openalex.org/keywords/gibbs-free-energy | https://openalex.org/keywords/chromium | https://openalex.org/keywords/chromatography | https://openalex.org/keywords/exothermic-reaction | https://openalex.org/keywords/organic-chemistry | https://openalex.org/keywords/inorganic-chemistry | https://openalex.org/keywords/isothermal-process | https://openalex.org/keywords/thermodynamics | https://openalex.org/keywords/ionic-strength,4.1862 | 3.95902 | 3.55018 | 1.7224 | 0.644446 | 0.59416 | 0.484962 | 0.410407 | 0.401782 | 0.355982 | 0.322758 | 0.284785 | 0.267573 | 0.266148 | 0.261039,True,259,238,7,14,Freundlich equation / Langmuir / Langmuir adsorption model,待主题范围审阅,NMF关键词主题,待主题范围审阅,259
N0488,487,Perspective (graphical) | Leakage (economics) | Engineering ethics | Artificial intelligence | Management science | Automation | Hydrogenase | Focus (optics) | Sociology | Carbon leakage | Epistemology | Point (geometry) | Resilience (materials science) | Action (physics) | Value (mathematics),https://openalex.org/keywords/perspective | https://openalex.org/keywords/leakage | https://openalex.org/keywords/engineering-ethics | https://openalex.org/keywords/artificial-intelligence | https://openalex.org/keywords/management-science | https://openalex.org/keywords/automation | https://openalex.org/keywords/hydrogenase | https://openalex.org/keywords/focus | https://openalex.org/keywords/sociology | https://openalex.org/keywords/carbon-leakage | https://openalex.org/keywords/epistemology | https://openalex.org/keywords/point | https://openalex.org/keywords/resilience | https://openalex.org/keywords/action | https://openalex.org/keywords/value,6.6694 | 1.77889 | 0.35647 | 0.256799 | 0.207096 | 0.206593 | 0.182742 | 0.181131 | 0.174954 | 0.155092 | 0.152815 | 0.137418 | 0.136568 | 0.134646 | 0.126408,True,305,189,48,68,Perspective (graphical) / Leakage (economics) / Engineering ethics,待主题范围审阅,NMF关键词主题,待主题范围审阅,305
N0489,488,Insulated-gate bipolar transistor | Power semiconductor device | Junction temperature | Bipolar junction transistor | MOSFET | Electrical engineering | Power module | Electronic engineering | Gate driver | Chip | Common emitter | Thermal resistance | Heat sink | Power MOSFET | Power cycling,https://openalex.org/keywords/insulated-gate-bipolar-transistor | https://openalex.org/keywords/power-semiconductor-device | https://openalex.org/keywords/junction-temperature | https://openalex.org/keywords/bipolar-junction-transistor | https://openalex.org/keywords/mosfet | https://openalex.org/keywords/electrical-engineering | https://openalex.org/keywords/power-module | https://openalex.org/keywords/electronic-engineering | https://openalex.org/keywords/gate-driver | https://openalex.org/keywords/chip | https://openalex.org/keywords/common-emitter | https://openalex.org/keywords/thermal-resistance | https://openalex.org/keywords/heat-sink | https://openalex.org/keywords/power-mosfet | https://openalex.org/keywords/power-cycling,6.34097 | 1.2398 | 1.16258 | 1.01851 | 0.939937 | 0.772416 | 0.462033 | 0.402076 | 0.314957 | 0.313837 | 0.308323 | 0.305916 | 0.305393 | 0.282221 | 0.280352,True,198,170,10,18,Insulated-gate bipolar transistor / Power semiconductor device / Junction temperature,待主题范围审阅,NMF关键词主题,待主题范围审阅,199
N0490,489,Lead (geology) | Lead–acid battery | Caesium | Lead sulfide | Lead oxide | Metallurgy | Inorganic chemistry | Chemistry | Image (mathematics) | Crown (dentistry) | Identity (music) | Piezoelectricity | Philosophy | Lead dioxide | Sulfide,https://openalex.org/keywords/lead | https://openalex.org/keywords/lead–acid-battery | https://openalex.org/keywords/caesium | https://openalex.org/keywords/lead-sulfide | https://openalex.org/keywords/lead-oxide | https://openalex.org/keywords/metallurgy | https://openalex.org/keywords/inorganic-chemistry | https://openalex.org/keywords/chemistry | https://openalex.org/keywords/image | https://openalex.org/keywords/crown | https://openalex.org/keywords/identity | https://openalex.org/keywords/piezoelectricity | https://openalex.org/keywords/philosophy | https://openalex.org/keywords/lead-dioxide | https://openalex.org/keywords/sulfide,6.67934 | 2.43999 | 0.265764 | 0.219888 | 0.219008 | 0.205727 | 0.178095 | 0.154761 | 0.133599 | 0.12751 | 0.125246 | 0.107181 | 0.102178 | 0.101613 | 0.100753,True,245,165,39,41,Lead (geology) / Lead–acid battery / Caesium,待主题范围审阅,NMF关键词主题,待主题范围审阅,243
N0491,490,Genetic algorithm | Specific surface area | Sorting | Multi-objective optimization | Crossover | Machine learning | Control reconfiguration | Evolutionary algorithm | Fitness function | Pareto principle | BET theory | Simulated annealing | Optimal design | Backup | Cascade,https://openalex.org/keywords/genetic-algorithm | https://openalex.org/keywords/specific-surface-area | https://openalex.org/keywords/sorting | https://openalex.org/keywords/multi-objective-optimization | https://openalex.org/keywords/crossover | https://openalex.org/keywords/machine-learning | https://openalex.org/keywords/control-reconfiguration | https://openalex.org/keywords/evolutionary-algorithm | https://openalex.org/keywords/fitness-function | https://openalex.org/keywords/pareto-principle | https://openalex.org/keywords/bet-theory | https://openalex.org/keywords/simulated-annealing | https://openalex.org/keywords/optimal-design | https://openalex.org/keywords/backup | https://openalex.org/keywords/cascade,8.17618 | 1.21401 | 0.779618 | 0.687022 | 0.611963 | 0.501874 | 0.344105 | 0.316043 | 0.276537 | 0.267124 | 0.244356 | 0.228814 | 0.206052 | 0.149332 | 0.136703,True,264,230,18,16,Genetic algorithm / Specific surface area / Sorting,待主题范围审阅,NMF关键词主题,待主题范围审阅,265
N0492,491,Function (biology) | Transfer function | Set (abstract data type) | Filter (signal processing) | Probability density function | Statistics | Basis (linear algebra) | Selection (genetic algorithm) | Exponential function | Minification | Mathematical analysis | Protocol (science) | Bellman equation | Operator (biology) | Quadratic equation,https://openalex.org/keywords/function | https://openalex.org/keywords/transfer-function | https://openalex.org/keywords/set | https://openalex.org/keywords/filter | https://openalex.org/keywords/probability-density-function | https://openalex.org/keywords/statistics | https://openalex.org/keywords/basis | https://openalex.org/keywords/selection | https://openalex.org/keywords/exponential-function | https://openalex.org/keywords/minification | https://openalex.org/keywords/mathematical-analysis | https://openalex.org/keywords/protocol | https://openalex.org/keywords/bellman-equation | https://openalex.org/keywords/operator | https://openalex.org/keywords/quadratic-equation,8.14687 | 0.446054 | 0.374279 | 0.254057 | 0.245711 | 0.216844 | 0.209666 | 0.177753 | 0.176283 | 0.165069 | 0.157315 | 0.146047 | 0.14206 | 0.132781 | 0.125743,True,295,242,15,38,Function (biology) / Transfer function / Set (abstract data type),待主题范围审阅,NMF关键词主题,待主题范围审阅,297
N0493,492,Sustainable development | Economic growth | Sustainable energy | Economic system | Low-carbon economy | Green economy | Natural resource | Environmental pollution | Green growth | Sustainable transport | Copper indium gallium selenide solar cells | Ecological footprint | Per capita | Developing country | Economy,https://openalex.org/keywords/sustainable-development | https://openalex.org/keywords/economic-growth | https://openalex.org/keywords/sustainable-energy | https://openalex.org/keywords/economic-system | https://openalex.org/keywords/low-carbon-economy | https://openalex.org/keywords/green-economy | https://openalex.org/keywords/natural-resource | https://openalex.org/keywords/environmental-pollution | https://openalex.org/keywords/green-growth | https://openalex.org/keywords/sustainable-transport | https://openalex.org/keywords/copper-indium-gallium-selenide-solar-cells | https://openalex.org/keywords/ecological-footprint | https://openalex.org/keywords/per-capita | https://openalex.org/keywords/developing-country | https://openalex.org/keywords/economy,8.00422 | 0.765256 | 0.708088 | 0.472842 | 0.378244 | 0.374389 | 0.276998 | 0.276177 | 0.254556 | 0.246836 | 0.215052 | 0.190877 | 0.183127 | 0.178722 | 0.14749,True,441,273,52,116,Sustainable development / Economic growth / Sustainable energy,待主题范围审阅,NMF关键词主题,待主题范围审阅,437
N0494,493,Impeller | Centrifugal pump | Instability | Volute | Specific speed | Mechanics | Inlet | Head (geology) | Mechanical engineering | Rotodynamic pump | Slip factor | Blade (archaeology) | Internal flow | Suction | Progressive cavity pump,https://openalex.org/keywords/impeller | https://openalex.org/keywords/centrifugal-pump | https://openalex.org/keywords/instability | https://openalex.org/keywords/volute | https://openalex.org/keywords/specific-speed | https://openalex.org/keywords/mechanics | https://openalex.org/keywords/inlet | https://openalex.org/keywords/head | https://openalex.org/keywords/mechanical-engineering | https://openalex.org/keywords/rotodynamic-pump | https://openalex.org/keywords/slip-factor | https://openalex.org/keywords/blade | https://openalex.org/keywords/internal-flow | https://openalex.org/keywords/suction | https://openalex.org/keywords/progressive-cavity-pump,4.47944 | 3.42101 | 2.00282 | 1.48904 | 1.17178 | 0.805722 | 0.711246 | 0.662099 | 0.636851 | 0.630572 | 0.612712 | 0.595276 | 0.539351 | 0.498809 | 0.391283,True,285,221,22,42,Impeller / Centrifugal pump / Instability,待主题范围审阅,NMF关键词主题,待主题范围审阅,282
N0495,494,Psychology | Perception | Social psychology | Sociology | Mathematics education | Tracking (education) | Dynamics (music) | Affect (linguistics) | Adaptation (eye) | Public relations | Pedagogy | History | Selection (genetic algorithm) | Neuroscience | Cognition,https://openalex.org/keywords/psychology | https://openalex.org/keywords/perception | https://openalex.org/keywords/social-psychology | https://openalex.org/keywords/sociology | https://openalex.org/keywords/mathematics-education | https://openalex.org/keywords/tracking | https://openalex.org/keywords/dynamics | https://openalex.org/keywords/affect | https://openalex.org/keywords/adaptation | https://openalex.org/keywords/public-relations | https://openalex.org/keywords/pedagogy | https://openalex.org/keywords/history | https://openalex.org/keywords/selection | https://openalex.org/keywords/neuroscience | https://openalex.org/keywords/cognition,6.30418 | 1.14271 | 1.03816 | 0.883105 | 0.767617 | 0.396765 | 0.377173 | 0.356692 | 0.351238 | 0.334316 | 0.314809 | 0.291412 | 0.28383 | 0.281144 | 0.280893,True,313,224,48,41,Psychology / Perception / Social psychology,待主题范围审阅,NMF关键词主题,待主题范围审阅,312
N0496,495,Component (thermodynamics) | Oxidizing agent | Principal component analysis | Measure (data warehouse) | Thermodynamics | Architecture | Set (abstract data type) | Hydrogen peroxide | Energy security | Electronic component | Binary number | Focus (optics) | Driving cycle | Principal (computer security) | Balance (ability),https://openalex.org/keywords/component | https://openalex.org/keywords/oxidizing-agent | https://openalex.org/keywords/principal-component-analysis | https://openalex.org/keywords/measure | https://openalex.org/keywords/thermodynamics | https://openalex.org/keywords/architecture | https://openalex.org/keywords/set | https://openalex.org/keywords/hydrogen-peroxide | https://openalex.org/keywords/energy-security | https://openalex.org/keywords/electronic-component | https://openalex.org/keywords/binary-number | https://openalex.org/keywords/focus | https://openalex.org/keywords/driving-cycle | https://openalex.org/keywords/principal | https://openalex.org/keywords/balance,7.39317 | 1.29597 | 0.322351 | 0.161164 | 0.160092 | 0.137453 | 0.113053 | 0.108212 | 0.105834 | 0.100033 | 0.0979216 | 0.0950421 | 0.0885374 | 0.0861705 | 0.0855546,True,297,213,24,60,Component (thermodynamics) / Oxidizing agent / Principal component analysis,待主题范围审阅,NMF关键词主题,待主题范围审阅,297
N0497,496,Intermetallic | Nanomaterial-based catalyst | Payback period | Laves phase | Titanium alloy | Nial | Titanium aluminide | Aluminide | Exothermic reaction | Amine gas treating | Niobium | Oxygen reduction reaction | Ball mill | Electron microprobe | Composite material,https://openalex.org/keywords/intermetallic | https://openalex.org/keywords/nanomaterial-based-catalyst | https://openalex.org/keywords/payback-period | https://openalex.org/keywords/laves-phase | https://openalex.org/keywords/titanium-alloy | https://openalex.org/keywords/nial | https://openalex.org/keywords/titanium-aluminide | https://openalex.org/keywords/aluminide | https://openalex.org/keywords/exothermic-reaction | https://openalex.org/keywords/amine-gas-treating | https://openalex.org/keywords/niobium | https://openalex.org/keywords/oxygen-reduction-reaction | https://openalex.org/keywords/ball-mill | https://openalex.org/keywords/electron-microprobe | https://openalex.org/keywords/composite-material,7.41994 | 0.612213 | 0.453562 | 0.257109 | 0.24451 | 0.242496 | 0.23924 | 0.204405 | 0.144877 | 0.134245 | 0.130057 | 0.118885 | 0.113687 | 0.113455 | 0.103369,True,225,187,13,25,Intermetallic / Nanomaterial-based catalyst / Payback period,待主题范围审阅,NMF关键词主题,待主题范围审阅,224
N0498,497,Unit (ring theory) | Mathematics | Power system simulation | Power unit | Auxiliary power unit | Control unit | Groundwater | Variable (mathematics) | Wavelet | Mathematics education | Mechanical engineering | Waste management | Thermal conduction | Unit cost | Operating system,https://openalex.org/keywords/unit | https://openalex.org/keywords/mathematics | https://openalex.org/keywords/power-system-simulation | https://openalex.org/keywords/power-unit | https://openalex.org/keywords/auxiliary-power-unit | https://openalex.org/keywords/control-unit | https://openalex.org/keywords/groundwater | https://openalex.org/keywords/variable | https://openalex.org/keywords/wavelet | https://openalex.org/keywords/mathematics-education | https://openalex.org/keywords/mechanical-engineering | https://openalex.org/keywords/waste-management | https://openalex.org/keywords/thermal-conduction | https://openalex.org/keywords/unit-cost | https://openalex.org/keywords/operating-system,7.26046 | 0.923231 | 0.908347 | 0.253316 | 0.232866 | 0.198313 | 0.158042 | 0.142403 | 0.14041 | 0.138699 | 0.13479 | 0.116472 | 0.116033 | 0.115466 | 0.110215,True,206,167,17,22,Unit (ring theory) / Mathematics / Power system simulation,待主题范围审阅,NMF关键词主题,待主题范围审阅,205
N0499,498,Wake | Hydrogen peroxide | Thrust | Aerospace engineering | Wake turbulence | Propeller | Inflow | Vortex | Propulsion | Wind tunnel | Wind profile power law | Lidar | Boundary layer | Large eddy simulation | Reynolds-averaged Navier–Stokes equations,https://openalex.org/keywords/wake | https://openalex.org/keywords/hydrogen-peroxide | https://openalex.org/keywords/thrust | https://openalex.org/keywords/aerospace-engineering | https://openalex.org/keywords/wake-turbulence | https://openalex.org/keywords/propeller | https://openalex.org/keywords/inflow | https://openalex.org/keywords/vortex | https://openalex.org/keywords/propulsion | https://openalex.org/keywords/wind-tunnel | https://openalex.org/keywords/wind-profile-power-law | https://openalex.org/keywords/lidar | https://openalex.org/keywords/boundary-layer | https://openalex.org/keywords/large-eddy-simulation | https://openalex.org/keywords/reynolds-averaged-navier–stokes-equations,6.01029 | 2.73475 | 0.71946 | 0.703507 | 0.630044 | 0.610838 | 0.519074 | 0.448632 | 0.337659 | 0.335265 | 0.286242 | 0.270891 | 0.254695 | 0.241705 | 0.238417,True,327,256,33,38,Wake / Hydrogen peroxide / Thrust,待主题范围审阅,NMF关键词主题,待主题范围审阅,329
N0500,499,Thiophene | Moiety | Polythiophene | Excitation | Triphenylamine | Polymer chemistry | Electrochromism | Organic chemistry | Photochemistry | Furan | Ring (chemistry) | Intramolecular force | Absorption spectroscopy | Electron mobility | Phenylene,https://openalex.org/keywords/thiophene | https://openalex.org/keywords/moiety | https://openalex.org/keywords/polythiophene | https://openalex.org/keywords/excitation | https://openalex.org/keywords/triphenylamine | https://openalex.org/keywords/polymer-chemistry | https://openalex.org/keywords/electrochromism | https://openalex.org/keywords/organic-chemistry | https://openalex.org/keywords/photochemistry | https://openalex.org/keywords/furan | https://openalex.org/keywords/ring | https://openalex.org/keywords/intramolecular-force | https://openalex.org/keywords/absorption-spectroscopy | https://openalex.org/keywords/electron-mobility | https://openalex.org/keywords/phenylene,7.58285 | 0.881748 | 0.811048 | 0.642798 | 0.559881 | 0.517567 | 0.495516 | 0.438589 | 0.417671 | 0.374394 | 0.346355 | 0.265306 | 0.243718 | 0.22641 | 0.225583,True,253,231,14,8,Thiophene / Moiety / Polythiophene,待主题范围审阅,NMF关键词主题,待主题范围审阅,253
