baseline_category_id,baseline_category_name,category_id,category_name,quarantine_code,quarantine_reason,documents
,原无研究类别,,,Q.UNUSABLE,原始文本不可用,2391
C0001,电池与充电设施热管理,C0060,超级电容器电极与器件,,,1
C0001,电池与充电设施热管理,C0412,质子交换膜燃料电池运行与建模,,,1
C0001,电池与充电设施热管理,C0487,电池冷却与散热,,,1381
C0001,电池与充电设施热管理,C0488,电池低温预热,,,16
C0001,电池与充电设施热管理,C0491,电池电极涂布与辊压,,,1
C0001,电池与充电设施热管理,C0503,充电设施散热,,,11
C0001,电池与充电设施热管理,C0511,电池装配工装与制造设备,,,10
C0001,电池与充电设施热管理,C0519,电池隔膜制备与改性,,,11
C0001,电池与充电设施热管理,C0591,电池等效电路与参数辨识,,,1
C0001,电池与充电设施热管理,C0641,电池盖板、端子与密封结构,,,3
C0001,电池与充电设施热管理,C0657,电池单体均衡控制,,,6
C0001,电池与充电设施热管理,C0683,电池火灾抑制与灭火,,,32
C0001,电池与充电设施热管理,C0684,电池热失控与传播,,,143
C0001,电池与充电设施热管理,C0699,电池模组与电池包装配结构,,,23
C0001,电池与充电设施热管理,,,Q.EDITORIAL,封面、索引、勘误等非研究正文,2
C0002,功能传感材料与电化学检测,C0500,压电能量采集,,,9
C0002,功能传感材料与电化学检测,C0501,钠电池电解液与界面,,,1
C0002,功能传感材料与电化学检测,C0510,光催化二氧化碳还原,,,1
C0002,功能传感材料与电化学检测,C0533,氮化镓功率与结器件,,,1
C0002,功能传感材料与电化学检测,C0537,其他材料光催化污染物降解,,,2
C0002,功能传感材料与电化学检测,C0555,锌空气电池,,,1
C0002,功能传感材料与电化学检测,C0586,小分子有机太阳能电池,,,1
C0002,功能传感材料与电化学检测,C0602,摩擦纳米发电机,,,80
C0002,功能传感材料与电化学检测,,,Q.EDITORIAL,封面、索引、勘误等非研究正文,3
C0003,电力电子控制与频率调节,C0060,超级电容器电极与器件,,,4
C0003,电力电子控制与频率调节,C0154,无线电能传输电路与系统,,,1
C0003,电力电子控制与频率调节,C0246,虚拟电厂资源聚合与调度,,,1
C0003,电力电子控制与频率调节,C0386,感应电机运行控制与性能,,,8
C0003,电力电子控制与频率调节,C0408,配电网重构与优化运行,,,1
C0003,电力电子控制与频率调节,C0412,质子交换膜燃料电池运行与建模,,,1
C0003,电力电子控制与频率调节,C0499,电磁能量采集,,,1
C0003,电力电子控制与频率调节,C0504,电动汽车充电并网影响,,,1
C0003,电力电子控制与频率调节,C0512,无线充电器与装置,,,1
C0003,电力电子控制与频率调节,C0517,配电网需求响应与柔性调度,,,4
C0003,电力电子控制与频率调节,C0525,储能容量配置与选址,,,1
C0003,电力电子控制与频率调节,C0535,燃料电池供气与空压控制,,,1
C0003,电力电子控制与频率调节,C0539,配电网谐波与电能质量治理,,,3
C0003,电力电子控制与频率调节,C0540,配电网电压无功优化,,,4
C0003,电力电子控制与频率调节,C0542,光伏组件故障与缺陷检测,,,1
C0003,电力电子控制与频率调节,C0552,微电网能量管理与经济调度,,,2
C0003,电力电子控制与频率调节,C0581,微电网下垂控制与功率分配,,,2
C0003,电力电子控制与频率调节,C0582,微电网孤岛切换与动态控制,,,16
C0003,电力电子控制与频率调节,C0613,电力系统可靠性评估,,,1
C0003,电力电子控制与频率调节,C0626,屋顶与分布式光伏部署,,,1
C0003,电力电子控制与频率调节,C0636,综合能源系统优化调度,,,2
C0003,电力电子控制与频率调节,C0638,电压检测与测量电路,,,1
C0003,电力电子控制与频率调节,C0645,电机驱动PWM与谐波控制,,,1
C0003,电力电子控制与频率调节,C0652,核裂变反应堆工程,,,1
C0003,电力电子控制与频率调节,C0654,能源电力教学实验平台,,,1
C0003,电力电子控制与频率调节,C0657,电池单体均衡控制,,,1
C0003,电力电子控制与频率调节,C0667,电网频率控制,,,274
C0003,电力电子控制与频率调节,C0686,电网灾害韧性与恢复,,,8
C0003,电力电子控制与频率调节,C0700,永磁同步电机控制,,,14
C0003,电力电子控制与频率调节,C0710,水电站运行调度,,,1
C0003,电力电子控制与频率调节,C0711,水轮机性能与设计,,,2
C0003,电力电子控制与频率调节,C0736,电力系统暂态稳定,,,42
C0003,电力电子控制与频率调节,C0737,电力系统电压稳定,,,7
C0003,电力电子控制与频率调节,C0741,电网状态估计与相量测量,,,1
C0003,电力电子控制与频率调节,C0746,功率因数校正电路与控制,,,7
C0004,风能开发与风电技术经济,C0489,海上风电开发与技术经济,,,256
C0004,风能开发与风电技术经济,C0490,风能资源评估与选址,,,1626
C0004,风能开发与风电技术经济,C0502,潮汐与潮流能开发,,,13
C0004,风能开发与风电技术经济,C0506,石油价格与市场经济,,,1
C0004,风能开发与风电技术经济,C0515,膜法海水淡化,,,2
C0004,风能开发与风电技术经济,C0524,储能运行调度与收益,,,2
C0004,风能开发与风电技术经济,C0534,氢能技术经济与生命周期,,,4
C0004,风能开发与风电技术经济,C0541,光伏组件退化与寿命,,,1
C0004,风能开发与风电技术经济,C0551,燃气轮机热力性能,,,1
C0004,风能开发与风电技术经济,C0564,波浪能转换装置,,,14
C0004,风能开发与风电技术经济,C0614,电晕放电与电晕损耗,,,1
C0004,风能开发与风电技术经济,C0624,农光互补与农光协同,,,1
C0004,风能开发与风电技术经济,C0642,绿色金融与能源投资,,,1
C0004,风能开发与风电技术经济,C0656,动力电池梯次利用,,,1
C0004,风能开发与风电技术经济,C0672,漂浮式海上风电平台,,,51
C0004,风能开发与风电技术经济,C0675,风电出力预测,,,45
C0004,风能开发与风电技术经济,C0676,风速预测,,,16
C0004,风能开发与风电技术经济,C0713,电价预测,,,1
C0004,风能开发与风电技术经济,C0726,风机状态监测与预测性维护,,,3
C0004,风能开发与风电技术经济,,,Q.EDITORIAL,封面、索引、勘误等非研究正文,4
C0005,钙钛矿氧化物电催化,C0493,光催化制氢,,,5
C0005,钙钛矿氧化物电催化,C0501,钠电池电解液与界面,,,2
C0005,钙钛矿氧化物电催化,C0530,钙钛矿电池界面、钝化与传输层,,,10
C0005,钙钛矿氧化物电催化,C0537,其他材料光催化污染物降解,,,1
C0005,钙钛矿氧化物电催化,C0555,锌空气电池,,,24
C0005,钙钛矿氧化物电催化,C0560,二氧化碳水合物形成与分离,,,1
C0005,钙钛矿氧化物电催化,C0565,二氧化碳干重整制合成气,,,6
C0005,钙钛矿氧化物电催化,C0566,蒸汽重整制氢与合成气,,,3
C0005,钙钛矿氧化物电催化,C0576,碱性水电解制氢,,,2
C0005,钙钛矿氧化物电催化,C0577,质子交换膜水电解制氢,,,1
C0005,钙钛矿氧化物电催化,C0634,二氧化碳催化加氢与甲烷化,,,2
C0005,钙钛矿氧化物电催化,C0671,二氧化碳固体吸附捕集,,,1
C0005,钙钛矿氧化物电催化,C0678,聚光太阳能热发电,,,1
C0005,钙钛矿氧化物电催化,C0714,层状及富镍锂电正极材料,,,1
C0005,钙钛矿氧化物电催化,C0727,钠离子电池负极材料,,,1
C0005,钙钛矿氧化物电催化,C0742,氮气电还原制氨,,,1
C0005,钙钛矿氧化物电催化,C0743,硝酸盐电还原制氨,,,2
C0005,钙钛矿氧化物电催化,C0745,热化学储热系统,,,3
C0005,钙钛矿氧化物电催化,,,Q.EDITORIAL,封面、索引、勘误等非研究正文,7
C0006,电网建设与供电服务政策,C0522,销售电价与用户电费政策,,,1
C0006,电网建设与供电服务政策,C0528,可再生能源补贴机制,,,4
C0006,电网建设与供电服务政策,C0626,屋顶与分布式光伏部署,,,2
C0006,电网建设与供电服务政策,C0691,充电基础设施建设政策,,,12
C0006,电网建设与供电服务政策,C0718,配电网规划与容量配置,,,3
C0007,层状电池正极与离子导体,C0060,超级电容器电极与器件,,,15
C0007,层状电池正极与离子导体,C0122,热电材料与热电性能优化,,,1
C0007,层状电池正极与离子导体,C0191,固态储氢材料与反应器,,,2
C0007,层状电池正极与离子导体,C0257,固体氧化物燃料电池,,,15
C0007,层状电池正极与离子导体,C0259,锂硫电池正极与多硫化物调控,,,92
C0007,层状电池正极与离子导体,C0336,硅碳负极材料与制备,,,20
C0007,层状电池正极与离子导体,C0387,有机发光二极管与发光材料,,,1
C0007,层状电池正极与离子导体,C0417,固体氧化物电解池与可逆电化学单元,,,2
C0007,层状电池正极与离子导体,C0441,二次电池电解液添加剂与配方,,,9
C0007,层状电池正极与离子导体,C0487,电池冷却与散热,,,4
C0007,层状电池正极与离子导体,C0501,钠电池电解液与界面,,,2
C0007,层状电池正极与离子导体,C0518,电池电极粘结剂,,,32
C0007,层状电池正极与离子导体,C0519,电池隔膜制备与改性,,,8
C0007,层状电池正极与离子导体,C0520,凝胶聚合物锂电解质,,,3
C0007,层状电池正极与离子导体,C0521,固态聚合物锂电解质,,,10
C0007,层状电池正极与离子导体,C0537,其他材料光催化污染物降解,,,1
C0007,层状电池正极与离子导体,C0556,水系锌离子电池,,,22
C0007,层状电池正极与离子导体,C0598,锂资源提取与分离,,,5
C0007,层状电池正极与离子导体,C0602,摩擦纳米发电机,,,1
C0007,层状电池正极与离子导体,C0604,电池老化实验与循环寿命,,,6
C0007,层状电池正极与离子导体,C0616,锂金属负极界面稳定与枝晶抑制,,,41
C0007,层状电池正极与离子导体,C0648,锂电石墨负极,,,1
C0007,层状电池正极与离子导体,C0660,废旧电池湿法回收,,,1
C0007,层状电池正极与离子导体,C0673,硫化物固态电解质,,,7
C0007,层状电池正极与离子导体,C0683,电池火灾抑制与灭火,,,1
C0007,层状电池正极与离子导体,C0684,电池热失控与传播,,,5
C0007,层状电池正极与离子导体,C0697,钾离子电池,,,2
C0007,层状电池正极与离子导体,C0714,层状及富镍锂电正极材料,,,329
C0007,层状电池正极与离子导体,C0715,锂电磷酸盐正极材料,,,483
C0007,层状电池正极与离子导体,C0727,钠离子电池负极材料,,,29
C0007,层状电池正极与离子导体,C0728,钠离子电池正极材料,,,184
C0007,层状电池正极与离子导体,C0745,热化学储热系统,,,1
C0007,层状电池正极与离子导体,,,Q.EDITORIAL,封面、索引、勘误等非研究正文,15
C0008,电极涂布与通用成形加工,C0060,超级电容器电极与器件,,,2
C0008,电极涂布与通用成形加工,C0491,电池电极涂布与辊压,,,6
C0008,电极涂布与通用成形加工,C0496,集成电路与功率模块封装,,,1
C0008,电极涂布与通用成形加工,C0500,压电能量采集,,,1
C0008,电极涂布与通用成形加工,C0519,电池隔膜制备与改性,,,1
C0008,电极涂布与通用成形加工,C0571,光伏电池与组件制造工艺,,,1
C0008,电极涂布与通用成形加工,C0579,电机转子结构与制造,,,2
C0008,电极涂布与通用成形加工,C0580,电机定子结构与制造,,,6
C0008,电极涂布与通用成形加工,C0585,有机光伏印刷与规模制造,,,1
C0008,电极涂布与通用成形加工,C0641,电池盖板、端子与密封结构,,,1
C0008,电极涂布与通用成形加工,C0648,锂电石墨负极,,,12
C0008,电极涂布与通用成形加工,,,Q.EDITORIAL,封面、索引、勘误等非研究正文,4
C0009,二氧化碳电还原催化,C0493,光催化制氢,,,3
C0009,二氧化碳电还原催化,C0501,钠电池电解液与界面,,,1
C0009,二氧化碳电还原催化,C0510,光催化二氧化碳还原,,,28
C0009,二氧化碳电还原催化,C0537,其他材料光催化污染物降解,,,2
C0009,二氧化碳电还原催化,C0556,水系锌离子电池,,,2
C0009,二氧化碳电还原催化,C0565,二氧化碳干重整制合成气,,,9
C0009,二氧化碳电还原催化,C0566,蒸汽重整制氢与合成气,,,1
C0009,二氧化碳电还原催化,C0576,碱性水电解制氢,,,6
C0009,二氧化碳电还原催化,C0577,质子交换膜水电解制氢,,,1
C0009,二氧化碳电还原催化,C0600,直接空气捕碳,,,1
C0009,二氧化碳电还原催化,C0634,二氧化碳催化加氢与甲烷化,,,158
C0009,二氧化碳电还原催化,C0670,二氧化碳溶剂吸收捕集,,,7
C0009,二氧化碳电还原催化,C0671,二氧化碳固体吸附捕集,,,146
C0009,二氧化碳电还原催化,C0687,染料敏化电池对电极,,,2
C0009,二氧化碳电还原催化,C0694,稀土元素提取分离,,,1
C0009,二氧化碳电还原催化,C0714,层状及富镍锂电正极材料,,,3
C0009,二氧化碳电还原催化,C0728,钠离子电池正极材料,,,3
C0009,二氧化碳电还原催化,C0742,氮气电还原制氨,,,1
C0009,二氧化碳电还原催化,C0743,硝酸盐电还原制氨,,,3
C0009,二氧化碳电还原催化,,,Q.EDITORIAL,封面、索引、勘误等非研究正文,60
C0010,土壤碳过程与土壤改良,C0129,生物质与污泥厌氧消化产气,,,3
C0010,土壤碳过程与土壤改良,C0513,天然气水合物生成与分解,,,1
C0010,土壤碳过程与土壤改良,C0527,碳税与环境税费,,,1
C0010,土壤碳过程与土壤改良,C0541,光伏组件退化与寿命,,,1
C0010,土壤碳过程与土壤改良,C0569,餐厨垃圾或污泥厌氧消化,,,1
C0010,土壤碳过程与土壤改良,C0570,畜禽粪便与农业残余厌氧消化,,,1
C0010,土壤碳过程与土壤改良,C0588,电网接地与地网安全,,,9
C0010,土壤碳过程与土壤改良,C0619,生物炭土壤改良,,,165
C0010,土壤碳过程与土壤改良,C0624,农光互补与农光协同,,,4
C0010,土壤碳过程与土壤改良,C0651,地源热泵与地埋换热器,,,5
C0010,土壤碳过程与土壤改良,C0671,二氧化碳固体吸附捕集,,,3
C0010,土壤碳过程与土壤改良,C0674,森林资源经营与碳汇,,,22
C0010,土壤碳过程与土壤改良,C0695,铀钍提取与分离,,,1
C0010,土壤碳过程与土壤改良,C0719,气候变化适应与风险,,,1
C0010,土壤碳过程与土壤改良,C0738,木材加工与干燥,,,1
C0010,土壤碳过程与土壤改良,,,Q.EDITORIAL,封面、索引、勘误等非研究正文,3
C0011,光催化与光生物制氢,C0009,二氧化碳电还原催化,,,2
C0011,光催化与光生物制氢,C0155,电解水析氧催化,,,16
C0011,光催化与光生物制氢,C0191,固态储氢材料与反应器,,,5
C0011,光催化与光生物制氢,C0226,过硫酸盐活化与高级氧化,,,1
C0011,光催化与光生物制氢,C0233,半导体光电化学水分解,,,393
C0011,光催化与光生物制氢,C0254,电催化析氢与界面调控,,,107
C0011,光催化与光生物制氢,C0278,整体电催化水分解,,,1
C0011,光催化与光生物制氢,C0492,光生物制氢,,,44
C0011,光催化与光生物制氢,C0493,光催化制氢,,,6569
C0011,光催化与光生物制氢,C0498,生物能源生命周期与可持续性,,,2
C0011,光催化与光生物制氢,C0510,光催化二氧化碳还原,,,141
C0011,光催化与光生物制氢,C0526,厌氧发酵生物制氢,,,4
C0011,光催化与光生物制氢,C0534,氢能技术经济与生命周期,,,1
C0011,光催化与光生物制氢,C0537,其他材料光催化污染物降解,,,78
C0011,光催化与光生物制氢,C0557,TiO₂光催化污染物降解,,,4
C0011,光催化与光生物制氢,C0565,二氧化碳干重整制合成气,,,1
C0011,光催化与光生物制氢,C0566,蒸汽重整制氢与合成气,,,6
C0011,光催化与光生物制氢,C0586,小分子有机太阳能电池,,,2
C0011,光催化与光生物制氢,C0603,ZnO光催化污染物降解,,,2
C0011,光催化与光生物制氢,C0618,木质纤维素预处理,,,1
C0011,光催化与光生物制氢,C0623,氢能供应链与基础设施规划,,,1
C0011,光催化与光生物制氢,C0634,二氧化碳催化加氢与甲烷化,,,75
C0011,光催化与光生物制氢,C0671,二氧化碳固体吸附捕集,,,2
C0011,光催化与光生物制氢,C0689,染料敏化电池敏化剂,,,1
C0011,光催化与光生物制氢,C0695,铀钍提取与分离,,,2
C0011,光催化与光生物制氢,C0725,废塑料回收与转化,,,1
C0011,光催化与光生物制氢,C0743,硝酸盐电还原制氨,,,1
C0011,光催化与光生物制氢,,,Q.EDITORIAL,封面、索引、勘误等非研究正文,32
C0012,聚合物介电绝缘与储能,C0060,超级电容器电极与器件,,,93
C0012,聚合物介电绝缘与储能,C0122,热电材料与热电性能优化,,,13
C0012,聚合物介电绝缘与储能,C0257,固体氧化物燃料电池,,,2
C0012,聚合物介电绝缘与储能,C0336,硅碳负极材料与制备,,,2
C0012,聚合物介电绝缘与储能,C0355,染料敏化太阳能电池材料与器件,,,19
C0012,聚合物介电绝缘与储能,C0387,有机发光二极管与发光材料,,,4
C0012,聚合物介电绝缘与储能,C0412,质子交换膜燃料电池运行与建模,,,7
C0012,聚合物介电绝缘与储能,C0417,固体氧化物电解池与可逆电化学单元,,,1
C0012,聚合物介电绝缘与储能,C0420,碳化硅功率半导体器件,,,1
C0012,聚合物介电绝缘与储能,C0494,聚合物介电储能,,,4
C0012,聚合物介电绝缘与储能,C0495,聚合物电气绝缘,,,28
C0012,聚合物介电绝缘与储能,C0501,钠电池电解液与界面,,,6
C0012,聚合物介电绝缘与储能,C0518,电池电极粘结剂,,,11
C0012,聚合物介电绝缘与储能,C0520,凝胶聚合物锂电解质,,,4
C0012,聚合物介电绝缘与储能,C0521,固态聚合物锂电解质,,,37
C0012,聚合物介电绝缘与储能,C0541,光伏组件退化与寿命,,,2
C0012,聚合物介电绝缘与储能,C0577,质子交换膜水电解制氢,,,1
C0012,聚合物介电绝缘与储能,C0584,聚合物有机太阳能电池,,,23
C0012,聚合物介电绝缘与储能,C0601,铜基热电材料,,,2
C0012,聚合物介电绝缘与储能,C0602,摩擦纳米发电机,,,66
C0012,聚合物介电绝缘与储能,C0614,电晕放电与电晕损耗,,,4
C0012,聚合物介电绝缘与储能,C0615,电气绝缘局部放电,,,13
C0012,聚合物介电绝缘与储能,C0638,电压检测与测量电路,,,1
C0012,聚合物介电绝缘与储能,C0647,电缆绝缘护套与导体结构,,,76
C0012,聚合物介电绝缘与储能,C0666,功率半导体器件,,,1
C0012,聚合物介电绝缘与储能,C0687,染料敏化电池对电极,,,3
C0012,聚合物介电绝缘与储能,C0714,层状及富镍锂电正极材料,,,9
C0012,聚合物介电绝缘与储能,C0728,钠离子电池正极材料,,,1
C0013,集成电路与电子封装,C0060,超级电容器电极与器件,,,43
C0013,集成电路与电子封装,C0154,无线电能传输电路与系统,,,9
C0013,集成电路与电子封装,C0257,固体氧化物燃料电池,,,5
C0013,集成电路与电子封装,C0298,场效应晶体管结构与建模,,,1
C0013,集成电路与电子封装,C0336,硅碳负极材料与制备,,,2
C0013,集成电路与电子封装,C0386,感应电机运行控制与性能,,,1
C0013,集成电路与电子封装,C0387,有机发光二极管与发光材料,,,7
C0013,集成电路与电子封装,C0412,质子交换膜燃料电池运行与建模,,,4
C0013,集成电路与电子封装,C0420,碳化硅功率半导体器件,,,12
C0013,集成电路与电子封装,C0496,集成电路与功率模块封装,,,26
C0013,集成电路与电子封装,C0500,压电能量采集,,,15
C0013,集成电路与电子封装,C0518,电池电极粘结剂,,,1
C0013,集成电路与电子封装,C0530,钙钛矿电池界面、钝化与传输层,,,1
C0013,集成电路与电子封装,C0533,氮化镓功率与结器件,,,5
C0013,集成电路与电子封装,C0571,光伏电池与组件制造工艺,,,1
C0013,集成电路与电子封装,C0602,摩擦纳米发电机,,,32
C0013,集成电路与电子封装,C0615,电气绝缘局部放电,,,1
C0013,集成电路与电子封装,C0622,谐振与软开关变换器,,,2
C0013,集成电路与电子封装,C0639,漏电与剩余电流保护,,,1
C0013,集成电路与电子封装,C0654,能源电力教学实验平台,,,2
C0013,集成电路与电子封装,C0661,温度传感与测量装置,,,1
C0013,集成电路与电子封装,C0666,功率半导体器件,,,92
C0013,集成电路与电子封装,C0746,功率因数校正电路与控制,,,4
C0013,集成电路与电子封装,,,Q.EDITORIAL,封面、索引、勘误等非研究正文,3
C0014,电池单体模组及用电器件混合,C0487,电池冷却与散热,,,26
C0014,电池单体模组及用电器件混合,C0491,电池电极涂布与辊压,,,1
C0014,电池单体模组及用电器件混合,C0511,电池装配工装与制造设备,,,11
C0014,电池单体模组及用电器件混合,C0519,电池隔膜制备与改性,,,17
C0014,电池单体模组及用电器件混合,C0571,光伏电池与组件制造工艺,,,1
C0014,电池单体模组及用电器件混合,C0638,电压检测与测量电路,,,1
C0014,电池单体模组及用电器件混合,C0641,电池盖板、端子与密封结构,,,39
C0014,电池单体模组及用电器件混合,C0683,电池火灾抑制与灭火,,,1
C0014,电池单体模组及用电器件混合,C0684,电池热失控与传播,,,1
C0014,电池单体模组及用电器件混合,C0699,电池模组与电池包装配结构,,,9
C0015,通用机器学习与优化算法,C0517,配电网需求响应与柔性调度,,,2
C0015,通用机器学习与优化算法,C0524,储能运行调度与收益,,,2
C0015,通用机器学习与优化算法,C0539,配电网谐波与电能质量治理,,,1
C0015,通用机器学习与优化算法,C0540,配电网电压无功优化,,,1
C0015,通用机器学习与优化算法,C0552,微电网能量管理与经济调度,,,10
C0015,通用机器学习与优化算法,C0564,波浪能转换装置,,,5
C0015,通用机器学习与优化算法,C0582,微电网孤岛切换与动态控制,,,6
C0015,通用机器学习与优化算法,C0602,摩擦纳米发电机,,,1
C0015,通用机器学习与优化算法,C0630,有机朗肯循环发电,,,3
C0015,通用机器学习与优化算法,C0632,电动汽车路径与补能规划,,,3
C0015,通用机器学习与优化算法,C0633,区域供热供冷系统,,,2
C0015,通用机器学习与优化算法,C0636,综合能源系统优化调度,,,2
C0015,通用机器学习与优化算法,C0679,FPGA实时控制与硬件实现,,,2
C0015,通用机器学习与优化算法,C0680,生物质气化制合成气,,,1
C0015,通用机器学习与优化算法,C0685,智能电网网络攻击与安全,,,1
C0015,通用机器学习与优化算法,C0710,水电站运行调度,,,13
C0015,通用机器学习与优化算法,C0712,电力负荷预测,,,66
C0015,通用机器学习与优化算法,C0718,配电网规划与容量配置,,,10
C0015,通用机器学习与优化算法,C0741,电网状态估计与相量测量,,,2
C0015,通用机器学习与优化算法,C0744,潜热储热系统,,,1
C0015,通用机器学习与优化算法,C0747,网络入侵检测,,,3
C0016,生物质能源利用与可持续性,C0063,生物质热解与炭化,,,46
C0016,生物质能源利用与可持续性,C0129,生物质与污泥厌氧消化产气,,,22
C0016,生物质能源利用与可持续性,C0481,微生物燃料电池与生物产电,,,2
C0016,生物质能源利用与可持续性,C0497,藻类生物燃料,,,7
C0016,生物质能源利用与可持续性,C0498,生物能源生命周期与可持续性,,,1150
C0016,生物质能源利用与可持续性,C0515,膜法海水淡化,,,1
C0016,生物质能源利用与可持续性,C0527,碳税与环境税费,,,2
C0016,生物质能源利用与可持续性,C0534,氢能技术经济与生命周期,,,7
C0016,生物质能源利用与可持续性,C0569,餐厨垃圾或污泥厌氧消化,,,2
C0016,生物质能源利用与可持续性,C0570,畜禽粪便与农业残余厌氧消化,,,1
C0016,生物质能源利用与可持续性,C0606,地热资源勘探与储层建模,,,1
C0016,生物质能源利用与可持续性,C0617,木质纤维素生物乙醇,,,1
C0016,生物质能源利用与可持续性,C0619,生物炭土壤改良,,,6
C0016,生物质能源利用与可持续性,C0624,农光互补与农光协同,,,10
C0016,生物质能源利用与可持续性,C0633,区域供热供冷系统,,,9
C0016,生物质能源利用与可持续性,C0644,沼气提纯与生物甲烷升级,,,9
C0016,生物质能源利用与可持续性,C0668,中国区域低碳经济与碳效率,,,2
C0016,生物质能源利用与可持续性,C0674,森林资源经营与碳汇,,,35
C0016,生物质能源利用与可持续性,C0680,生物质气化制合成气,,,130
C0016,生物质能源利用与可持续性,C0681,生物质水热炭化,,,1
C0016,生物质能源利用与可持续性,C0720,气候变化减缓政策,,,4
C0016,生物质能源利用与可持续性,C0738,木材加工与干燥,,,7
C0016,生物质能源利用与可持续性,C0750,能源贫困与能源可及性,,,8
C0016,生物质能源利用与可持续性,,,Q.EDITORIAL,封面、索引、勘误等非研究正文,1
C0017,电磁场耦合与电磁换能,C0060,超级电容器电极与器件,,,1
C0017,电磁场耦合与电磁换能,C0154,无线电能传输电路与系统,,,15
C0017,电磁场耦合与电磁换能,C0298,场效应晶体管结构与建模,,,1
C0017,电磁场耦合与电磁换能,C0386,感应电机运行控制与性能,,,7
C0017,电磁场耦合与电磁换能,C0499,电磁能量采集,,,215
C0017,电磁场耦合与电磁换能,C0500,压电能量采集,,,147
C0017,电磁场耦合与电磁换能,C0512,无线充电器与装置,,,1
C0017,电磁场耦合与电磁换能,C0533,氮化镓功率与结器件,,,3
C0017,电磁场耦合与电磁换能,C0546,永磁电机磁路与结构设计,,,1
C0017,电磁场耦合与电磁换能,C0549,开关设备故障检测,,,1
C0017,电磁场耦合与电磁换能,C0550,变压器故障诊断,,,2
C0017,电磁场耦合与电磁换能,C0564,波浪能转换装置,,,15
C0017,电磁场耦合与电磁换能,C0579,电机转子结构与制造,,,1
C0017,电磁场耦合与电磁换能,C0589,输电线路雷击与防雷,,,1
C0017,电磁场耦合与电磁换能,C0602,摩擦纳米发电机,,,1
C0017,电磁场耦合与电磁换能,C0609,非隔离DC-DC变换器,,,1
C0017,电磁场耦合与电磁换能,C0627,永磁材料与磁性设计,,,1
C0017,电磁场耦合与电磁换能,C0628,软磁材料与磁损耗,,,1
C0017,电磁场耦合与电磁换能,C0638,电压检测与测量电路,,,2
C0017,电磁场耦合与电磁换能,C0645,电机驱动PWM与谐波控制,,,10
C0017,电磁场耦合与电磁换能,C0646,电机转矩脉动抑制,,,1
C0017,电磁场耦合与电磁换能,C0647,电缆绝缘护套与导体结构,,,48
C0017,电磁场耦合与电磁换能,C0653,核聚变装置工程,,,1
C0017,电磁场耦合与电磁换能,C0666,功率半导体器件,,,3
C0017,电磁场耦合与电磁换能,C0700,永磁同步电机控制,,,2
C0017,电磁场耦合与电磁换能,C0737,电力系统电压稳定,,,3
C0017,电磁场耦合与电磁换能,C0746,功率因数校正电路与控制,,,1
C0017,电磁场耦合与电磁换能,,,Q.EDITORIAL,封面、索引、勘误等非研究正文,1
C0018,电力智能算法与多场景辨识,C0246,虚拟电厂资源聚合与调度,,,4
C0018,电力智能算法与多场景辨识,C0257,固体氧化物燃料电池,,,3
C0018,电力智能算法与多场景辨识,C0298,场效应晶体管结构与建模,,,2
C0018,电力智能算法与多场景辨识,C0381,光伏发电功率预测方法与装置,,,3
C0018,电力智能算法与多场景辨识,C0408,配电网重构与优化运行,,,16
C0018,电力智能算法与多场景辨识,C0435,智能电表物联网与用能监测,,,1
C0018,电力智能算法与多场景辨识,C0517,配电网需求响应与柔性调度,,,4
C0018,电力智能算法与多场景辨识,C0538,智能电网通信架构,,,3
C0018,电力智能算法与多场景辨识,C0548,输配电线路故障检测与定位,,,3
C0018,电力智能算法与多场景辨识,C0550,变压器故障诊断,,,7
C0018,电力智能算法与多场景辨识,C0582,微电网孤岛切换与动态控制,,,1
C0018,电力智能算法与多场景辨识,C0592,电池荷电状态估计,,,1
C0018,电力智能算法与多场景辨识,C0622,谐振与软开关变换器,,,1
C0018,电力智能算法与多场景辨识,C0632,电动汽车路径与补能规划,,,1
C0018,电力智能算法与多场景辨识,C0638,电压检测与测量电路,,,1
C0018,电力智能算法与多场景辨识,C0643,电力设施覆冰与除冰,,,4
C0018,电力智能算法与多场景辨识,C0647,电缆绝缘护套与导体结构,,,1
C0018,电力智能算法与多场景辨识,C0653,核聚变装置工程,,,1
C0018,电力智能算法与多场景辨识,C0675,风电出力预测,,,1
C0018,电力智能算法与多场景辨识,C0685,智能电网网络攻击与安全,,,5
C0018,电力智能算法与多场景辨识,C0686,电网灾害韧性与恢复,,,2
C0018,电力智能算法与多场景辨识,C0690,电力知识图谱,,,19
C0018,电力智能算法与多场景辨识,C0710,水电站运行调度,,,1
C0018,电力智能算法与多场景辨识,C0712,电力负荷预测,,,28
C0018,电力智能算法与多场景辨识,C0713,电价预测,,,3
C0018,电力智能算法与多场景辨识,C0718,配电网规划与容量配置,,,3
C0018,电力智能算法与多场景辨识,C0726,风机状态监测与预测性维护,,,2
C0018,电力智能算法与多场景辨识,C0741,电网状态估计与相量测量,,,4
C0018,电力智能算法与多场景辨识,C0747,网络入侵检测,,,14
C0019,太阳能采集光学与空间应用,C0009,二氧化碳电还原催化,,,1
C0019,太阳能采集光学与空间应用,C0330,太阳能界面蒸发与海水淡化,,,2
C0019,太阳能采集光学与空间应用,C0355,染料敏化太阳能电池材料与器件,,,1
C0019,太阳能采集光学与空间应用,C0509,太阳能热水与供热装置,,,7
C0019,太阳能采集光学与空间应用,C0542,光伏组件故障与缺陷检测,,,3
C0019,太阳能采集光学与空间应用,C0571,光伏电池与组件制造工艺,,,1
C0019,太阳能采集光学与空间应用,C0587,太阳辐照度预测估算,,,40
C0019,太阳能采集光学与空间应用,C0589,输电线路雷击与防雷,,,1
C0019,太阳能采集光学与空间应用,C0590,非钙钛矿多结太阳能电池,,,35
C0019,太阳能采集光学与空间应用,C0626,屋顶与分布式光伏部署,,,1
C0019,太阳能采集光学与空间应用,C0630,有机朗肯循环发电,,,1
C0019,太阳能采集光学与空间应用,C0633,区域供热供冷系统,,,1
C0019,太阳能采集光学与空间应用,C0677,太阳能集热器传热设计,,,19
C0019,太阳能采集光学与空间应用,C0678,聚光太阳能热发电,,,154
C0019,太阳能采集光学与空间应用,C0723,光伏光热联合系统,,,10
C0019,太阳能采集光学与空间应用,,,Q.EDITORIAL,封面、索引、勘误等非研究正文,4
C0019,太阳能采集光学与空间应用,,,Q.INSUFFICIENT,题名摘要不足，待补全,1
C0020,纳米复合材料与多类器件,C0060,超级电容器电极与器件,,,152
C0020,纳米复合材料与多类器件,C0191,固态储氢材料与反应器,,,1
C0020,纳米复合材料与多类器件,C0233,半导体光电化学水分解,,,1
C0020,纳米复合材料与多类器件,C0257,固体氧化物燃料电池,,,2
C0020,纳米复合材料与多类器件,C0278,整体电催化水分解,,,1
C0020,纳米复合材料与多类器件,C0298,场效应晶体管结构与建模,,,3
C0020,纳米复合材料与多类器件,C0336,硅碳负极材料与制备,,,19
C0020,纳米复合材料与多类器件,C0355,染料敏化太阳能电池材料与器件,,,7
C0020,纳米复合材料与多类器件,C0387,有机发光二极管与发光材料,,,9
C0020,纳米复合材料与多类器件,C0407,水系锌电池负极及界面稳定,,,1
C0020,纳米复合材料与多类器件,C0495,聚合物电气绝缘,,,1
C0020,纳米复合材料与多类器件,C0500,压电能量采集,,,12
C0020,纳米复合材料与多类器件,C0516,分离膜污染与清洗,,,1
C0020,纳米复合材料与多类器件,C0518,电池电极粘结剂,,,1
C0020,纳米复合材料与多类器件,C0519,电池隔膜制备与改性,,,1
C0020,纳米复合材料与多类器件,C0520,凝胶聚合物锂电解质,,,1
C0020,纳米复合材料与多类器件,C0521,固态聚合物锂电解质,,,6
C0020,纳米复合材料与多类器件,C0530,钙钛矿电池界面、钝化与传输层,,,1
C0020,纳米复合材料与多类器件,C0537,其他材料光催化污染物降解,,,2
C0020,纳米复合材料与多类器件,C0567,石墨烯结构复合材料,,,10
C0020,纳米复合材料与多类器件,C0576,碱性水电解制氢,,,1
C0020,纳米复合材料与多类器件,C0583,碳化硅陶瓷结构材料,,,3
C0020,纳米复合材料与多类器件,C0584,聚合物有机太阳能电池,,,7
C0020,纳米复合材料与多类器件,C0602,摩擦纳米发电机,,,507
C0020,纳米复合材料与多类器件,C0615,电气绝缘局部放电,,,1
C0020,纳米复合材料与多类器件,C0647,电缆绝缘护套与导体结构,,,1
C0020,纳米复合材料与多类器件,C0648,锂电石墨负极,,,1
C0020,纳米复合材料与多类器件,C0671,二氧化碳固体吸附捕集,,,1
C0020,纳米复合材料与多类器件,C0687,染料敏化电池对电极,,,1
C0020,纳米复合材料与多类器件,C0688,染料敏化电池光阳极,,,1
C0020,纳米复合材料与多类器件,C0715,锂电磷酸盐正极材料,,,1
C0020,纳米复合材料与多类器件,C0744,潜热储热系统,,,1
C0020,纳米复合材料与多类器件,,,Q.EDITORIAL,封面、索引、勘误等非研究正文,6
C0020,纳米复合材料与多类器件,,,Q.INSUFFICIENT,题名摘要不足，待补全,1
C0021,金属离子吸附与材料化学,C0009,二氧化碳电还原催化,,,11
C0021,金属离子吸附与材料化学,C0155,电解水析氧催化,,,1
C0021,金属离子吸附与材料化学,C0226,过硫酸盐活化与高级氧化,,,11
C0021,金属离子吸附与材料化学,C0254,电催化析氢与界面调控,,,2
C0021,金属离子吸附与材料化学,C0257,固体氧化物燃料电池,,,4
C0021,金属离子吸附与材料化学,C0355,染料敏化太阳能电池材料与器件,,,2
C0021,金属离子吸附与材料化学,C0358,非贵金属氧还原电催化材料,,,1
C0021,金属离子吸附与材料化学,C0412,质子交换膜燃料电池运行与建模,,,3
C0021,金属离子吸附与材料化学,C0493,光催化制氢,,,1
C0021,金属离子吸附与材料化学,C0516,分离膜污染与清洗,,,1
C0021,金属离子吸附与材料化学,C0530,钙钛矿电池界面、钝化与传输层,,,1
C0021,金属离子吸附与材料化学,C0537,其他材料光催化污染物降解,,,11
C0021,金属离子吸附与材料化学,C0556,水系锌离子电池,,,2
C0021,金属离子吸附与材料化学,C0577,质子交换膜水电解制氢,,,1
C0021,金属离子吸附与材料化学,C0598,锂资源提取与分离,,,2
C0021,金属离子吸附与材料化学,C0670,二氧化碳溶剂吸收捕集,,,3
C0021,金属离子吸附与材料化学,C0671,二氧化碳固体吸附捕集,,,10
C0021,金属离子吸附与材料化学,C0689,染料敏化电池敏化剂,,,1
C0021,金属离子吸附与材料化学,C0693,活性炭制备与孔结构,,,1
C0021,金属离子吸附与材料化学,C0694,稀土元素提取分离,,,3
C0021,金属离子吸附与材料化学,C0695,铀钍提取与分离,,,1
C0021,金属离子吸附与材料化学,C0714,层状及富镍锂电正极材料,,,20
C0021,金属离子吸附与材料化学,C0715,锂电磷酸盐正极材料,,,1
C0021,金属离子吸附与材料化学,C0724,电子废物回收,,,30
C0021,金属离子吸附与材料化学,C0728,钠离子电池正极材料,,,1
C0021,金属离子吸附与材料化学,C0739,水污染物吸附去除,,,109
C0021,金属离子吸附与材料化学,,,Q.EDITORIAL,封面、索引、勘误等非研究正文,7
C0022,钠离子电池材料与电解液,C0191,固态储氢材料与反应器,,,1
C0022,钠离子电池材料与电解液,C0257,固体氧化物燃料电池,,,1
C0022,钠离子电池材料与电解液,C0259,锂硫电池正极与多硫化物调控,,,1
C0022,钠离子电池材料与电解液,C0441,二次电池电解液添加剂与配方,,,35
C0022,钠离子电池材料与电解液,C0491,电池电极涂布与辊压,,,1
C0022,钠离子电池材料与电解液,C0501,钠电池电解液与界面,,,71
C0022,钠离子电池材料与电解液,C0518,电池电极粘结剂,,,6
C0022,钠离子电池材料与电解液,C0519,电池隔膜制备与改性,,,4
C0022,钠离子电池材料与电解液,C0520,凝胶聚合物锂电解质,,,1
C0022,钠离子电池材料与电解液,C0521,固态聚合物锂电解质,,,1
C0022,钠离子电池材料与电解液,C0556,水系锌离子电池,,,18
C0022,钠离子电池材料与电解液,C0576,碱性水电解制氢,,,1
C0022,钠离子电池材料与电解液,C0592,电池荷电状态估计,,,1
C0022,钠离子电池材料与电解液,C0696,镁铝钙多价离子电池,,,13
C0022,钠离子电池材料与电解液,C0697,钾离子电池,,,1
C0022,钠离子电池材料与电解液,C0714,层状及富镍锂电正极材料,,,7
C0022,钠离子电池材料与电解液,C0715,锂电磷酸盐正极材料,,,21
C0022,钠离子电池材料与电解液,C0727,钠离子电池负极材料,,,38
C0022,钠离子电池材料与电解液,C0728,钠离子电池正极材料,,,220
C0022,钠离子电池材料与电解液,,,Q.EDITORIAL,封面、索引、勘误等非研究正文,6
C0023,功率半导体器件与电路结构,C0060,超级电容器电极与器件,,,9
C0023,功率半导体器件与电路结构,C0491,电池电极涂布与辊压,,,1
C0023,功率半导体器件与电路结构,C0496,集成电路与功率模块封装,,,3
C0023,功率半导体器件与电路结构,C0512,无线充电器与装置,,,1
C0023,功率半导体器件与电路结构,C0519,电池隔膜制备与改性,,,2
C0023,功率半导体器件与电路结构,C0571,光伏电池与组件制造工艺,,,3
C0023,功率半导体器件与电路结构,C0573,电连接器与接线端子,,,11
C0023,功率半导体器件与电路结构,C0580,电机定子结构与制造,,,26
C0023,功率半导体器件与电路结构,C0637,电流检测与测量电路,,,3
C0023,功率半导体器件与电路结构,C0638,电压检测与测量电路,,,1
C0023,功率半导体器件与电路结构,C0641,电池盖板、端子与密封结构,,,33
C0023,功率半导体器件与电路结构,C0647,电缆绝缘护套与导体结构,,,7
C0023,功率半导体器件与电路结构,C0666,功率半导体器件,,,150
C0023,功率半导体器件与电路结构,C0749,电机绕组与线圈制造,,,1
C0024,海洋资源开发与海上工程,C0473,二氧化碳地质封存与驱油,,,1
C0024,海洋资源开发与海上工程,C0489,海上风电开发与技术经济,,,3
C0024,海洋资源开发与海上工程,C0502,潮汐与潮流能开发,,,25
C0024,海洋资源开发与海上工程,C0564,波浪能转换装置,,,1
C0024,海洋资源开发与海上工程,C0598,锂资源提取与分离,,,2
C0024,海洋资源开发与海上工程,C0606,地热资源勘探与储层建模,,,1
C0024,海洋资源开发与海上工程,,,Q.INSUFFICIENT,题名摘要不足，待补全,1
C0025,通用防护支撑与安装结构混杂簇024,C0511,电池装配工装与制造设备,,,1
C0025,通用防护支撑与安装结构混杂簇024,C0580,电机定子结构与制造,,,3
C0025,通用防护支撑与安装结构混杂簇024,C0589,输电线路雷击与防雷,,,3
C0025,通用防护支撑与安装结构混杂簇024,C0611,电气安全与触电风险,,,1
C0025,通用防护支撑与安装结构混杂簇024,C0639,漏电与剩余电流保护,,,3
C0025,通用防护支撑与安装结构混杂簇024,C0641,电池盖板、端子与密封结构,,,11
C0025,通用防护支撑与安装结构混杂簇024,C0647,电缆绝缘护套与导体结构,,,4
C0025,通用防护支撑与安装结构混杂簇024,C0653,核聚变装置工程,,,1
C0025,通用防护支撑与安装结构混杂簇024,C0666,功率半导体器件,,,2
C0025,通用防护支撑与安装结构混杂簇024,C0699,电池模组与电池包装配结构,,,4
C0025,通用防护支撑与安装结构混杂簇024,C0708,电缆桥架与线束支撑,,,25
C0026,硫化镉等硫族薄膜制备,C0530,钙钛矿电池界面、钝化与传输层,,,5
C0026,硫化镉等硫族薄膜制备,C0537,其他材料光催化污染物降解,,,1
C0026,硫化镉等硫族薄膜制备,C0541,光伏组件退化与寿命,,,1
C0026,硫化镉等硫族薄膜制备,C0584,聚合物有机太阳能电池,,,1
C0026,硫化镉等硫族薄膜制备,C0590,非钙钛矿多结太阳能电池,,,1
C0026,硫化镉等硫族薄膜制备,C0601,铜基热电材料,,,4
C0026,硫化镉等硫族薄膜制备,C0602,摩擦纳米发电机,,,1
C0026,硫化镉等硫族薄膜制备,C0615,电气绝缘局部放电,,,1
C0026,硫化镉等硫族薄膜制备,C0687,染料敏化电池对电极,,,1
C0026,硫化镉等硫族薄膜制备,C0714,层状及富镍锂电正极材料,,,1
C0026,硫化镉等硫族薄膜制备,C0723,光伏光热联合系统,,,2
C0026,硫化镉等硫族薄膜制备,,,Q.EDITORIAL,封面、索引、勘误等非研究正文,1
C0027,变压器与高压开关设备,C0060,超级电容器电极与器件,,,1
C0027,变压器与高压开关设备,C0154,无线电能传输电路与系统,,,5
C0027,变压器与高压开关设备,C0257,固体氧化物燃料电池,,,1
C0027,变压器与高压开关设备,C0386,感应电机运行控制与性能,,,8
C0027,变压器与高压开关设备,C0420,碳化硅功率半导体器件,,,7
C0027,变压器与高压开关设备,C0472,多电平逆变器拓扑与调制,,,8
C0027,变压器与高压开关设备,C0533,氮化镓功率与结器件,,,51
C0027,变压器与高压开关设备,C0539,配电网谐波与电能质量治理,,,1
C0027,变压器与高压开关设备,C0540,配电网电压无功优化,,,2
C0027,变压器与高压开关设备,C0542,光伏组件故障与缺陷检测,,,8
C0027,变压器与高压开关设备,C0548,输配电线路故障检测与定位,,,2
C0027,变压器与高压开关设备,C0549,开关设备故障检测,,,11
C0027,变压器与高压开关设备,C0550,变压器故障诊断,,,427
C0027,变压器与高压开关设备,C0563,电力线载波通信,,,1
C0027,变压器与高压开关设备,C0564,波浪能转换装置,,,8
C0027,变压器与高压开关设备,C0571,光伏电池与组件制造工艺,,,1
C0027,变压器与高压开关设备,C0581,微电网下垂控制与功率分配,,,1
C0027,变压器与高压开关设备,C0588,电网接地与地网安全,,,11
C0027,变压器与高压开关设备,C0595,电网短路电流计算,,,1
C0027,变压器与高压开关设备,C0608,隔离型DC-DC变换器,,,1
C0027,变压器与高压开关设备,C0611,电气安全与触电风险,,,9
C0027,变压器与高压开关设备,C0615,电气绝缘局部放电,,,34
C0027,变压器与高压开关设备,C0622,谐振与软开关变换器,,,5
C0027,变压器与高压开关设备,C0637,电流检测与测量电路,,,4
C0027,变压器与高压开关设备,C0638,电压检测与测量电路,,,25
C0027,变压器与高压开关设备,C0639,漏电与剩余电流保护,,,16
C0027,变压器与高压开关设备,C0645,电机驱动PWM与谐波控制,,,5
C0027,变压器与高压开关设备,C0647,电缆绝缘护套与导体结构,,,13
C0027,变压器与高压开关设备,C0664,LED照明灯具与配光,,,1
C0027,变压器与高压开关设备,C0666,功率半导体器件,,,18
C0027,变压器与高压开关设备,C0686,电网灾害韧性与恢复,,,1
C0027,变压器与高压开关设备,C0699,电池模组与电池包装配结构,,,1
C0027,变压器与高压开关设备,C0700,永磁同步电机控制,,,1
C0027,变压器与高压开关设备,C0737,电力系统电压稳定,,,7
C0027,变压器与高压开关设备,C0746,功率因数校正电路与控制,,,21
C0028,电动汽车充电设施及并网,C0060,超级电容器电极与器件,,,14
C0028,电动汽车充电设施及并网,C0124,电力系统碳计量与低碳调度,,,1
C0028,电动汽车充电设施及并网,C0154,无线电能传输电路与系统,,,18
C0028,电动汽车充电设施及并网,C0246,虚拟电厂资源聚合与调度,,,7
C0028,电动汽车充电设施及并网,C0386,感应电机运行控制与性能,,,2
C0028,电动汽车充电设施及并网,C0435,智能电表物联网与用能监测,,,2
C0028,电动汽车充电设施及并网,C0487,电池冷却与散热,,,3
C0028,电动汽车充电设施及并网,C0504,电动汽车充电并网影响,,,150
C0028,电动汽车充电设施及并网,C0512,无线充电器与装置,,,48
C0028,电动汽车充电设施及并网,C0524,储能运行调度与收益,,,2
C0028,电动汽车充电设施及并网,C0534,氢能技术经济与生命周期,,,1
C0028,电动汽车充电设施及并网,C0538,智能电网通信架构,,,2
C0028,电动汽车充电设施及并网,C0539,配电网谐波与电能质量治理,,,2
C0028,电动汽车充电设施及并网,C0545,电动汽车有序充放电调度,,,141
C0028,电动汽车充电设施及并网,C0552,微电网能量管理与经济调度,,,26
C0028,电动汽车充电设施及并网,C0553,电动汽车推广与购买行为,,,31
C0028,电动汽车充电设施及并网,C0554,电动汽车整车能耗与续航,,,10
C0028,电动汽车充电设施及并网,C0571,光伏电池与组件制造工艺,,,1
C0028,电动汽车充电设施及并网,C0572,碳排放交易机制,,,1
C0028,电动汽车充电设施及并网,C0574,电力市场机制与制度设计,,,1
C0028,电动汽车充电设施及并网,C0575,产消者能源交易,,,6
C0028,电动汽车充电设施及并网,C0581,微电网下垂控制与功率分配,,,2
C0028,电动汽车充电设施及并网,C0582,微电网孤岛切换与动态控制,,,2
C0028,电动汽车充电设施及并网,C0592,电池荷电状态估计,,,6
C0028,电动汽车充电设施及并网,C0597,电动汽车充电负荷预测,,,3
C0028,电动汽车充电设施及并网,C0613,电力系统可靠性评估,,,3
C0028,电动汽车充电设施及并网,C0625,光伏技术经济与投资,,,3
C0028,电动汽车充电设施及并网,C0626,屋顶与分布式光伏部署,,,4
C0028,电动汽车充电设施及并网,C0631,电动汽车充电站选址规划,,,58
C0028,电动汽车充电设施及并网,C0632,电动汽车路径与补能规划,,,6
C0028,电动汽车充电设施及并网,C0635,综合能源系统规划配置,,,3
C0028,电动汽车充电设施及并网,C0636,综合能源系统优化调度,,,3
C0028,电动汽车充电设施及并网,C0656,动力电池梯次利用,,,12
C0028,电动汽车充电设施及并网,C0657,电池单体均衡控制,,,1
C0028,电动汽车充电设施及并网,C0667,电网频率控制,,,1
C0028,电动汽车充电设施及并网,C0686,电网灾害韧性与恢复,,,1
C0028,电动汽车充电设施及并网,C0691,充电基础设施建设政策,,,1
C0028,电动汽车充电设施及并网,C0718,配电网规划与容量配置,,,10
C0028,电动汽车充电设施及并网,C0746,功率因数校正电路与控制,,,7
C0029,聚变等离子体诊断,C0533,氮化镓功率与结器件,,,9
C0029,聚变等离子体诊断,C0549,开关设备故障检测,,,1
C0029,聚变等离子体诊断,C0596,聚变加热与中性束注入,,,19
C0029,聚变等离子体诊断,C0653,核聚变装置工程,,,96
C0029,聚变等离子体诊断,C0669,磁约束等离子体MHD稳定性,,,1
C0029,聚变等离子体诊断,C0731,天体等离子体与磁重联,,,3
C0029,聚变等离子体诊断,,,Q.EDITORIAL,封面、索引、勘误等非研究正文,5
C0030,碳基电极与多孔材料制备,C0060,超级电容器电极与器件,,,8
C0030,碳基电极与多孔材料制备,C0063,生物质热解与炭化,,,1
C0030,碳基电极与多孔材料制备,C0151,多孔碳吸附二氧化碳,,,1
C0030,碳基电极与多孔材料制备,C0191,固态储氢材料与反应器,,,1
C0030,碳基电极与多孔材料制备,C0257,固体氧化物燃料电池,,,3
C0030,碳基电极与多孔材料制备,C0259,锂硫电池正极与多硫化物调控,,,2
C0030,碳基电极与多孔材料制备,C0266,燃料电池质子交换膜,,,4
C0030,碳基电极与多孔材料制备,C0330,太阳能界面蒸发与海水淡化,,,1
C0030,碳基电极与多孔材料制备,C0336,硅碳负极材料与制备,,,62
C0030,碳基电极与多孔材料制备,C0412,质子交换膜燃料电池运行与建模,,,1
C0030,碳基电极与多孔材料制备,C0481,微生物燃料电池与生物产电,,,1
C0030,碳基电极与多孔材料制备,C0498,生物能源生命周期与可持续性,,,7
C0030,碳基电极与多孔材料制备,C0514,煤气化工艺与反应,,,1
C0030,碳基电极与多孔材料制备,C0518,电池电极粘结剂,,,1
C0030,碳基电极与多孔材料制备,C0530,钙钛矿电池界面、钝化与传输层,,,1
C0030,碳基电极与多孔材料制备,C0600,直接空气捕碳,,,2
C0030,碳基电极与多孔材料制备,C0602,摩擦纳米发电机,,,1
C0030,碳基电极与多孔材料制备,C0648,锂电石墨负极,,,9
C0030,碳基电极与多孔材料制备,C0653,核聚变装置工程,,,1
C0030,碳基电极与多孔材料制备,C0671,二氧化碳固体吸附捕集,,,8
C0030,碳基电极与多孔材料制备,C0680,生物质气化制合成气,,,1
C0030,碳基电极与多孔材料制备,C0693,活性炭制备与孔结构,,,13
C0030,碳基电极与多孔材料制备,C0714,层状及富镍锂电正极材料,,,1
C0030,碳基电极与多孔材料制备,C0715,锂电磷酸盐正极材料,,,22
C0030,碳基电极与多孔材料制备,C0725,废塑料回收与转化,,,5
C0030,碳基电极与多孔材料制备,C0727,钠离子电池负极材料,,,119
C0030,碳基电极与多孔材料制备,C0728,钠离子电池正极材料,,,1
C0030,碳基电极与多孔材料制备,,,Q.EDITORIAL,封面、索引、勘误等非研究正文,2
C0031,车辆驱动制动与运动控制,C0060,超级电容器电极与器件,,,3
C0031,车辆驱动制动与运动控制,C0386,感应电机运行控制与性能,,,255
C0031,车辆驱动制动与运动控制,C0500,压电能量采集,,,1
C0031,车辆驱动制动与运动控制,C0551,燃气轮机热力性能,,,1
C0031,车辆驱动制动与运动控制,C0554,电动汽车整车能耗与续航,,,4
C0031,车辆驱动制动与运动控制,C0579,电机转子结构与制造,,,1
C0031,车辆驱动制动与运动控制,C0582,微电网孤岛切换与动态控制,,,1
C0031,车辆驱动制动与运动控制,C0645,电机驱动PWM与谐波控制,,,11
C0031,车辆驱动制动与运动控制,C0646,电机转矩脉动抑制,,,23
C0031,车辆驱动制动与运动控制,C0667,电网频率控制,,,1
C0031,车辆驱动制动与运动控制,C0700,永磁同步电机控制,,,79
C0031,车辆驱动制动与运动控制,C0717,双燃料发动机,,,1
C0031,车辆驱动制动与运动控制,C0721,光伏清扫机器人,,,1
C0031,车辆驱动制动与运动控制,C0734,液压泵性能与控制,,,1
C0031,车辆驱动制动与运动控制,C0736,电力系统暂态稳定,,,1
C0031,车辆驱动制动与运动控制,,,Q.EDITORIAL,封面、索引、勘误等非研究正文,1
C0032,煤炭产业布局与清洁利用政策,C0514,煤气化工艺与反应,,,4
C0032,煤炭产业布局与清洁利用政策,C0572,碳排放交易机制,,,1
C0032,煤炭产业布局与清洁利用政策,C0633,区域供热供冷系统,,,1
C0032,煤炭产业布局与清洁利用政策,C0649,能源电力标准化政策,,,1
C0033,石油产业与油价经济,C0473,二氧化碳地质封存与驱油,,,2
C0033,石油产业与油价经济,C0505,石油产业投资与经营,,,15
C0033,石油产业与油价经济,C0506,石油价格与市场经济,,,1852
C0033,石油产业与油价经济,C0514,煤气化工艺与反应,,,1
C0033,石油产业与油价经济,C0527,碳税与环境税费,,,1
C0033,石油产业与油价经济,C0594,能源安全与转型战略,,,5
C0033,石油产业与油价经济,C0705,天然气管网优化运行,,,1
C0033,石油产业与油价经济,C0720,气候变化减缓政策,,,1
C0033,石油产业与油价经济,C0750,能源贫困与能源可及性,,,1
C0034,污泥资源化与水处理,C0063,生物质热解与炭化,,,13
C0034,污泥资源化与水处理,C0129,生物质与污泥厌氧消化产气,,,23
C0034,污泥资源化与水处理,C0226,过硫酸盐活化与高级氧化,,,1
C0034,污泥资源化与水处理,C0481,微生物燃料电池与生物产电,,,3
C0034,污泥资源化与水处理,C0507,污水污泥营养元素回收,,,16
C0034,污泥资源化与水处理,C0508,污泥脱水与调理,,,121
C0034,污泥资源化与水处理,C0514,煤气化工艺与反应,,,11
C0034,污泥资源化与水处理,C0515,膜法海水淡化,,,41
C0034,污泥资源化与水处理,C0516,分离膜污染与清洗,,,29
C0034,污泥资源化与水处理,C0526,厌氧发酵生物制氢,,,3
C0034,污泥资源化与水处理,C0534,氢能技术经济与生命周期,,,4
C0034,污泥资源化与水处理,C0544,厌氧污水处理反应器,,,38
C0034,污泥资源化与水处理,C0558,油水分离界面与膜材料,,,1
C0034,污泥资源化与水处理,C0561,蒸汽压缩制冷循环,,,1
C0034,污泥资源化与水处理,C0566,蒸汽重整制氢与合成气,,,1
C0034,污泥资源化与水处理,C0569,餐厨垃圾或污泥厌氧消化,,,725
C0034,污泥资源化与水处理,C0570,畜禽粪便与农业残余厌氧消化,,,4
C0034,污泥资源化与水处理,C0576,碱性水电解制氢,,,1
C0034,污泥资源化与水处理,C0598,锂资源提取与分离,,,1
C0034,污泥资源化与水处理,C0619,生物炭土壤改良,,,4
C0034,污泥资源化与水处理,C0630,有机朗肯循环发电,,,9
C0034,污泥资源化与水处理,C0633,区域供热供冷系统,,,1
C0034,污泥资源化与水处理,C0644,沼气提纯与生物甲烷升级,,,6
C0034,污泥资源化与水处理,C0662,吸收式制冷循环,,,45
C0034,污泥资源化与水处理,C0663,吸附式制冷循环,,,6
C0034,污泥资源化与水处理,C0671,二氧化碳固体吸附捕集,,,3
C0034,污泥资源化与水处理,C0680,生物质气化制合成气,,,39
C0034,污泥资源化与水处理,C0681,生物质水热炭化,,,227
C0034,污泥资源化与水处理,C0693,活性炭制备与孔结构,,,6
C0034,污泥资源化与水处理,C0694,稀土元素提取分离,,,1
C0034,污泥资源化与水处理,C0724,电子废物回收,,,1
C0034,污泥资源化与水处理,C0725,废塑料回收与转化,,,16
C0034,污泥资源化与水处理,C0739,水污染物吸附去除,,,21
C0034,污泥资源化与水处理,C0740,水污染物电化学氧化,,,1
C0034,污泥资源化与水处理,C0744,潜热储热系统,,,1
C0035,太阳能集热与热利用装置,C0191,固态储氢材料与反应器,,,1
C0035,太阳能集热与热利用装置,C0330,太阳能界面蒸发与海水淡化,,,14
C0035,太阳能集热与热利用装置,C0355,染料敏化太阳能电池材料与器件,,,1
C0035,太阳能集热与热利用装置,C0509,太阳能热水与供热装置,,,242
C0035,太阳能集热与热利用装置,C0547,建筑冷却与被动降温,,,1
C0035,太阳能集热与热利用装置,C0559,大气集水与雾水采集,,,1
C0035,太阳能集热与热利用装置,C0571,光伏电池与组件制造工艺,,,13
C0035,太阳能集热与热利用装置,C0590,非钙钛矿多结太阳能电池,,,1
C0035,太阳能集热与热利用装置,C0607,地热供热与发电利用,,,4
C0035,太阳能集热与热利用装置,C0650,空气源热泵,,,9
C0035,太阳能集热与热利用装置,C0651,地源热泵与地埋换热器,,,21
C0035,太阳能集热与热利用装置,C0663,吸附式制冷循环,,,1
C0035,太阳能集热与热利用装置,C0677,太阳能集热器传热设计,,,5
C0035,太阳能集热与热利用装置,C0678,聚光太阳能热发电,,,36
C0035,太阳能集热与热利用装置,C0680,生物质气化制合成气,,,1
C0035,太阳能集热与热利用装置,C0723,光伏光热联合系统,,,84
C0035,太阳能集热与热利用装置,C0744,潜热储热系统,,,8
C0036,风机传动支撑与轴承部件,C0564,波浪能转换装置,,,2
C0036,风机传动支撑与轴承部件,C0579,电机转子结构与制造,,,4
C0036,风机传动支撑与轴承部件,C0580,电机定子结构与制造,,,3
C0036,风机传动支撑与轴承部件,C0641,电池盖板、端子与密封结构,,,1
C0036,风机传动支撑与轴承部件,C0672,漂浮式海上风电平台,,,21
C0036,风机传动支撑与轴承部件,C0699,电池模组与电池包装配结构,,,2
C0036,风机传动支撑与轴承部件,C0708,电缆桥架与线束支撑,,,3
C0036,风机传动支撑与轴承部件,C0744,潜热储热系统,,,1
C0037,光催化二氧化碳转化与氧化还原,C0009,二氧化碳电还原催化,,,60
C0037,光催化二氧化碳转化与氧化还原,C0155,电解水析氧催化,,,16
C0037,光催化二氧化碳转化与氧化还原,C0233,半导体光电化学水分解,,,114
C0037,光催化二氧化碳转化与氧化还原,C0254,电催化析氢与界面调控,,,17
C0037,光催化二氧化碳转化与氧化还原,C0355,染料敏化太阳能电池材料与器件,,,11
C0037,光催化二氧化碳转化与氧化还原,C0358,非贵金属氧还原电催化材料,,,2
C0037,光催化二氧化碳转化与氧化还原,C0387,有机发光二极管与发光材料,,,1
C0037,光催化二氧化碳转化与氧化还原,C0493,光催化制氢,,,1286
C0037,光催化二氧化碳转化与氧化还原,C0510,光催化二氧化碳还原,,,1630
C0037,光催化二氧化碳转化与氧化还原,C0537,其他材料光催化污染物降解,,,1288
C0037,光催化二氧化碳转化与氧化还原,C0557,TiO₂光催化污染物降解,,,38
C0037,光催化二氧化碳转化与氧化还原,C0565,二氧化碳干重整制合成气,,,15
C0037,光催化二氧化碳转化与氧化还原,C0584,聚合物有机太阳能电池,,,1
C0037,光催化二氧化碳转化与氧化还原,C0603,ZnO光催化污染物降解,,,9
C0037,光催化二氧化碳转化与氧化还原,C0634,二氧化碳催化加氢与甲烷化,,,55
C0037,光催化二氧化碳转化与氧化还原,C0670,二氧化碳溶剂吸收捕集,,,1
C0037,光催化二氧化碳转化与氧化还原,C0671,二氧化碳固体吸附捕集,,,24
C0037,光催化二氧化碳转化与氧化还原,C0687,染料敏化电池对电极,,,1
C0037,光催化二氧化碳转化与氧化还原,C0688,染料敏化电池光阳极,,,2
C0037,光催化二氧化碳转化与氧化还原,C0689,染料敏化电池敏化剂,,,9
C0037,光催化二氧化碳转化与氧化还原,C0715,锂电磷酸盐正极材料,,,1
C0037,光催化二氧化碳转化与氧化还原,C0743,硝酸盐电还原制氨,,,2
C0037,光催化二氧化碳转化与氧化还原,,,Q.EDITORIAL,封面、索引、勘误等非研究正文,88
C0038,电气计量校准与测量不确定度,C0060,超级电容器电极与器件,,,9
C0038,电气计量校准与测量不确定度,C0298,场效应晶体管结构与建模,,,1
C0038,电气计量校准与测量不确定度,C0387,有机发光二极管与发光材料,,,1
C0038,电气计量校准与测量不确定度,C0412,质子交换膜燃料电池运行与建模,,,9
C0038,电气计量校准与测量不确定度,C0500,压电能量采集,,,1
C0038,电气计量校准与测量不确定度,C0533,氮化镓功率与结器件,,,14
C0038,电气计量校准与测量不确定度,C0541,光伏组件退化与寿命,,,1
C0038,电气计量校准与测量不确定度,C0549,开关设备故障检测,,,1
C0038,电气计量校准与测量不确定度,C0550,变压器故障诊断,,,2
C0038,电气计量校准与测量不确定度,C0564,波浪能转换装置,,,3
C0038,电气计量校准与测量不确定度,C0587,太阳辐照度预测估算,,,1
C0038,电气计量校准与测量不确定度,C0588,电网接地与地网安全,,,2
C0038,电气计量校准与测量不确定度,C0592,电池荷电状态估计,,,3
C0038,电气计量校准与测量不确定度,C0593,电池健康状态与寿命预测,,,2
C0038,电气计量校准与测量不确定度,C0614,电晕放电与电晕损耗,,,1
C0038,电气计量校准与测量不确定度,C0615,电气绝缘局部放电,,,10
C0038,电气计量校准与测量不确定度,C0638,电压检测与测量电路,,,4
C0038,电气计量校准与测量不确定度,C0653,核聚变装置工程,,,2
C0038,电气计量校准与测量不确定度,C0661,温度传感与测量装置,,,4
C0038,电气计量校准与测量不确定度,C0666,功率半导体器件,,,1
C0038,电气计量校准与测量不确定度,C0679,FPGA实时控制与硬件实现,,,1
C0038,电气计量校准与测量不确定度,C0700,永磁同步电机控制,,,1
C0038,电气计量校准与测量不确定度,C0714,层状及富镍锂电正极材料,,,3
C0038,电气计量校准与测量不确定度,C0741,电网状态估计与相量测量,,,5
C0038,电气计量校准与测量不确定度,,,Q.EDITORIAL,封面、索引、勘误等非研究正文,3
C0039,碳达峰与综合节能政策,C0621,工业能源审计与节能评估,,,2
C0039,碳达峰与综合节能政策,C0633,区域供热供冷系统,,,1
C0039,碳达峰与综合节能政策,C0720,气候变化减缓政策,,,7
C0040,碳定价与减排经济机制,C0124,电力系统碳计量与低碳调度,,,15
C0040,碳定价与减排经济机制,C0498,生物能源生命周期与可持续性,,,4
C0040,碳定价与减排经济机制,C0506,石油价格与市场经济,,,3
C0040,碳定价与减排经济机制,C0514,煤气化工艺与反应,,,1
C0040,碳定价与减排经济机制,C0527,碳税与环境税费,,,1765
C0040,碳定价与减排经济机制,C0553,电动汽车推广与购买行为,,,1
C0040,碳定价与减排经济机制,C0572,碳排放交易机制,,,1266
C0040,碳定价与减排经济机制,C0574,电力市场机制与制度设计,,,3
C0040,碳定价与减排经济机制,C0575,产消者能源交易,,,11
C0040,碳定价与减排经济机制,C0594,能源安全与转型战略,,,1
C0040,碳定价与减排经济机制,C0600,直接空气捕碳,,,6
C0040,碳定价与减排经济机制,C0612,国际气候协定与治理,,,3
C0040,碳定价与减排经济机制,C0633,区域供热供冷系统,,,2
C0040,碳定价与减排经济机制,C0635,综合能源系统规划配置,,,2
C0040,碳定价与减排经济机制,C0636,综合能源系统优化调度,,,8
C0040,碳定价与减排经济机制,C0642,绿色金融与能源投资,,,96
C0040,碳定价与减排经济机制,C0668,中国区域低碳经济与碳效率,,,49
C0040,碳定价与减排经济机制,C0674,森林资源经营与碳汇,,,80
C0040,碳定价与减排经济机制,C0719,气候变化适应与风险,,,1
C0040,碳定价与减排经济机制,C0720,气候变化减缓政策,,,43
C0040,碳定价与减排经济机制,C0738,木材加工与干燥,,,1
C0040,碳定价与减排经济机制,C0750,能源贫困与能源可及性,,,1
C0041,电池单体与模组构件装配,C0257,固体氧化物燃料电池,,,1
C0041,电池单体与模组构件装配,C0487,电池冷却与散热,,,54
C0041,电池单体与模组构件装配,C0491,电池电极涂布与辊压,,,1
C0041,电池单体与模组构件装配,C0511,电池装配工装与制造设备,,,20
C0041,电池单体与模组构件装配,C0519,电池隔膜制备与改性,,,2
C0041,电池单体与模组构件装配,C0641,电池盖板、端子与密封结构,,,28
C0041,电池单体与模组构件装配,C0657,电池单体均衡控制,,,3
C0041,电池单体与模组构件装配,C0683,电池火灾抑制与灭火,,,18
C0041,电池单体与模组构件装配,C0684,电池热失控与传播,,,2
C0041,电池单体与模组构件装配,C0699,电池模组与电池包装配结构,,,42
C0042,无线充电与充电器结构,C0154,无线电能传输电路与系统,,,34
C0042,无线充电与充电器结构,C0496,集成电路与功率模块封装,,,2
C0042,无线充电与充电器结构,C0512,无线充电器与装置,,,651
C0042,无线充电与充电器结构,C0602,摩擦纳米发电机,,,1
C0042,无线充电与充电器结构,C0608,隔离型DC-DC变换器,,,1
C0042,无线充电与充电器结构,C0622,谐振与软开关变换器,,,1
C0042,无线充电与充电器结构,C0638,电压检测与测量电路,,,1
C0042,无线充电与充电器结构,C0657,电池单体均衡控制,,,1
C0043,气体处理气化与天然气水合物,C0009,二氧化碳电还原催化,,,1
C0043,气体处理气化与天然气水合物,C0063,生物质热解与炭化,,,4
C0043,气体处理气化与天然气水合物,C0129,生物质与污泥厌氧消化产气,,,3
C0043,气体处理气化与天然气水合物,C0257,固体氧化物燃料电池,,,19
C0043,气体处理气化与天然气水合物,C0412,质子交换膜燃料电池运行与建模,,,62
C0043,气体处理气化与天然气水合物,C0513,天然气水合物生成与分解,,,324
C0043,气体处理气化与天然气水合物,C0514,煤气化工艺与反应,,,104
C0043,气体处理气化与天然气水合物,C0534,氢能技术经济与生命周期,,,2
C0043,气体处理气化与天然气水合物,C0536,燃料电池水管理,,,5
C0043,气体处理气化与天然气水合物,C0543,加氢站与氢气加注,,,1
C0043,气体处理气化与天然气水合物,C0551,燃气轮机热力性能,,,3
C0043,气体处理气化与天然气水合物,C0560,二氧化碳水合物形成与分离,,,110
C0043,气体处理气化与天然气水合物,C0565,二氧化碳干重整制合成气,,,6
C0043,气体处理气化与天然气水合物,C0566,蒸汽重整制氢与合成气,,,1
C0043,气体处理气化与天然气水合物,C0576,碱性水电解制氢,,,5
C0043,气体处理气化与天然气水合物,C0577,质子交换膜水电解制氢,,,1
C0043,气体处理气化与天然气水合物,C0614,电晕放电与电晕损耗,,,2
C0043,气体处理气化与天然气水合物,C0615,电气绝缘局部放电,,,3
C0043,气体处理气化与天然气水合物,C0623,氢能供应链与基础设施规划,,,1
C0043,气体处理气化与天然气水合物,C0629,超临界二氧化碳布雷顿循环,,,2
C0043,气体处理气化与天然气水合物,C0630,有机朗肯循环发电,,,67
C0043,气体处理气化与天然气水合物,C0634,二氧化碳催化加氢与甲烷化,,,7
C0043,气体处理气化与天然气水合物,C0644,沼气提纯与生物甲烷升级,,,6
C0043,气体处理气化与天然气水合物,C0662,吸收式制冷循环,,,1
C0043,气体处理气化与天然气水合物,C0670,二氧化碳溶剂吸收捕集,,,1
C0043,气体处理气化与天然气水合物,C0671,二氧化碳固体吸附捕集,,,21
C0043,气体处理气化与天然气水合物,C0680,生物质气化制合成气,,,249
C0043,气体处理气化与天然气水合物,C0681,生物质水热炭化,,,1
C0043,气体处理气化与天然气水合物,C0705,天然气管网优化运行,,,7
C0043,气体处理气化与天然气水合物,C0707,船舶燃料与能效,,,2
C0043,气体处理气化与天然气水合物,,,Q.EDITORIAL,封面、索引、勘误等非研究正文,4
C0044,二氧化碳及混合气体膜分离,C0510,光催化二氧化碳还原,,,1
C0044,二氧化碳及混合气体膜分离,C0514,煤气化工艺与反应,,,1
C0044,二氧化碳及混合气体膜分离,C0515,膜法海水淡化,,,4
C0044,二氧化碳及混合气体膜分离,C0516,分离膜污染与清洗,,,5
C0044,二氧化碳及混合气体膜分离,C0558,油水分离界面与膜材料,,,2
C0044,二氧化碳及混合气体膜分离,C0560,二氧化碳水合物形成与分离,,,8
C0044,二氧化碳及混合气体膜分离,C0565,二氧化碳干重整制合成气,,,1
C0044,二氧化碳及混合气体膜分离,C0576,碱性水电解制氢,,,1
C0044,二氧化碳及混合气体膜分离,C0577,质子交换膜水电解制氢,,,1
C0044,二氧化碳及混合气体膜分离,C0598,锂资源提取与分离,,,2
C0044,二氧化碳及混合气体膜分离,C0600,直接空气捕碳,,,29
C0044,二氧化碳及混合气体膜分离,C0634,二氧化碳催化加氢与甲烷化,,,8
C0044,二氧化碳及混合气体膜分离,C0644,沼气提纯与生物甲烷升级,,,7
C0044,二氧化碳及混合气体膜分离,C0662,吸收式制冷循环,,,1
C0044,二氧化碳及混合气体膜分离,C0670,二氧化碳溶剂吸收捕集,,,80
C0044,二氧化碳及混合气体膜分离,C0671,二氧化碳固体吸附捕集,,,141
C0044,二氧化碳及混合气体膜分离,C0693,活性炭制备与孔结构,,,2
C0044,二氧化碳及混合气体膜分离,C0695,铀钍提取与分离,,,4
C0044,二氧化碳及混合气体膜分离,,,Q.EDITORIAL,封面、索引、勘误等非研究正文,11
C0045,铜铟镓硒薄膜光伏,C0530,钙钛矿电池界面、钝化与传输层,,,12
C0045,铜铟镓硒薄膜光伏,C0532,钙钛矿叠层太阳能电池,,,8
C0045,铜铟镓硒薄膜光伏,C0541,光伏组件退化与寿命,,,1
C0045,铜铟镓硒薄膜光伏,C0542,光伏组件故障与缺陷检测,,,2
C0045,铜铟镓硒薄膜光伏,C0584,聚合物有机太阳能电池,,,285
C0045,铜铟镓硒薄膜光伏,C0586,小分子有机太阳能电池,,,4
C0045,铜铟镓硒薄膜光伏,C0590,非钙钛矿多结太阳能电池,,,253
C0045,铜铟镓硒薄膜光伏,C0678,聚光太阳能热发电,,,6
C0045,铜铟镓硒薄膜光伏,C0687,染料敏化电池对电极,,,22
C0045,铜铟镓硒薄膜光伏,C0688,染料敏化电池光阳极,,,2
C0045,铜铟镓硒薄膜光伏,C0723,光伏光热联合系统,,,3
C0045,铜铟镓硒薄膜光伏,,,Q.EDITORIAL,封面、索引、勘误等非研究正文,14
C0046,煤气化与燃煤清洁转化,C0063,生物质热解与炭化,,,3
C0046,煤气化与燃煤清洁转化,C0124,电力系统碳计量与低碳调度,,,2
C0046,煤气化与燃煤清洁转化,C0151,多孔碳吸附二氧化碳,,,3
C0046,煤气化与燃煤清洁转化,C0257,固体氧化物燃料电池,,,42
C0046,煤气化与燃煤清洁转化,C0417,固体氧化物电解池与可逆电化学单元,,,1
C0046,煤气化与燃煤清洁转化,C0473,二氧化碳地质封存与驱油,,,6
C0046,煤气化与燃煤清洁转化,C0498,生物能源生命周期与可持续性,,,4
C0046,煤气化与燃煤清洁转化,C0514,煤气化工艺与反应,,,563
C0046,煤气化与燃煤清洁转化,C0527,碳税与环境税费,,,1
C0046,煤气化与燃煤清洁转化,C0534,氢能技术经济与生命周期,,,3
C0046,煤气化与燃煤清洁转化,C0551,燃气轮机热力性能,,,6
C0046,煤气化与燃煤清洁转化,C0566,蒸汽重整制氢与合成气,,,1
C0046,煤气化与燃煤清洁转化,C0572,碳排放交易机制,,,2
C0046,煤气化与燃煤清洁转化,C0600,直接空气捕碳,,,1
C0046,煤气化与燃煤清洁转化,C0607,地热供热与发电利用,,,6
C0046,煤气化与燃煤清洁转化,C0629,超临界二氧化碳布雷顿循环,,,25
C0046,煤气化与燃煤清洁转化,C0630,有机朗肯循环发电,,,6
C0046,煤气化与燃煤清洁转化,C0633,区域供热供冷系统,,,2
C0046,煤气化与燃煤清洁转化,C0634,二氧化碳催化加氢与甲烷化,,,6
C0046,煤气化与燃煤清洁转化,C0636,综合能源系统优化调度,,,6
C0046,煤气化与燃煤清洁转化,C0644,沼气提纯与生物甲烷升级,,,1
C0046,煤气化与燃煤清洁转化,C0648,锂电石墨负极,,,1
C0046,煤气化与燃煤清洁转化,C0651,地源热泵与地埋换热器,,,1
C0046,煤气化与燃煤清洁转化,C0670,二氧化碳溶剂吸收捕集,,,3
C0046,煤气化与燃煤清洁转化,C0671,二氧化碳固体吸附捕集,,,18
C0046,煤气化与燃煤清洁转化,C0680,生物质气化制合成气,,,11
C0046,煤气化与燃煤清洁转化,C0681,生物质水热炭化,,,5
C0046,煤气化与燃煤清洁转化,C0693,活性炭制备与孔结构,,,26
C0046,煤气化与燃煤清洁转化,C0703,电站锅炉运行与燃烧,,,1
C0046,煤气化与燃煤清洁转化,C0725,废塑料回收与转化,,,1
C0046,煤气化与燃煤清洁转化,C0727,钠离子电池负极材料,,,1
C0047,分离膜制备与膜污染控制,C0009,二氧化碳电还原催化,,,3
C0047,分离膜制备与膜污染控制,C0060,超级电容器电极与器件,,,13
C0047,分离膜制备与膜污染控制,C0226,过硫酸盐活化与高级氧化,,,7
C0047,分离膜制备与膜污染控制,C0330,太阳能界面蒸发与海水淡化,,,2
C0047,分离膜制备与膜污染控制,C0412,质子交换膜燃料电池运行与建模,,,5
C0047,分离膜制备与膜污染控制,C0481,微生物燃料电池与生物产电,,,4
C0047,分离膜制备与膜污染控制,C0493,光催化制氢,,,1
C0047,分离膜制备与膜污染控制,C0515,膜法海水淡化,,,489
C0047,分离膜制备与膜污染控制,C0516,分离膜污染与清洗,,,1434
C0047,分离膜制备与膜污染控制,C0520,凝胶聚合物锂电解质,,,1
C0047,分离膜制备与膜污染控制,C0536,燃料电池水管理,,,3
C0047,分离膜制备与膜污染控制,C0537,其他材料光催化污染物降解,,,9
C0047,分离膜制备与膜污染控制,C0544,厌氧污水处理反应器,,,1
C0047,分离膜制备与膜污染控制,C0557,TiO₂光催化污染物降解,,,3
C0047,分离膜制备与膜污染控制,C0558,油水分离界面与膜材料,,,51
C0047,分离膜制备与膜污染控制,C0576,碱性水电解制氢,,,68
C0047,分离膜制备与膜污染控制,C0577,质子交换膜水电解制氢,,,7
C0047,分离膜制备与膜污染控制,C0583,碳化硅陶瓷结构材料,,,4
C0047,分离膜制备与膜污染控制,C0598,锂资源提取与分离,,,4
C0047,分离膜制备与膜污染控制,C0618,木质纤维素预处理,,,1
C0047,分离膜制备与膜污染控制,C0644,沼气提纯与生物甲烷升级,,,2
C0047,分离膜制备与膜污染控制,C0662,吸收式制冷循环,,,3
C0047,分离膜制备与膜污染控制,C0671,二氧化碳固体吸附捕集,,,1
C0047,分离膜制备与膜污染控制,C0739,水污染物吸附去除,,,9
C0047,分离膜制备与膜污染控制,C0745,热化学储热系统,,,1
C0047,分离膜制备与膜污染控制,,,Q.EDITORIAL,封面、索引、勘误等非研究正文,6
C0048,配电网柔性调度与协同规划,C0154,无线电能传输电路与系统,,,2
C0048,配电网柔性调度与协同规划,C0156,电力交易竞价与市场优化,,,8
C0048,配电网柔性调度与协同规划,C0246,虚拟电厂资源聚合与调度,,,6
C0048,配电网柔性调度与协同规划,C0408,配电网重构与优化运行,,,113
C0048,配电网柔性调度与协同规划,C0412,质子交换膜燃料电池运行与建模,,,1
C0048,配电网柔性调度与协同规划,C0504,电动汽车充电并网影响,,,7
C0048,配电网柔性调度与协同规划,C0517,配电网需求响应与柔性调度,,,210
C0048,配电网柔性调度与协同规划,C0524,储能运行调度与收益,,,49
C0048,配电网柔性调度与协同规划,C0525,储能容量配置与选址,,,12
C0048,配电网柔性调度与协同规划,C0538,智能电网通信架构,,,23
C0048,配电网柔性调度与协同规划,C0539,配电网谐波与电能质量治理,,,1
C0048,配电网柔性调度与协同规划,C0540,配电网电压无功优化,,,2
C0048,配电网柔性调度与协同规划,C0552,微电网能量管理与经济调度,,,24
C0048,配电网柔性调度与协同规划,C0563,电力线载波通信,,,3
C0048,配电网柔性调度与协同规划,C0572,碳排放交易机制,,,1
C0048,配电网柔性调度与协同规划,C0574,电力市场机制与制度设计,,,4
C0048,配电网柔性调度与协同规划,C0575,产消者能源交易,,,64
C0048,配电网柔性调度与协同规划,C0581,微电网下垂控制与功率分配,,,3
C0048,配电网柔性调度与协同规划,C0582,微电网孤岛切换与动态控制,,,4
C0048,配电网柔性调度与协同规划,C0588,电网接地与地网安全,,,1
C0048,配电网柔性调度与协同规划,C0592,电池荷电状态估计,,,1
C0048,配电网柔性调度与协同规划,C0597,电动汽车充电负荷预测,,,1
C0048,配电网柔性调度与协同规划,C0626,屋顶与分布式光伏部署,,,1
C0048,配电网柔性调度与协同规划,C0631,电动汽车充电站选址规划,,,1
C0048,配电网柔性调度与协同规划,C0632,电动汽车路径与补能规划,,,3
C0048,配电网柔性调度与协同规划,C0635,综合能源系统规划配置,,,5
C0048,配电网柔性调度与协同规划,C0636,综合能源系统优化调度,,,28
C0048,配电网柔性调度与协同规划,C0667,电网频率控制,,,3
C0048,配电网柔性调度与协同规划,C0686,电网灾害韧性与恢复,,,17
C0048,配电网柔性调度与协同规划,C0710,水电站运行调度,,,7
C0048,配电网柔性调度与协同规划,C0712,电力负荷预测,,,9
C0048,配电网柔性调度与协同规划,C0718,配电网规划与容量配置,,,221
C0048,配电网柔性调度与协同规划,,,Q.EDITORIAL,封面、索引、勘误等非研究正文,3
C0049,电池隔膜、聚合物电解质与粘结剂,C0060,超级电容器电极与器件,,,66
C0049,电池隔膜、聚合物电解质与粘结剂,C0191,固态储氢材料与反应器,,,1
C0049,电池隔膜、聚合物电解质与粘结剂,C0257,固体氧化物燃料电池,,,8
C0049,电池隔膜、聚合物电解质与粘结剂,C0266,燃料电池质子交换膜,,,1
C0049,电池隔膜、聚合物电解质与粘结剂,C0336,硅碳负极材料与制备,,,4
C0049,电池隔膜、聚合物电解质与粘结剂,C0412,质子交换膜燃料电池运行与建模,,,1
C0049,电池隔膜、聚合物电解质与粘结剂,C0441,二次电池电解液添加剂与配方,,,6
C0049,电池隔膜、聚合物电解质与粘结剂,C0487,电池冷却与散热,,,2
C0049,电池隔膜、聚合物电解质与粘结剂,C0491,电池电极涂布与辊压,,,13
C0049,电池隔膜、聚合物电解质与粘结剂,C0501,钠电池电解液与界面,,,8
C0049,电池隔膜、聚合物电解质与粘结剂,C0511,电池装配工装与制造设备,,,1
C0049,电池隔膜、聚合物电解质与粘结剂,C0516,分离膜污染与清洗,,,1
C0049,电池隔膜、聚合物电解质与粘结剂,C0518,电池电极粘结剂,,,156
C0049,电池隔膜、聚合物电解质与粘结剂,C0519,电池隔膜制备与改性,,,522
C0049,电池隔膜、聚合物电解质与粘结剂,C0520,凝胶聚合物锂电解质,,,49
C0049,电池隔膜、聚合物电解质与粘结剂,C0521,固态聚合物锂电解质,,,86
C0049,电池隔膜、聚合物电解质与粘结剂,C0556,水系锌离子电池,,,3
C0049,电池隔膜、聚合物电解质与粘结剂,C0567,石墨烯结构复合材料,,,1
C0049,电池隔膜、聚合物电解质与粘结剂,C0571,光伏电池与组件制造工艺,,,16
C0049,电池隔膜、聚合物电解质与粘结剂,C0576,碱性水电解制氢,,,5
C0049,电池隔膜、聚合物电解质与粘结剂,C0598,锂资源提取与分离,,,2
C0049,电池隔膜、聚合物电解质与粘结剂,C0602,摩擦纳米发电机,,,2
C0049,电池隔膜、聚合物电解质与粘结剂,C0616,锂金属负极界面稳定与枝晶抑制,,,1
C0049,电池隔膜、聚合物电解质与粘结剂,C0641,电池盖板、端子与密封结构,,,5
C0049,电池隔膜、聚合物电解质与粘结剂,C0647,电缆绝缘护套与导体结构,,,4
C0049,电池隔膜、聚合物电解质与粘结剂,C0648,锂电石墨负极,,,2
C0049,电池隔膜、聚合物电解质与粘结剂,C0673,硫化物固态电解质,,,1
C0049,电池隔膜、聚合物电解质与粘结剂,C0683,电池火灾抑制与灭火,,,4
C0049,电池隔膜、聚合物电解质与粘结剂,C0699,电池模组与电池包装配结构,,,1
C0049,电池隔膜、聚合物电解质与粘结剂,C0714,层状及富镍锂电正极材料,,,4
C0049,电池隔膜、聚合物电解质与粘结剂,C0715,锂电磷酸盐正极材料,,,7
C0049,电池隔膜、聚合物电解质与粘结剂,C0728,钠离子电池正极材料,,,5
C0049,电池隔膜、聚合物电解质与粘结剂,C0744,潜热储热系统,,,2
C0050,固态及凝胶聚合物电解质,C0500,压电能量采集,,,1
C0050,固态及凝胶聚合物电解质,C0501,钠电池电解液与界面,,,269
C0050,固态及凝胶聚合物电解质,C0516,分离膜污染与清洗,,,1
C0050,固态及凝胶聚合物电解质,C0518,电池电极粘结剂,,,212
C0050,固态及凝胶聚合物电解质,C0519,电池隔膜制备与改性,,,35
C0050,固态及凝胶聚合物电解质,C0520,凝胶聚合物锂电解质,,,728
C0050,固态及凝胶聚合物电解质,C0521,固态聚合物锂电解质,,,1074
C0050,固态及凝胶聚合物电解质,C0555,锌空气电池,,,1
C0050,固态及凝胶聚合物电解质,C0556,水系锌离子电池,,,34
C0050,固态及凝胶聚合物电解质,C0576,碱性水电解制氢,,,2
C0050,固态及凝胶聚合物电解质,C0577,质子交换膜水电解制氢,,,1
C0050,固态及凝胶聚合物电解质,C0598,锂资源提取与分离,,,2
C0050,固态及凝胶聚合物电解质,C0602,摩擦纳米发电机,,,8
C0050,固态及凝胶聚合物电解质,C0604,电池老化实验与循环寿命,,,2
C0050,固态及凝胶聚合物电解质,C0605,电池阻抗表征,,,1
C0050,固态及凝胶聚合物电解质,C0616,锂金属负极界面稳定与枝晶抑制,,,139
C0050,固态及凝胶聚合物电解质,C0648,锂电石墨负极,,,5
C0050,固态及凝胶聚合物电解质,C0673,硫化物固态电解质,,,5
C0050,固态及凝胶聚合物电解质,C0684,电池热失控与传播,,,1
C0050,固态及凝胶聚合物电解质,C0696,镁铝钙多价离子电池,,,4
C0050,固态及凝胶聚合物电解质,C0697,钾离子电池,,,1
C0050,固态及凝胶聚合物电解质,C0714,层状及富镍锂电正极材料,,,30
C0050,固态及凝胶聚合物电解质,C0715,锂电磷酸盐正极材料,,,47
C0050,固态及凝胶聚合物电解质,C0727,钠离子电池负极材料,,,5
C0050,固态及凝胶聚合物电解质,C0728,钠离子电池正极材料,,,28
C0050,固态及凝胶聚合物电解质,,,Q.EDITORIAL,封面、索引、勘误等非研究正文,23
C0051,储能及通用装置温控换热,C0060,超级电容器电极与器件,,,3
C0051,储能及通用装置温控换热,C0191,固态储氢材料与反应器,,,1
C0051,储能及通用装置温控换热,C0257,固体氧化物燃料电池,,,1
C0051,储能及通用装置温控换热,C0412,质子交换膜燃料电池运行与建模,,,1
C0051,储能及通用装置温控换热,C0487,电池冷却与散热,,,36
C0051,储能及通用装置温控换热,C0503,充电设施散热,,,3
C0051,储能及通用装置温控换热,C0515,膜法海水淡化,,,1
C0051,储能及通用装置温控换热,C0551,燃气轮机热力性能,,,1
C0051,储能及通用装置温控换热,C0561,蒸汽压缩制冷循环,,,4
C0051,储能及通用装置温控换热,C0607,地热供热与发电利用,,,4
C0051,储能及通用装置温控换热,C0633,区域供热供冷系统,,,3
C0051,储能及通用装置温控换热,C0650,空气源热泵,,,39
C0051,储能及通用装置温控换热,C0651,地源热泵与地埋换热器,,,30
C0051,储能及通用装置温控换热,C0662,吸收式制冷循环,,,7
C0051,储能及通用装置温控换热,C0663,吸附式制冷循环,,,4
C0051,储能及通用装置温控换热,C0665,换热器结构与传热强化,,,2
C0051,储能及通用装置温控换热,C0680,生物质气化制合成气,,,1
C0051,储能及通用装置温控换热,C0704,汽轮机运行与热力性能,,,1
C0051,储能及通用装置温控换热,C0744,潜热储热系统,,,14
C0052,电气故障保护与暂态检测,C0386,感应电机运行控制与性能,,,1
C0052,电气故障保护与暂态检测,C0408,配电网重构与优化运行,,,1
C0052,电气故障保护与暂态检测,C0435,智能电表物联网与用能监测,,,2
C0052,电气故障保护与暂态检测,C0517,配电网需求响应与柔性调度,,,5
C0052,电气故障保护与暂态检测,C0539,配电网谐波与电能质量治理,,,2
C0052,电气故障保护与暂态检测,C0546,永磁电机磁路与结构设计,,,1
C0052,电气故障保护与暂态检测,C0548,输配电线路故障检测与定位,,,2
C0052,电气故障保护与暂态检测,C0549,开关设备故障检测,,,1
C0052,电气故障保护与暂态检测,C0550,变压器故障诊断,,,11
C0052,电气故障保护与暂态检测,C0563,电力线载波通信,,,1
C0052,电气故障保护与暂态检测,C0589,输电线路雷击与防雷,,,2
C0052,电气故障保护与暂态检测,C0595,电网短路电流计算,,,1
C0052,电气故障保护与暂态检测,C0613,电力系统可靠性评估,,,2
C0052,电气故障保护与暂态检测,C0615,电气绝缘局部放电,,,9
C0052,电气故障保护与暂态检测,C0622,谐振与软开关变换器,,,1
C0052,电气故障保护与暂态检测,C0637,电流检测与测量电路,,,9
C0052,电气故障保护与暂态检测,C0638,电压检测与测量电路,,,7
C0052,电气故障保护与暂态检测,C0639,漏电与剩余电流保护,,,5
C0052,电气故障保护与暂态检测,C0645,电机驱动PWM与谐波控制,,,2
C0052,电气故障保护与暂态检测,C0646,电机转矩脉动抑制,,,1
C0052,电气故障保护与暂态检测,C0654,能源电力教学实验平台,,,1
C0052,电气故障保护与暂态检测,C0657,电池单体均衡控制,,,1
C0052,电气故障保护与暂态检测,C0667,电网频率控制,,,2
C0052,电气故障保护与暂态检测,C0684,电池热失控与传播,,,1
C0052,电气故障保护与暂态检测,C0700,永磁同步电机控制,,,11
C0052,电气故障保护与暂态检测,C0737,电力系统电压稳定,,,12
C0052,电气故障保护与暂态检测,C0741,电网状态估计与相量测量,,,1
C0052,电气故障保护与暂态检测,C0746,功率因数校正电路与控制,,,2
C0053,电能变换与驱动控制电路,C0060,超级电容器电极与器件,,,1
C0053,电能变换与驱动控制电路,C0154,无线电能传输电路与系统,,,4
C0053,电能变换与驱动控制电路,C0386,感应电机运行控制与性能,,,1
C0053,电能变换与驱动控制电路,C0496,集成电路与功率模块封装,,,1
C0053,电能变换与驱动控制电路,C0499,电磁能量采集,,,1
C0053,电能变换与驱动控制电路,C0512,无线充电器与装置,,,4
C0053,电能变换与驱动控制电路,C0563,电力线载波通信,,,2
C0053,电能变换与驱动控制电路,C0581,微电网下垂控制与功率分配,,,1
C0053,电能变换与驱动控制电路,C0622,谐振与软开关变换器,,,10
C0053,电能变换与驱动控制电路,C0637,电流检测与测量电路,,,7
C0053,电能变换与驱动控制电路,C0638,电压检测与测量电路,,,8
C0053,电能变换与驱动控制电路,C0639,漏电与剩余电流保护,,,1
C0053,电能变换与驱动控制电路,C0667,电网频率控制,,,1
C0053,电能变换与驱动控制电路,C0746,功率因数校正电路与控制,,,22
C0054,电价与输配电价监管政策,C0522,销售电价与用户电费政策,,,60
C0054,电价与输配电价监管政策,C0523,输配电价监管政策,,,44
C0054,电价与输配电价监管政策,C0528,可再生能源补贴机制,,,1
C0054,电价与输配电价监管政策,C0691,充电基础设施建设政策,,,1
C0054,电价与输配电价监管政策,C0692,公用事业接入与收费政策,,,10
C0055,含铜化合物结构与功能,C0009,二氧化碳电还原催化,,,10
C0055,含铜化合物结构与功能,C0060,超级电容器电极与器件,,,1
C0055,含铜化合物结构与功能,C0122,热电材料与热电性能优化,,,1
C0055,含铜化合物结构与功能,C0191,固态储氢材料与反应器,,,2
C0055,含铜化合物结构与功能,C0233,半导体光电化学水分解,,,1
C0055,含铜化合物结构与功能,C0257,固体氧化物燃料电池,,,3
C0055,含铜化合物结构与功能,C0355,染料敏化太阳能电池材料与器件,,,7
C0055,含铜化合物结构与功能,C0420,碳化硅功率半导体器件,,,1
C0055,含铜化合物结构与功能,C0510,光催化二氧化碳还原,,,1
C0055,含铜化合物结构与功能,C0530,钙钛矿电池界面、钝化与传输层,,,2
C0055,含铜化合物结构与功能,C0537,其他材料光催化污染物降解,,,3
C0055,含铜化合物结构与功能,C0560,二氧化碳水合物形成与分离,,,1
C0055,含铜化合物结构与功能,C0590,非钙钛矿多结太阳能电池,,,1
C0055,含铜化合物结构与功能,C0601,铜基热电材料,,,8
C0055,含铜化合物结构与功能,C0616,锂金属负极界面稳定与枝晶抑制,,,1
C0055,含铜化合物结构与功能,C0671,二氧化碳固体吸附捕集,,,3
C0055,含铜化合物结构与功能,C0689,染料敏化电池敏化剂,,,2
C0055,含铜化合物结构与功能,C0714,层状及富镍锂电正极材料,,,3
C0055,含铜化合物结构与功能,C0715,锂电磷酸盐正极材料,,,1
C0055,含铜化合物结构与功能,C0727,钠离子电池负极材料,,,3
C0055,含铜化合物结构与功能,,,Q.EDITORIAL,封面、索引、勘误等非研究正文,13
C0056,电储能系统配置与运行,C0060,超级电容器电极与器件,,,103
C0056,电储能系统配置与运行,C0124,电力系统碳计量与低碳调度,,,2
C0056,电储能系统配置与运行,C0156,电力交易竞价与市场优化,,,1
C0056,电储能系统配置与运行,C0246,虚拟电厂资源聚合与调度,,,14
C0056,电储能系统配置与运行,C0381,光伏发电功率预测方法与装置,,,1
C0056,电储能系统配置与运行,C0408,配电网重构与优化运行,,,2
C0056,电储能系统配置与运行,C0435,智能电表物联网与用能监测,,,1
C0056,电储能系统配置与运行,C0487,电池冷却与散热,,,2
C0056,电储能系统配置与运行,C0504,电动汽车充电并网影响,,,4
C0056,电储能系统配置与运行,C0517,配电网需求响应与柔性调度,,,6
C0056,电储能系统配置与运行,C0524,储能运行调度与收益,,,347
C0056,电储能系统配置与运行,C0525,储能容量配置与选址,,,410
C0056,电储能系统配置与运行,C0534,氢能技术经济与生命周期,,,4
C0056,电储能系统配置与运行,C0539,配电网谐波与电能质量治理,,,8
C0056,电储能系统配置与运行,C0540,配电网电压无功优化,,,5
C0056,电储能系统配置与运行,C0552,微电网能量管理与经济调度,,,134
C0056,电储能系统配置与运行,C0553,电动汽车推广与购买行为,,,1
C0056,电储能系统配置与运行,C0564,波浪能转换装置,,,2
C0056,电储能系统配置与运行,C0571,光伏电池与组件制造工艺,,,1
C0056,电储能系统配置与运行,C0572,碳排放交易机制,,,2
C0056,电储能系统配置与运行,C0574,电力市场机制与制度设计,,,3
C0056,电储能系统配置与运行,C0575,产消者能源交易,,,25
C0056,电储能系统配置与运行,C0581,微电网下垂控制与功率分配,,,26
C0056,电储能系统配置与运行,C0582,微电网孤岛切换与动态控制,,,17
C0056,电储能系统配置与运行,C0592,电池荷电状态估计,,,19
C0056,电储能系统配置与运行,C0593,电池健康状态与寿命预测,,,6
C0056,电储能系统配置与运行,C0604,电池老化实验与循环寿命,,,3
C0056,电储能系统配置与运行,C0607,地热供热与发电利用,,,1
C0056,电储能系统配置与运行,C0608,隔离型DC-DC变换器,,,1
C0056,电储能系统配置与运行,C0625,光伏技术经济与投资,,,8
C0056,电储能系统配置与运行,C0626,屋顶与分布式光伏部署,,,22
C0056,电储能系统配置与运行,C0631,电动汽车充电站选址规划,,,2
C0056,电储能系统配置与运行,C0633,区域供热供冷系统,,,2
C0056,电储能系统配置与运行,C0635,综合能源系统规划配置,,,15
C0056,电储能系统配置与运行,C0636,综合能源系统优化调度,,,26
C0056,电储能系统配置与运行,C0656,动力电池梯次利用,,,7
C0056,电储能系统配置与运行,C0657,电池单体均衡控制,,,3
C0056,电储能系统配置与运行,C0667,电网频率控制,,,10
C0056,电储能系统配置与运行,C0678,聚光太阳能热发电,,,5
C0056,电储能系统配置与运行,C0686,电网灾害韧性与恢复,,,14
C0056,电储能系统配置与运行,C0710,水电站运行调度,,,8
C0056,电储能系统配置与运行,C0712,电力负荷预测,,,1
C0056,电储能系统配置与运行,C0718,配电网规划与容量配置,,,54
C0056,电储能系统配置与运行,C0723,光伏光热联合系统,,,3
C0056,电储能系统配置与运行,C0729,建筑暖通空调能耗,,,2
C0056,电储能系统配置与运行,C0736,电力系统暂态稳定,,,2
C0056,电储能系统配置与运行,C0737,电力系统电压稳定,,,2
C0056,电储能系统配置与运行,C0744,潜热储热系统,,,1
C0056,电储能系统配置与运行,C0748,储能系统集成与安全装置,,,47
C0057,射频微波电路与功率放大,C0298,场效应晶体管结构与建模,,,8
C0057,射频微波电路与功率放大,C0496,集成电路与功率模块封装,,,13
C0057,射频微波电路与功率放大,C0499,电磁能量采集,,,7
C0057,射频微波电路与功率放大,C0500,压电能量采集,,,5
C0057,射频微波电路与功率放大,C0512,无线充电器与装置,,,4
C0057,射频微波电路与功率放大,C0533,氮化镓功率与结器件,,,155
C0057,射频微波电路与功率放大,C0539,配电网谐波与电能质量治理,,,3
C0057,射频微波电路与功率放大,C0548,输配电线路故障检测与定位,,,1
C0057,射频微波电路与功率放大,C0563,电力线载波通信,,,11
C0057,射频微波电路与功率放大,C0564,波浪能转换装置,,,3
C0057,射频微波电路与功率放大,C0602,摩擦纳米发电机,,,1
C0057,射频微波电路与功率放大,C0608,隔离型DC-DC变换器,,,1
C0057,射频微波电路与功率放大,C0615,电气绝缘局部放电,,,2
C0057,射频微波电路与功率放大,C0622,谐振与软开关变换器,,,138
C0057,射频微波电路与功率放大,C0645,电机驱动PWM与谐波控制,,,14
C0057,射频微波电路与功率放大,C0647,电缆绝缘护套与导体结构,,,2
C0057,射频微波电路与功率放大,C0679,FPGA实时控制与硬件实现,,,3
C0057,射频微波电路与功率放大,C0700,永磁同步电机控制,,,10
C0057,射频微波电路与功率放大,C0746,功率因数校正电路与控制,,,37
C0058,有价金属浸出回收,C0514,煤气化工艺与反应,,,3
C0058,有价金属浸出回收,C0516,分离膜污染与清洗,,,1
C0058,有价金属浸出回收,C0537,其他材料光催化污染物降解,,,3
C0058,有价金属浸出回收,C0560,二氧化碳水合物形成与分离,,,1
C0058,有价金属浸出回收,C0569,餐厨垃圾或污泥厌氧消化,,,4
C0058,有价金属浸出回收,C0598,锂资源提取与分离,,,19
C0058,有价金属浸出回收,C0616,锂金属负极界面稳定与枝晶抑制,,,1
C0058,有价金属浸出回收,C0660,废旧电池湿法回收,,,1
C0058,有价金属浸出回收,C0671,二氧化碳固体吸附捕集,,,11
C0058,有价金属浸出回收,C0681,生物质水热炭化,,,1
C0058,有价金属浸出回收,C0693,活性炭制备与孔结构,,,2
C0058,有价金属浸出回收,C0694,稀土元素提取分离,,,72
C0058,有价金属浸出回收,C0695,铀钍提取与分离,,,5
C0058,有价金属浸出回收,C0714,层状及富镍锂电正极材料,,,17
C0058,有价金属浸出回收,C0715,锂电磷酸盐正极材料,,,4
C0058,有价金属浸出回收,C0724,电子废物回收,,,127
C0058,有价金属浸出回收,C0739,水污染物吸附去除,,,76
C0058,有价金属浸出回收,C0740,水污染物电化学氧化,,,2
C0058,有价金属浸出回收,C0745,热化学储热系统,,,1
C0058,有价金属浸出回收,,,Q.EDITORIAL,封面、索引、勘误等非研究正文,1
C0058,有价金属浸出回收,,,Q.INSUFFICIENT,题名摘要不足，待补全,1
C0059,厌氧过程微生物与生物能源,C0063,生物质热解与炭化,,,1
C0059,厌氧过程微生物与生物能源,C0129,生物质与污泥厌氧消化产气,,,53
C0059,厌氧过程微生物与生物能源,C0226,过硫酸盐活化与高级氧化,,,65
C0059,厌氧过程微生物与生物能源,C0330,太阳能界面蒸发与海水淡化,,,1
C0059,厌氧过程微生物与生物能源,C0481,微生物燃料电池与生物产电,,,163
C0059,厌氧过程微生物与生物能源,C0497,藻类生物燃料,,,13
C0059,厌氧过程微生物与生物能源,C0498,生物能源生命周期与可持续性,,,6
C0059,厌氧过程微生物与生物能源,C0508,污泥脱水与调理,,,15
C0059,厌氧过程微生物与生物能源,C0515,膜法海水淡化,,,46
C0059,厌氧过程微生物与生物能源,C0516,分离膜污染与清洗,,,131
C0059,厌氧过程微生物与生物能源,C0526,厌氧发酵生物制氢,,,26
C0059,厌氧过程微生物与生物能源,C0537,其他材料光催化污染物降解,,,10
C0059,厌氧过程微生物与生物能源,C0544,厌氧污水处理反应器,,,58
C0059,厌氧过程微生物与生物能源,C0557,TiO₂光催化污染物降解,,,1
C0059,厌氧过程微生物与生物能源,C0569,餐厨垃圾或污泥厌氧消化,,,312
C0059,厌氧过程微生物与生物能源,C0570,畜禽粪便与农业残余厌氧消化,,,40
C0059,厌氧过程微生物与生物能源,C0618,木质纤维素预处理,,,8
C0059,厌氧过程微生物与生物能源,C0619,生物炭土壤改良,,,17
C0059,厌氧过程微生物与生物能源,C0644,沼气提纯与生物甲烷升级,,,35
C0059,厌氧过程微生物与生物能源,C0671,二氧化碳固体吸附捕集,,,1
C0059,厌氧过程微生物与生物能源,C0681,生物质水热炭化,,,1
C0059,厌氧过程微生物与生物能源,C0724,电子废物回收,,,1
C0059,厌氧过程微生物与生物能源,C0739,水污染物吸附去除,,,10
C0059,厌氧过程微生物与生物能源,C0740,水污染物电化学氧化,,,1
C0059,厌氧过程微生物与生物能源,,,Q.EDITORIAL,封面、索引、勘误等非研究正文,2
C0060,超级电容器电极与器件,C0487,电池冷却与散热,,,1
C0060,超级电容器电极与器件,C0501,钠电池电解液与界面,,,1
C0060,超级电容器电极与器件,C0602,摩擦纳米发电机,,,7
C0060,超级电容器电极与器件,C0714,层状及富镍锂电正极材料,,,3
C0060,超级电容器电极与器件,C0727,钠离子电池负极材料,,,2
C0060,超级电容器电极与器件,C0728,钠离子电池正极材料,,,2
C0060,超级电容器电极与器件,,,Q.EDITORIAL,封面、索引、勘误等非研究正文,29
C0061,有机合成与分子功能材料,C0298,场效应晶体管结构与建模,,,1
C0061,有机合成与分子功能材料,C0493,光催化制氢,,,12
C0061,有机合成与分子功能材料,C0498,生物能源生命周期与可持续性,,,1
C0061,有机合成与分子功能材料,C0501,钠电池电解液与界面,,,1
C0061,有机合成与分子功能材料,C0513,天然气水合物生成与分解,,,10
C0061,有机合成与分子功能材料,C0537,其他材料光催化污染物降解,,,8
C0061,有机合成与分子功能材料,C0557,TiO₂光催化污染物降解,,,2
C0061,有机合成与分子功能材料,C0560,二氧化碳水合物形成与分离,,,5
C0061,有机合成与分子功能材料,C0576,碱性水电解制氢,,,1
C0061,有机合成与分子功能材料,C0577,质子交换膜水电解制氢,,,1
C0061,有机合成与分子功能材料,C0630,有机朗肯循环发电,,,1
C0061,有机合成与分子功能材料,C0634,二氧化碳催化加氢与甲烷化,,,8
C0061,有机合成与分子功能材料,C0670,二氧化碳溶剂吸收捕集,,,68
C0061,有机合成与分子功能材料,C0671,二氧化碳固体吸附捕集,,,14
C0061,有机合成与分子功能材料,C0673,硫化物固态电解质,,,2
C0061,有机合成与分子功能材料,C0680,生物质气化制合成气,,,1
C0061,有机合成与分子功能材料,C0689,染料敏化电池敏化剂,,,1
C0061,有机合成与分子功能材料,C0694,稀土元素提取分离,,,5
C0061,有机合成与分子功能材料,C0695,铀钍提取与分离,,,1
C0061,有机合成与分子功能材料,C0714,层状及富镍锂电正极材料,,,1
C0061,有机合成与分子功能材料,C0728,钠离子电池正极材料,,,2
C0061,有机合成与分子功能材料,C0739,水污染物吸附去除,,,3
C0061,有机合成与分子功能材料,,,Q.EDITORIAL,封面、索引、勘误等非研究正文,42
C0062,热工设备换热与工况分析,C0063,生物质热解与炭化,,,3
C0062,热工设备换热与工况分析,C0257,固体氧化物燃料电池,,,1
C0062,热工设备换热与工况分析,C0330,太阳能界面蒸发与海水淡化,,,2
C0062,热工设备换热与工况分析,C0412,质子交换膜燃料电池运行与建模,,,14
C0062,热工设备换热与工况分析,C0487,电池冷却与散热,,,18
C0062,热工设备换热与工况分析,C0500,压电能量采集,,,1
C0062,热工设备换热与工况分析,C0509,太阳能热水与供热装置,,,24
C0062,热工设备换热与工况分析,C0513,天然气水合物生成与分解,,,1
C0062,热工设备换热与工况分析,C0515,膜法海水淡化,,,85
C0062,热工设备换热与工况分析,C0516,分离膜污染与清洗,,,4
C0062,热工设备换热与工况分析,C0536,燃料电池水管理,,,4
C0062,热工设备换热与工况分析,C0543,加氢站与氢气加注,,,4
C0062,热工设备换热与工况分析,C0547,建筑冷却与被动降温,,,2
C0062,热工设备换热与工况分析,C0551,燃气轮机热力性能,,,7
C0062,热工设备换热与工况分析,C0560,二氧化碳水合物形成与分离,,,4
C0062,热工设备换热与工况分析,C0561,蒸汽压缩制冷循环,,,16
C0062,热工设备换热与工况分析,C0564,波浪能转换装置,,,4
C0062,热工设备换热与工况分析,C0576,碱性水电解制氢,,,2
C0062,热工设备换热与工况分析,C0577,质子交换膜水电解制氢,,,8
C0062,热工设备换热与工况分析,C0606,地热资源勘探与储层建模,,,8
C0062,热工设备换热与工况分析,C0607,地热供热与发电利用,,,5
C0062,热工设备换热与工况分析,C0629,超临界二氧化碳布雷顿循环,,,2
C0062,热工设备换热与工况分析,C0630,有机朗肯循环发电,,,25
C0062,热工设备换热与工况分析,C0633,区域供热供冷系统,,,42
C0062,热工设备换热与工况分析,C0644,沼气提纯与生物甲烷升级,,,1
C0062,热工设备换热与工况分析,C0650,空气源热泵,,,48
C0062,热工设备换热与工况分析,C0651,地源热泵与地埋换热器,,,179
C0062,热工设备换热与工况分析,C0653,核聚变装置工程,,,7
C0062,热工设备换热与工况分析,C0661,温度传感与测量装置,,,1
C0062,热工设备换热与工况分析,C0662,吸收式制冷循环,,,54
C0062,热工设备换热与工况分析,C0663,吸附式制冷循环,,,6
C0062,热工设备换热与工况分析,C0665,换热器结构与传热强化,,,25
C0062,热工设备换热与工况分析,C0678,聚光太阳能热发电,,,1
C0062,热工设备换热与工况分析,C0680,生物质气化制合成气,,,2
C0062,热工设备换热与工况分析,C0682,生物质水热液化,,,1
C0062,热工设备换热与工况分析,C0704,汽轮机运行与热力性能,,,1
C0062,热工设备换热与工况分析,C0723,光伏光热联合系统,,,8
C0062,热工设备换热与工况分析,C0744,潜热储热系统,,,21
C0062,热工设备换热与工况分析,C0745,热化学储热系统,,,3
C0063,生物质热解与炭化,C0129,生物质与污泥厌氧消化产气,,,31
C0063,生物质热解与炭化,C0497,藻类生物燃料,,,1
C0063,生物质热解与炭化,C0498,生物能源生命周期与可持续性,,,18
C0063,生物质热解与炭化,C0526,厌氧发酵生物制氢,,,13
C0063,生物质热解与炭化,C0534,氢能技术经济与生命周期,,,2
C0063,生物质热解与炭化,C0561,蒸汽压缩制冷循环,,,1
C0063,生物质热解与炭化,C0566,蒸汽重整制氢与合成气,,,2
C0063,生物质热解与炭化,C0569,餐厨垃圾或污泥厌氧消化,,,1
C0063,生物质热解与炭化,C0570,畜禽粪便与农业残余厌氧消化,,,3
C0063,生物质热解与炭化,C0618,木质纤维素预处理,,,3
C0063,生物质热解与炭化,C0619,生物炭土壤改良,,,1
C0063,生物质热解与炭化,C0620,生物炭水污染物去除,,,2
C0063,生物质热解与炭化,C0630,有机朗肯循环发电,,,23
C0063,生物质热解与炭化,C0644,沼气提纯与生物甲烷升级,,,11
C0063,生物质热解与炭化,C0662,吸收式制冷循环,,,1
C0063,生物质热解与炭化,C0671,二氧化碳固体吸附捕集,,,4
C0063,生物质热解与炭化,C0680,生物质气化制合成气,,,671
C0063,生物质热解与炭化,C0681,生物质水热炭化,,,12
C0063,生物质热解与炭化,C0682,生物质水热液化,,,3
C0063,生物质热解与炭化,C0693,活性炭制备与孔结构,,,22
C0063,生物质热解与炭化,C0716,柴油机燃烧与排放,,,2
C0063,生物质热解与炭化,C0725,废塑料回收与转化,,,65
C0063,生物质热解与炭化,C0738,木材加工与干燥,,,1
C0063,生物质热解与炭化,C0744,潜热储热系统,,,1
C0063,生物质热解与炭化,,,Q.EDITORIAL,封面、索引、勘误等非研究正文,2
C0064,锂钠电池电解液与正极配方,C0060,超级电容器电极与器件,,,4
C0064,锂钠电池电解液与正极配方,C0257,固体氧化物燃料电池,,,7
C0064,锂钠电池电解液与正极配方,C0336,硅碳负极材料与制备,,,7
C0064,锂钠电池电解液与正极配方,C0407,水系锌电池负极及界面稳定,,,3
C0064,锂钠电池电解液与正极配方,C0441,二次电池电解液添加剂与配方,,,25
C0064,锂钠电池电解液与正极配方,C0487,电池冷却与散热,,,2
C0064,锂钠电池电解液与正极配方,C0491,电池电极涂布与辊压,,,1
C0064,锂钠电池电解液与正极配方,C0501,钠电池电解液与界面,,,56
C0064,锂钠电池电解液与正极配方,C0511,电池装配工装与制造设备,,,1
C0064,锂钠电池电解液与正极配方,C0518,电池电极粘结剂,,,14
C0064,锂钠电池电解液与正极配方,C0519,电池隔膜制备与改性,,,60
C0064,锂钠电池电解液与正极配方,C0521,固态聚合物锂电解质,,,2
C0064,锂钠电池电解液与正极配方,C0555,锌空气电池,,,1
C0064,锂钠电池电解液与正极配方,C0556,水系锌离子电池,,,167
C0064,锂钠电池电解液与正极配方,C0598,锂资源提取与分离,,,3
C0064,锂钠电池电解液与正极配方,C0601,铜基热电材料,,,1
C0064,锂钠电池电解液与正极配方,C0604,电池老化实验与循环寿命,,,5
C0064,锂钠电池电解液与正极配方,C0616,锂金属负极界面稳定与枝晶抑制,,,5
C0064,锂钠电池电解液与正极配方,C0648,锂电石墨负极,,,2
C0064,锂钠电池电解液与正极配方,C0660,废旧电池湿法回收,,,1
C0064,锂钠电池电解液与正极配方,C0683,电池火灾抑制与灭火,,,10
C0064,锂钠电池电解液与正极配方,C0684,电池热失控与传播,,,3
C0064,锂钠电池电解液与正极配方,C0696,镁铝钙多价离子电池,,,12
C0064,锂钠电池电解液与正极配方,C0714,层状及富镍锂电正极材料,,,21
C0064,锂钠电池电解液与正极配方,C0715,锂电磷酸盐正极材料,,,78
C0064,锂钠电池电解液与正极配方,C0727,钠离子电池负极材料,,,58
C0064,锂钠电池电解液与正极配方,C0728,钠离子电池正极材料,,,115
C0064,锂钠电池电解液与正极配方,,,Q.EDITORIAL,封面、索引、勘误等非研究正文,1
C0065,电磁兼容干扰与电缆检测,C0154,无线电能传输电路与系统,,,9
C0065,电磁兼容干扰与电缆检测,C0298,场效应晶体管结构与建模,,,2
C0065,电磁兼容干扰与电缆检测,C0387,有机发光二极管与发光材料,,,2
C0065,电磁兼容干扰与电缆检测,C0420,碳化硅功率半导体器件,,,1
C0065,电磁兼容干扰与电缆检测,C0435,智能电表物联网与用能监测,,,1
C0065,电磁兼容干扰与电缆检测,C0472,多电平逆变器拓扑与调制,,,3
C0065,电磁兼容干扰与电缆检测,C0499,电磁能量采集,,,23
C0065,电磁兼容干扰与电缆检测,C0500,压电能量采集,,,12
C0065,电磁兼容干扰与电缆检测,C0533,氮化镓功率与结器件,,,31
C0065,电磁兼容干扰与电缆检测,C0539,配电网谐波与电能质量治理,,,3
C0065,电磁兼容干扰与电缆检测,C0540,配电网电压无功优化,,,1
C0065,电磁兼容干扰与电缆检测,C0548,输配电线路故障检测与定位,,,54
C0065,电磁兼容干扰与电缆检测,C0549,开关设备故障检测,,,1
C0065,电磁兼容干扰与电缆检测,C0550,变压器故障诊断,,,1
C0065,电磁兼容干扰与电缆检测,C0563,电力线载波通信,,,4
C0065,电磁兼容干扰与电缆检测,C0564,波浪能转换装置,,,31
C0065,电磁兼容干扰与电缆检测,C0589,输电线路雷击与防雷,,,10
C0065,电磁兼容干扰与电缆检测,C0602,摩擦纳米发电机,,,1
C0065,电磁兼容干扰与电缆检测,C0614,电晕放电与电晕损耗,,,6
C0065,电磁兼容干扰与电缆检测,C0615,电气绝缘局部放电,,,31
C0065,电磁兼容干扰与电缆检测,C0622,谐振与软开关变换器,,,2
C0065,电磁兼容干扰与电缆检测,C0637,电流检测与测量电路,,,1
C0065,电磁兼容干扰与电缆检测,C0638,电压检测与测量电路,,,14
C0065,电磁兼容干扰与电缆检测,C0647,电缆绝缘护套与导体结构,,,12
C0065,电磁兼容干扰与电缆检测,C0661,温度传感与测量装置,,,2
C0065,电磁兼容干扰与电缆检测,C0664,LED照明灯具与配光,,,4
C0065,电磁兼容干扰与电缆检测,C0666,功率半导体器件,,,1
C0065,电磁兼容干扰与电缆检测,C0700,永磁同步电机控制,,,1
C0065,电磁兼容干扰与电缆检测,C0746,功率因数校正电路与控制,,,1
C0065,电磁兼容干扰与电缆检测,,,Q.EDITORIAL,封面、索引、勘误等非研究正文,3
C0066,环境税费补贴与市场规制,C0156,电力交易竞价与市场优化,,,3
C0066,环境税费补贴与市场规制,C0517,配电网需求响应与柔性调度,,,1
C0066,环境税费补贴与市场规制,C0527,碳税与环境税费,,,23
C0066,环境税费补贴与市场规制,C0553,电动汽车推广与购买行为,,,1
C0066,环境税费补贴与市场规制,C0572,碳排放交易机制,,,15
C0066,环境税费补贴与市场规制,C0574,电力市场机制与制度设计,,,1
C0066,环境税费补贴与市场规制,C0575,产消者能源交易,,,19
C0066,环境税费补贴与市场规制,C0633,区域供热供冷系统,,,1
C0066,环境税费补贴与市场规制,C0642,绿色金融与能源投资,,,4
C0066,环境税费补贴与市场规制,C0668,中国区域低碳经济与碳效率,,,1
C0066,环境税费补贴与市场规制,C0718,配电网规划与容量配置,,,2
C0066,环境税费补贴与市场规制,,,Q.EDITORIAL,封面、索引、勘误等非研究正文,4
C0067,钙钛矿太阳能电池界面与器件性能,C0060,超级电容器电极与器件,,,1
C0067,钙钛矿太阳能电池界面与器件性能,C0233,半导体光电化学水分解,,,1
C0067,钙钛矿太阳能电池界面与器件性能,C0355,染料敏化太阳能电池材料与器件,,,29
C0067,钙钛矿太阳能电池界面与器件性能,C0529,钙钛矿吸收层结晶与成膜,,,420
C0067,钙钛矿太阳能电池界面与器件性能,C0530,钙钛矿电池界面、钝化与传输层,,,5978
C0067,钙钛矿太阳能电池界面与器件性能,C0531,钙钛矿电池稳定性与衰减,,,282
C0067,钙钛矿太阳能电池界面与器件性能,C0532,钙钛矿叠层太阳能电池,,,1530
C0067,钙钛矿太阳能电池界面与器件性能,C0537,其他材料光催化污染物降解,,,2
C0067,钙钛矿太阳能电池界面与器件性能,C0571,光伏电池与组件制造工艺,,,5
C0067,钙钛矿太阳能电池界面与器件性能,C0584,聚合物有机太阳能电池,,,29
C0067,钙钛矿太阳能电池界面与器件性能,C0586,小分子有机太阳能电池,,,1
C0067,钙钛矿太阳能电池界面与器件性能,C0590,非钙钛矿多结太阳能电池,,,7
C0067,钙钛矿太阳能电池界面与器件性能,C0602,摩擦纳米发电机,,,2
C0067,钙钛矿太阳能电池界面与器件性能,C0625,光伏技术经济与投资,,,1
C0067,钙钛矿太阳能电池界面与器件性能,C0687,染料敏化电池对电极,,,2
C0067,钙钛矿太阳能电池界面与器件性能,C0688,染料敏化电池光阳极,,,1
C0067,钙钛矿太阳能电池界面与器件性能,C0689,染料敏化电池敏化剂,,,2
C0067,钙钛矿太阳能电池界面与器件性能,,,Q.EDITORIAL,封面、索引、勘误等非研究正文,26
C0068,水热溶剂热合成与功能材料,C0009,二氧化碳电还原催化,,,1
C0068,水热溶剂热合成与功能材料,C0060,超级电容器电极与器件,,,267
C0068,水热溶剂热合成与功能材料,C0063,生物质热解与炭化,,,1
C0068,水热溶剂热合成与功能材料,C0155,电解水析氧催化,,,4
C0068,水热溶剂热合成与功能材料,C0191,固态储氢材料与反应器,,,1
C0068,水热溶剂热合成与功能材料,C0254,电催化析氢与界面调控,,,6
C0068,水热溶剂热合成与功能材料,C0257,固体氧化物燃料电池,,,9
C0068,水热溶剂热合成与功能材料,C0278,整体电催化水分解,,,1
C0068,水热溶剂热合成与功能材料,C0330,太阳能界面蒸发与海水淡化,,,15
C0068,水热溶剂热合成与功能材料,C0336,硅碳负极材料与制备,,,2
C0068,水热溶剂热合成与功能材料,C0355,染料敏化太阳能电池材料与器件,,,1
C0068,水热溶剂热合成与功能材料,C0473,二氧化碳地质封存与驱油,,,1
C0068,水热溶剂热合成与功能材料,C0487,电池冷却与散热,,,4
C0068,水热溶剂热合成与功能材料,C0493,光催化制氢,,,4
C0068,水热溶剂热合成与功能材料,C0509,太阳能热水与供热装置,,,3
C0068,水热溶剂热合成与功能材料,C0510,光催化二氧化碳还原,,,2
C0068,水热溶剂热合成与功能材料,C0513,天然气水合物生成与分解,,,7
C0068,水热溶剂热合成与功能材料,C0516,分离膜污染与清洗,,,1
C0068,水热溶剂热合成与功能材料,C0518,电池电极粘结剂,,,1
C0068,水热溶剂热合成与功能材料,C0537,其他材料光催化污染物降解,,,10
C0068,水热溶剂热合成与功能材料,C0556,水系锌离子电池,,,1
C0068,水热溶剂热合成与功能材料,C0557,TiO₂光催化污染物降解,,,3
C0068,水热溶剂热合成与功能材料,C0560,二氧化碳水合物形成与分离,,,6
C0068,水热溶剂热合成与功能材料,C0576,碱性水电解制氢,,,1
C0068,水热溶剂热合成与功能材料,C0583,碳化硅陶瓷结构材料,,,4
C0068,水热溶剂热合成与功能材料,C0601,铜基热电材料,,,4
C0068,水热溶剂热合成与功能材料,C0602,摩擦纳米发电机,,,8
C0068,水热溶剂热合成与功能材料,C0603,ZnO光催化污染物降解,,,1
C0068,水热溶剂热合成与功能材料,C0634,二氧化碳催化加氢与甲烷化,,,3
C0068,水热溶剂热合成与功能材料,C0671,二氧化碳固体吸附捕集,,,32
C0068,水热溶剂热合成与功能材料,C0678,聚光太阳能热发电,,,1
C0068,水热溶剂热合成与功能材料,C0695,铀钍提取与分离,,,1
C0068,水热溶剂热合成与功能材料,C0714,层状及富镍锂电正极材料,,,2
C0068,水热溶剂热合成与功能材料,C0715,锂电磷酸盐正极材料,,,10
C0068,水热溶剂热合成与功能材料,C0723,光伏光热联合系统,,,1
C0068,水热溶剂热合成与功能材料,C0725,废塑料回收与转化,,,1
C0068,水热溶剂热合成与功能材料,C0727,钠离子电池负极材料,,,1
C0068,水热溶剂热合成与功能材料,C0728,钠离子电池正极材料,,,1
C0068,水热溶剂热合成与功能材料,C0744,潜热储热系统,,,77
C0068,水热溶剂热合成与功能材料,C0745,热化学储热系统,,,10
C0069,宽禁带半导体外延与结器件,C0060,超级电容器电极与器件,,,5
C0069,宽禁带半导体外延与结器件,C0122,热电材料与热电性能优化,,,1
C0069,宽禁带半导体外延与结器件,C0257,固体氧化物燃料电池,,,1
C0069,宽禁带半导体外延与结器件,C0298,场效应晶体管结构与建模,,,4
C0069,宽禁带半导体外延与结器件,C0336,硅碳负极材料与制备,,,5
C0069,宽禁带半导体外延与结器件,C0387,有机发光二极管与发光材料,,,34
C0069,宽禁带半导体外延与结器件,C0420,碳化硅功率半导体器件,,,20
C0069,宽禁带半导体外延与结器件,C0472,多电平逆变器拓扑与调制,,,5
C0069,宽禁带半导体外延与结器件,C0533,氮化镓功率与结器件,,,135
C0069,宽禁带半导体外延与结器件,C0590,非钙钛矿多结太阳能电池,,,1
C0069,宽禁带半导体外延与结器件,C0653,核聚变装置工程,,,1
C0069,宽禁带半导体外延与结器件,C0714,层状及富镍锂电正极材料,,,3
C0069,宽禁带半导体外延与结器件,C0746,功率因数校正电路与控制,,,1
C0069,宽禁带半导体外延与结器件,,,Q.EDITORIAL,封面、索引、勘误等非研究正文,4
C0069,宽禁带半导体外延与结器件,,,Q.INSUFFICIENT,题名摘要不足，待补全,3
C0070,气象水文预测与环境评估,C0129,生物质与污泥厌氧消化产气,,,5
C0070,气象水文预测与环境评估,C0381,光伏发电功率预测方法与装置,,,1
C0070,气象水文预测与环境评估,C0412,质子交换膜燃料电池运行与建模,,,2
C0070,气象水文预测与环境评估,C0498,生物能源生命周期与可持续性,,,1
C0070,气象水文预测与环境评估,C0502,潮汐与潮流能开发,,,2
C0070,气象水文预测与环境评估,C0515,膜法海水淡化,,,2
C0070,气象水文预测与环境评估,C0539,配电网谐波与电能质量治理,,,1
C0070,气象水文预测与环境评估,C0564,波浪能转换装置,,,2
C0070,气象水文预测与环境评估,C0565,二氧化碳干重整制合成气,,,1
C0070,气象水文预测与环境评估,C0587,太阳辐照度预测估算,,,5
C0070,气象水文预测与环境评估,C0593,电池健康状态与寿命预测,,,1
C0070,气象水文预测与环境评估,C0606,地热资源勘探与储层建模,,,1
C0070,气象水文预测与环境评估,C0630,有机朗肯循环发电,,,1
C0070,气象水文预测与环境评估,C0633,区域供热供冷系统,,,8
C0070,气象水文预测与环境评估,C0643,电力设施覆冰与除冰,,,5
C0070,气象水文预测与环境评估,C0651,地源热泵与地埋换热器,,,1
C0070,气象水文预测与环境评估,C0674,森林资源经营与碳汇,,,1
C0070,气象水文预测与环境评估,C0675,风电出力预测,,,3
C0070,气象水文预测与环境评估,C0676,风速预测,,,9
C0070,气象水文预测与环境评估,C0680,生物质气化制合成气,,,5
C0070,气象水文预测与环境评估,C0686,电网灾害韧性与恢复,,,13
C0070,气象水文预测与环境评估,C0710,水电站运行调度,,,1
C0070,气象水文预测与环境评估,C0712,电力负荷预测,,,33
C0070,气象水文预测与环境评估,C0718,配电网规划与容量配置,,,5
C0070,气象水文预测与环境评估,C0719,气候变化适应与风险,,,4
C0070,气象水文预测与环境评估,C0720,气候变化减缓政策,,,2
C0070,气象水文预测与环境评估,C0733,灌溉水资源优化调度,,,3
C0071,功能聚合物合成与结构,C0298,场效应晶体管结构与建模,,,3
C0071,功能聚合物合成与结构,C0493,光催化制氢,,,1
C0071,功能聚合物合成与结构,C0501,钠电池电解液与界面,,,1
C0071,功能聚合物合成与结构,C0516,分离膜污染与清洗,,,4
C0071,功能聚合物合成与结构,C0518,电池电极粘结剂,,,10
C0071,功能聚合物合成与结构,C0520,凝胶聚合物锂电解质,,,15
C0071,功能聚合物合成与结构,C0521,固态聚合物锂电解质,,,47
C0071,功能聚合物合成与结构,C0537,其他材料光催化污染物降解,,,2
C0071,功能聚合物合成与结构,C0558,油水分离界面与膜材料,,,1
C0071,功能聚合物合成与结构,C0584,聚合物有机太阳能电池,,,185
C0071,功能聚合物合成与结构,C0602,摩擦纳米发电机,,,1
C0071,功能聚合物合成与结构,C0616,锂金属负极界面稳定与枝晶抑制,,,2
C0071,功能聚合物合成与结构,C0634,二氧化碳催化加氢与甲烷化,,,1
C0071,功能聚合物合成与结构,C0671,二氧化碳固体吸附捕集,,,3
C0071,功能聚合物合成与结构,C0694,稀土元素提取分离,,,1
C0071,功能聚合物合成与结构,C0714,层状及富镍锂电正极材料,,,2
C0071,功能聚合物合成与结构,C0725,废塑料回收与转化,,,1
C0071,功能聚合物合成与结构,C0728,钠离子电池正极材料,,,4
C0071,功能聚合物合成与结构,C0739,水污染物吸附去除,,,3
C0071,功能聚合物合成与结构,,,Q.EDITORIAL,封面、索引、勘误等非研究正文,16
C0072,氢能产业与制氢技术经济,C0063,生物质热解与炭化,,,3
C0072,氢能产业与制氢技术经济,C0191,固态储氢材料与反应器,,,19
C0072,氢能产业与制氢技术经济,C0233,半导体光电化学水分解,,,3
C0072,氢能产业与制氢技术经济,C0254,电催化析氢与界面调控,,,3
C0072,氢能产业与制氢技术经济,C0257,固体氧化物燃料电池,,,3
C0072,氢能产业与制氢技术经济,C0412,质子交换膜燃料电池运行与建模,,,1
C0072,氢能产业与制氢技术经济,C0417,固体氧化物电解池与可逆电化学单元,,,1
C0072,氢能产业与制氢技术经济,C0473,二氧化碳地质封存与驱油,,,1
C0072,氢能产业与制氢技术经济,C0489,海上风电开发与技术经济,,,5
C0072,氢能产业与制氢技术经济,C0490,风能资源评估与选址,,,3
C0072,氢能产业与制氢技术经济,C0493,光催化制氢,,,10
C0072,氢能产业与制氢技术经济,C0498,生物能源生命周期与可持续性,,,1
C0072,氢能产业与制氢技术经济,C0502,潮汐与潮流能开发,,,1
C0072,氢能产业与制氢技术经济,C0514,煤气化工艺与反应,,,2
C0072,氢能产业与制氢技术经济,C0526,厌氧发酵生物制氢,,,2
C0072,氢能产业与制氢技术经济,C0528,可再生能源补贴机制,,,1
C0072,氢能产业与制氢技术经济,C0534,氢能技术经济与生命周期,,,843
C0072,氢能产业与制氢技术经济,C0543,加氢站与氢气加注,,,117
C0072,氢能产业与制氢技术经济,C0552,微电网能量管理与经济调度,,,4
C0072,氢能产业与制氢技术经济,C0553,电动汽车推广与购买行为,,,1
C0072,氢能产业与制氢技术经济,C0566,蒸汽重整制氢与合成气,,,4
C0072,氢能产业与制氢技术经济,C0572,碳排放交易机制,,,2
C0072,氢能产业与制氢技术经济,C0575,产消者能源交易,,,1
C0072,氢能产业与制氢技术经济,C0576,碱性水电解制氢,,,9
C0072,氢能产业与制氢技术经济,C0594,能源安全与转型战略,,,2
C0072,氢能产业与制氢技术经济,C0600,直接空气捕碳,,,1
C0072,氢能产业与制氢技术经济,C0606,地热资源勘探与储层建模,,,1
C0072,氢能产业与制氢技术经济,C0623,氢能供应链与基础设施规划,,,575
C0072,氢能产业与制氢技术经济,C0633,区域供热供冷系统,,,4
C0072,氢能产业与制氢技术经济,C0634,二氧化碳催化加氢与甲烷化,,,8
C0072,氢能产业与制氢技术经济,C0635,综合能源系统规划配置,,,5
C0072,氢能产业与制氢技术经济,C0636,综合能源系统优化调度,,,8
C0072,氢能产业与制氢技术经济,C0642,绿色金融与能源投资,,,2
C0072,氢能产业与制氢技术经济,C0680,生物质气化制合成气,,,12
C0072,氢能产业与制氢技术经济,C0686,电网灾害韧性与恢复,,,1
C0072,氢能产业与制氢技术经济,C0707,船舶燃料与能效,,,38
C0072,氢能产业与制氢技术经济,C0718,配电网规划与容量配置,,,2
C0072,氢能产业与制氢技术经济,C0720,气候变化减缓政策,,,3
C0072,氢能产业与制氢技术经济,C0725,废塑料回收与转化,,,1
C0072,氢能产业与制氢技术经济,C0750,能源贫困与能源可及性,,,4
C0072,氢能产业与制氢技术经济,,,Q.EDITORIAL,封面、索引、勘误等非研究正文,6
C0073,电极过程与电化学沉积,C0009,二氧化碳电还原催化,,,141
C0073,电极过程与电化学沉积,C0060,超级电容器电极与器件,,,169
C0073,电极过程与电化学沉积,C0155,电解水析氧催化,,,25
C0073,电极过程与电化学沉积,C0191,固态储氢材料与反应器,,,3
C0073,电极过程与电化学沉积,C0226,过硫酸盐活化与高级氧化,,,3
C0073,电极过程与电化学沉积,C0254,电催化析氢与界面调控,,,17
C0073,电极过程与电化学沉积,C0257,固体氧化物燃料电池,,,100
C0073,电极过程与电化学沉积,C0278,整体电催化水分解,,,1
C0073,电极过程与电化学沉积,C0336,硅碳负极材料与制备,,,14
C0073,电极过程与电化学沉积,C0355,染料敏化太阳能电池材料与器件,,,3
C0073,电极过程与电化学沉积,C0358,非贵金属氧还原电催化材料,,,3
C0073,电极过程与电化学沉积,C0387,有机发光二极管与发光材料,,,10
C0073,电极过程与电化学沉积,C0407,水系锌电池负极及界面稳定,,,4
C0073,电极过程与电化学沉积,C0417,固体氧化物电解池与可逆电化学单元,,,278
C0073,电极过程与电化学沉积,C0420,碳化硅功率半导体器件,,,1
C0073,电极过程与电化学沉积,C0441,二次电池电解液添加剂与配方,,,16
C0073,电极过程与电化学沉积,C0491,电池电极涂布与辊压,,,1
C0073,电极过程与电化学沉积,C0499,电磁能量采集,,,1
C0073,电极过程与电化学沉积,C0501,钠电池电解液与界面,,,82
C0073,电极过程与电化学沉积,C0518,电池电极粘结剂,,,2
C0073,电极过程与电化学沉积,C0520,凝胶聚合物锂电解质,,,1
C0073,电极过程与电化学沉积,C0533,氮化镓功率与结器件,,,1
C0073,电极过程与电化学沉积,C0537,其他材料光催化污染物降解,,,1
C0073,电极过程与电化学沉积,C0576,碱性水电解制氢,,,33
C0073,电极过程与电化学沉积,C0577,质子交换膜水电解制氢,,,5
C0073,电极过程与电化学沉积,C0592,电池荷电状态估计,,,1
C0073,电极过程与电化学沉积,C0601,铜基热电材料,,,1
C0073,电极过程与电化学沉积,C0602,摩擦纳米发电机,,,3
C0073,电极过程与电化学沉积,C0605,电池阻抗表征,,,10
C0073,电极过程与电化学沉积,C0616,锂金属负极界面稳定与枝晶抑制,,,27
C0073,电极过程与电化学沉积,C0648,锂电石墨负极,,,3
C0073,电极过程与电化学沉积,C0673,硫化物固态电解质,,,4
C0073,电极过程与电化学沉积,C0687,染料敏化电池对电极,,,2
C0073,电极过程与电化学沉积,C0695,铀钍提取与分离,,,2
C0073,电极过程与电化学沉积,C0696,镁铝钙多价离子电池,,,10
C0073,电极过程与电化学沉积,C0714,层状及富镍锂电正极材料,,,49
C0073,电极过程与电化学沉积,C0715,锂电磷酸盐正极材料,,,12
C0073,电极过程与电化学沉积,C0724,电子废物回收,,,1
C0073,电极过程与电化学沉积,C0727,钠离子电池负极材料,,,3
C0073,电极过程与电化学沉积,C0728,钠离子电池正极材料,,,8
C0073,电极过程与电化学沉积,C0740,水污染物电化学氧化,,,5
C0073,电极过程与电化学沉积,C0743,硝酸盐电还原制氨,,,1
C0073,电极过程与电化学沉积,,,Q.EDITORIAL,封面、索引、勘误等非研究正文,12
C0074,通用防护支撑与安装结构混杂簇073,C0491,电池电极涂布与辊压,,,1
C0074,通用防护支撑与安装结构混杂簇073,C0496,集成电路与功率模块封装,,,5
C0074,通用防护支撑与安装结构混杂簇073,C0512,无线充电器与装置,,,3
C0074,通用防护支撑与安装结构混杂簇073,C0519,电池隔膜制备与改性,,,1
C0074,通用防护支撑与安装结构混杂簇073,C0571,光伏电池与组件制造工艺,,,1
C0074,通用防护支撑与安装结构混杂簇073,C0573,电连接器与接线端子,,,1
C0074,通用防护支撑与安装结构混杂簇073,C0579,电机转子结构与制造,,,1
C0074,通用防护支撑与安装结构混杂簇073,C0580,电机定子结构与制造,,,2
C0074,通用防护支撑与安装结构混杂簇073,C0639,漏电与剩余电流保护,,,1
C0074,通用防护支撑与安装结构混杂簇073,C0641,电池盖板、端子与密封结构,,,45
C0074,通用防护支撑与安装结构混杂簇073,C0666,功率半导体器件,,,4
C0074,通用防护支撑与安装结构混杂簇073,C0699,电池模组与电池包装配结构,,,8
C0074,通用防护支撑与安装结构混杂簇073,C0708,电缆桥架与线束支撑,,,2
C0075,铋基氧化物光催化材料,C0493,光催化制氢,,,98
C0075,铋基氧化物光催化材料,C0510,光催化二氧化碳还原,,,78
C0075,铋基氧化物光催化材料,C0537,其他材料光催化污染物降解,,,2197
C0075,铋基氧化物光催化材料,C0557,TiO₂光催化污染物降解,,,30
C0075,铋基氧化物光催化材料,C0598,锂资源提取与分离,,,2
C0075,铋基氧化物光催化材料,C0603,ZnO光催化污染物降解,,,13
C0075,铋基氧化物光催化材料,C0688,染料敏化电池光阳极,,,2
C0075,铋基氧化物光催化材料,C0689,染料敏化电池敏化剂,,,4
C0075,铋基氧化物光催化材料,C0714,层状及富镍锂电正极材料,,,1
C0075,铋基氧化物光催化材料,C0742,氮气电还原制氨,,,1
C0075,铋基氧化物光催化材料,C0743,硝酸盐电还原制氨,,,1
C0075,铋基氧化物光催化材料,,,Q.EDITORIAL,封面、索引、勘误等非研究正文,5
C0075,铋基氧化物光催化材料,,,Q.INSUFFICIENT,题名摘要不足，待补全,1
C0076,通用催化剂与催化反应工程,C0009,二氧化碳电还原催化,,,2
C0076,通用催化剂与催化反应工程,C0060,超级电容器电极与器件,,,2
C0076,通用催化剂与催化反应工程,C0063,生物质热解与炭化,,,94
C0076,通用催化剂与催化反应工程,C0155,电解水析氧催化,,,84
C0076,通用催化剂与催化反应工程,C0191,固态储氢材料与反应器,,,5
C0076,通用催化剂与催化反应工程,C0226,过硫酸盐活化与高级氧化,,,6
C0076,通用催化剂与催化反应工程,C0254,电催化析氢与界面调控,,,551
C0076,通用催化剂与催化反应工程,C0257,固体氧化物燃料电池,,,42
C0076,通用催化剂与催化反应工程,C0259,锂硫电池正极与多硫化物调控,,,9
C0076,通用催化剂与催化反应工程,C0266,燃料电池质子交换膜,,,1
C0076,通用催化剂与催化反应工程,C0278,整体电催化水分解,,,1
C0076,通用催化剂与催化反应工程,C0358,非贵金属氧还原电催化材料,,,36
C0076,通用催化剂与催化反应工程,C0481,微生物燃料电池与生物产电,,,1
C0076,通用催化剂与催化反应工程,C0493,光催化制氢,,,4
C0076,通用催化剂与催化反应工程,C0498,生物能源生命周期与可持续性,,,3
C0076,通用催化剂与催化反应工程,C0510,光催化二氧化碳还原,,,1
C0076,通用催化剂与催化反应工程,C0514,煤气化工艺与反应,,,2
C0076,通用催化剂与催化反应工程,C0526,厌氧发酵生物制氢,,,1
C0076,通用催化剂与催化反应工程,C0565,二氧化碳干重整制合成气,,,17
C0076,通用催化剂与催化反应工程,C0566,蒸汽重整制氢与合成气,,,187
C0076,通用催化剂与催化反应工程,C0576,碱性水电解制氢,,,2
C0076,通用催化剂与催化反应工程,C0577,质子交换膜水电解制氢,,,2
C0076,通用催化剂与催化反应工程,C0583,碳化硅陶瓷结构材料,,,1
C0076,通用催化剂与催化反应工程,C0630,有机朗肯循环发电,,,1
C0076,通用催化剂与催化反应工程,C0634,二氧化碳催化加氢与甲烷化,,,239
C0076,通用催化剂与催化反应工程,C0653,核聚变装置工程,,,1
C0076,通用催化剂与催化反应工程,C0670,二氧化碳溶剂吸收捕集,,,1
C0076,通用催化剂与催化反应工程,C0671,二氧化碳固体吸附捕集,,,2
C0076,通用催化剂与催化反应工程,C0680,生物质气化制合成气,,,63
C0076,通用催化剂与催化反应工程,C0693,活性炭制备与孔结构,,,1
C0076,通用催化剂与催化反应工程,C0695,铀钍提取与分离,,,1
C0076,通用催化剂与催化反应工程,C0714,层状及富镍锂电正极材料,,,2
C0076,通用催化剂与催化反应工程,C0715,锂电磷酸盐正极材料,,,1
C0076,通用催化剂与催化反应工程,C0725,废塑料回收与转化,,,6
C0076,通用催化剂与催化反应工程,C0742,氮气电还原制氨,,,21
C0076,通用催化剂与催化反应工程,C0743,硝酸盐电还原制氨,,,3
C0076,通用催化剂与催化反应工程,,,Q.EDITORIAL,封面、索引、勘误等非研究正文,13
C0077,机电传动与运动执行装置,C0060,超级电容器电极与器件,,,1
C0077,机电传动与运动执行装置,C0386,感应电机运行控制与性能,,,1
C0077,机电传动与运动执行装置,C0500,压电能量采集,,,8
C0077,机电传动与运动执行装置,C0579,电机转子结构与制造,,,12
C0077,机电传动与运动执行装置,C0580,电机定子结构与制造,,,2
C0077,机电传动与运动执行装置,C0602,摩擦纳米发电机,,,2
C0077,机电传动与运动执行装置,C0704,汽轮机运行与热力性能,,,1
C0077,机电传动与运动执行装置,C0708,电缆桥架与线束支撑,,,1
C0077,机电传动与运动执行装置,C0711,水轮机性能与设计,,,1
C0078,充电连接与通用部件混合,C0060,超级电容器电极与器件,,,1
C0078,充电连接与通用部件混合,C0487,电池冷却与散热,,,2
C0078,充电连接与通用部件混合,C0491,电池电极涂布与辊压,,,3
C0078,充电连接与通用部件混合,C0503,充电设施散热,,,2
C0078,充电连接与通用部件混合,C0511,电池装配工装与制造设备,,,4
C0078,充电连接与通用部件混合,C0512,无线充电器与装置,,,12
C0078,充电连接与通用部件混合,C0519,电池隔膜制备与改性,,,1
C0078,充电连接与通用部件混合,C0573,电连接器与接线端子,,,3
C0078,充电连接与通用部件混合,C0639,漏电与剩余电流保护,,,1
C0078,充电连接与通用部件混合,C0641,电池盖板、端子与密封结构,,,7
C0078,充电连接与通用部件混合,C0657,电池单体均衡控制,,,1
C0078,充电连接与通用部件混合,C0699,电池模组与电池包装配结构,,,3
C0078,充电连接与通用部件混合,C0708,电缆桥架与线束支撑,,,1
C0079,燃料电池系统运行控制,C0535,燃料电池供气与空压控制,,,14
C0079,燃料电池系统运行控制,C0536,燃料电池水管理,,,1
C0079,燃料电池系统运行控制,C0543,加氢站与氢气加注,,,1
C0079,燃料电池系统运行控制,C0551,燃气轮机热力性能,,,5
C0079,燃料电池系统运行控制,C0607,地热供热与发电利用,,,1
C0079,燃料电池系统运行控制,C0630,有机朗肯循环发电,,,1
C0079,燃料电池系统运行控制,C0680,生物质气化制合成气,,,2
C0079,燃料电池系统运行控制,C0683,电池火灾抑制与灭火,,,1
C0079,燃料电池系统运行控制,C0684,电池热失控与传播,,,1
C0080,污染物光催化降解,C0493,光催化制氢,,,29
C0080,污染物光催化降解,C0498,生物能源生命周期与可持续性,,,1
C0080,污染物光催化降解,C0510,光催化二氧化碳还原,,,52
C0080,污染物光催化降解,C0537,其他材料光催化污染物降解,,,11395
C0080,污染物光催化降解,C0557,TiO₂光催化污染物降解,,,1347
C0080,污染物光催化降解,C0603,ZnO光催化污染物降解,,,482
C0080,污染物光催化降解,C0671,二氧化碳固体吸附捕集,,,3
C0080,污染物光催化降解,C0688,染料敏化电池光阳极,,,1
C0080,污染物光催化降解,C0689,染料敏化电池敏化剂,,,12
C0080,污染物光催化降解,C0693,活性炭制备与孔结构,,,1
C0080,污染物光催化降解,C0715,锂电磷酸盐正极材料,,,1
C0080,污染物光催化降解,C0724,电子废物回收,,,1
C0080,污染物光催化降解,C0725,废塑料回收与转化,,,2
C0080,污染物光催化降解,C0739,水污染物吸附去除,,,9
C0080,污染物光催化降解,C0740,水污染物电化学氧化,,,1
C0080,污染物光催化降解,,,Q.EDITORIAL,封面、索引、勘误等非研究正文,4
C0081,电力市场与售电制度政策,C0522,销售电价与用户电费政策,,,6
C0081,电力市场与售电制度政策,C0523,输配电价监管政策,,,5
C0081,电力市场与售电制度政策,C0574,电力市场机制与制度设计,,,5
C0081,电力市场与售电制度政策,C0692,公用事业接入与收费政策,,,8
C0082,智能电网体系与通信,C0156,电力交易竞价与市场优化,,,2
C0082,智能电网体系与通信,C0246,虚拟电厂资源聚合与调度,,,6
C0082,智能电网体系与通信,C0408,配电网重构与优化运行,,,1
C0082,智能电网体系与通信,C0435,智能电表物联网与用能监测,,,12
C0082,智能电网体系与通信,C0472,多电平逆变器拓扑与调制,,,1
C0082,智能电网体系与通信,C0504,电动汽车充电并网影响,,,4
C0082,智能电网体系与通信,C0523,输配电价监管政策,,,1
C0082,智能电网体系与通信,C0524,储能运行调度与收益,,,4
C0082,智能电网体系与通信,C0538,智能电网通信架构,,,329
C0082,智能电网体系与通信,C0539,配电网谐波与电能质量治理,,,3
C0082,智能电网体系与通信,C0540,配电网电压无功优化,,,1
C0082,智能电网体系与通信,C0552,微电网能量管理与经济调度,,,9
C0082,智能电网体系与通信,C0572,碳排放交易机制,,,1
C0082,智能电网体系与通信,C0574,电力市场机制与制度设计,,,3
C0082,智能电网体系与通信,C0575,产消者能源交易,,,24
C0082,智能电网体系与通信,C0581,微电网下垂控制与功率分配,,,1
C0082,智能电网体系与通信,C0582,微电网孤岛切换与动态控制,,,2
C0082,智能电网体系与通信,C0588,电网接地与地网安全,,,3
C0082,智能电网体系与通信,C0602,摩擦纳米发电机,,,1
C0082,智能电网体系与通信,C0611,电气安全与触电风险,,,1
C0082,智能电网体系与通信,C0613,电力系统可靠性评估,,,1
C0082,智能电网体系与通信,C0626,屋顶与分布式光伏部署,,,1
C0082,智能电网体系与通信,C0635,综合能源系统规划配置,,,1
C0082,智能电网体系与通信,C0636,综合能源系统优化调度,,,1
C0082,智能电网体系与通信,C0654,能源电力教学实验平台,,,14
C0082,智能电网体系与通信,C0685,智能电网网络攻击与安全,,,7
C0082,智能电网体系与通信,C0686,电网灾害韧性与恢复,,,16
C0082,智能电网体系与通信,C0690,电力知识图谱,,,1
C0082,智能电网体系与通信,C0710,水电站运行调度,,,2
C0082,智能电网体系与通信,C0712,电力负荷预测,,,3
C0082,智能电网体系与通信,C0718,配电网规划与容量配置,,,34
C0082,智能电网体系与通信,C0741,电网状态估计与相量测量,,,1
C0082,智能电网体系与通信,C0750,能源贫困与能源可及性,,,3
C0082,智能电网体系与通信,,,Q.EDITORIAL,封面、索引、勘误等非研究正文,7
C0083,配电网电压无功与电能质量,C0060,超级电容器电极与器件,,,4
C0083,配电网电压无功与电能质量,C0154,无线电能传输电路与系统,,,5
C0083,配电网电压无功与电能质量,C0246,虚拟电厂资源聚合与调度,,,5
C0083,配电网电压无功与电能质量,C0408,配电网重构与优化运行,,,64
C0083,配电网电压无功与电能质量,C0472,多电平逆变器拓扑与调制,,,11
C0083,配电网电压无功与电能质量,C0504,电动汽车充电并网影响,,,12
C0083,配电网电压无功与电能质量,C0512,无线充电器与装置,,,7
C0083,配电网电压无功与电能质量,C0517,配电网需求响应与柔性调度,,,54
C0083,配电网电压无功与电能质量,C0524,储能运行调度与收益,,,1
C0083,配电网电压无功与电能质量,C0538,智能电网通信架构,,,3
C0083,配电网电压无功与电能质量,C0539,配电网谐波与电能质量治理,,,311
C0083,配电网电压无功与电能质量,C0540,配电网电压无功优化,,,789
C0083,配电网电压无功与电能质量,C0542,光伏组件故障与缺陷检测,,,2
C0083,配电网电压无功与电能质量,C0545,电动汽车有序充放电调度,,,1
C0083,配电网电压无功与电能质量,C0563,电力线载波通信,,,7
C0083,配电网电压无功与电能质量,C0574,电力市场机制与制度设计,,,1
C0083,配电网电压无功与电能质量,C0575,产消者能源交易,,,2
C0083,配电网电压无功与电能质量,C0581,微电网下垂控制与功率分配,,,12
C0083,配电网电压无功与电能质量,C0582,微电网孤岛切换与动态控制,,,10
C0083,配电网电压无功与电能质量,C0588,电网接地与地网安全,,,3
C0083,配电网电压无功与电能质量,C0592,电池荷电状态估计,,,1
C0083,配电网电压无功与电能质量,C0608,隔离型DC-DC变换器,,,1
C0083,配电网电压无功与电能质量,C0613,电力系统可靠性评估,,,3
C0083,配电网电压无功与电能质量,C0626,屋顶与分布式光伏部署,,,18
C0083,配电网电压无功与电能质量,C0633,区域供热供冷系统,,,1
C0083,配电网电压无功与电能质量,C0638,电压检测与测量电路,,,6
C0083,配电网电压无功与电能质量,C0639,漏电与剩余电流保护,,,1
C0083,配电网电压无功与电能质量,C0641,电池盖板、端子与密封结构,,,1
C0083,配电网电压无功与电能质量,C0667,电网频率控制,,,58
C0083,配电网电压无功与电能质量,C0686,电网灾害韧性与恢复,,,12
C0083,配电网电压无功与电能质量,C0712,电力负荷预测,,,1
C0083,配电网电压无功与电能质量,C0718,配电网规划与容量配置,,,46
C0083,配电网电压无功与电能质量,C0729,建筑暖通空调能耗,,,1
C0083,配电网电压无功与电能质量,C0736,电力系统暂态稳定,,,2
C0083,配电网电压无功与电能质量,C0737,电力系统电压稳定,,,55
C0083,配电网电压无功与电能质量,C0741,电网状态估计与相量测量,,,1
C0083,配电网电压无功与电能质量,C0746,功率因数校正电路与控制,,,26
C0083,配电网电压无功与电能质量,,,Q.EDITORIAL,封面、索引、勘误等非研究正文,2
C0084,电池单体电极及模组结构,C0060,超级电容器电极与器件,,,1
C0084,电池单体电极及模组结构,C0487,电池冷却与散热,,,1
C0084,电池单体电极及模组结构,C0491,电池电极涂布与辊压,,,7
C0084,电池单体电极及模组结构,C0511,电池装配工装与制造设备,,,56
C0084,电池单体电极及模组结构,C0518,电池电极粘结剂,,,2
C0084,电池单体电极及模组结构,C0519,电池隔膜制备与改性,,,33
C0084,电池单体电极及模组结构,C0571,光伏电池与组件制造工艺,,,6
C0084,电池单体电极及模组结构,C0641,电池盖板、端子与密封结构,,,22
C0084,电池单体电极及模组结构,C0657,电池单体均衡控制,,,2
C0084,电池单体电极及模组结构,C0684,电池热失控与传播,,,1
C0084,电池单体电极及模组结构,C0699,电池模组与电池包装配结构,,,10
C0084,电池单体电极及模组结构,,,Q.EDITORIAL,封面、索引、勘误等非研究正文,1
C0085,多类功能薄膜与纳米器件,C0009,二氧化碳电还原催化,,,1
C0085,多类功能薄膜与纳米器件,C0060,超级电容器电极与器件,,,146
C0085,多类功能薄膜与纳米器件,C0122,热电材料与热电性能优化,,,8
C0085,多类功能薄膜与纳米器件,C0155,电解水析氧催化,,,1
C0085,多类功能薄膜与纳米器件,C0233,半导体光电化学水分解,,,1
C0085,多类功能薄膜与纳米器件,C0257,固体氧化物燃料电池,,,12
C0085,多类功能薄膜与纳米器件,C0298,场效应晶体管结构与建模,,,1
C0085,多类功能薄膜与纳米器件,C0336,硅碳负极材料与制备,,,6
C0085,多类功能薄膜与纳米器件,C0355,染料敏化太阳能电池材料与器件,,,3
C0085,多类功能薄膜与纳米器件,C0387,有机发光二极管与发光材料,,,11
C0085,多类功能薄膜与纳米器件,C0407,水系锌电池负极及界面稳定,,,1
C0085,多类功能薄膜与纳米器件,C0420,碳化硅功率半导体器件,,,1
C0085,多类功能薄膜与纳米器件,C0499,电磁能量采集,,,1
C0085,多类功能薄膜与纳米器件,C0500,压电能量采集,,,13
C0085,多类功能薄膜与纳米器件,C0501,钠电池电解液与界面,,,1
C0085,多类功能薄膜与纳米器件,C0521,固态聚合物锂电解质,,,1
C0085,多类功能薄膜与纳米器件,C0533,氮化镓功率与结器件,,,4
C0085,多类功能薄膜与纳米器件,C0556,水系锌离子电池,,,2
C0085,多类功能薄膜与纳米器件,C0557,TiO₂光催化污染物降解,,,1
C0085,多类功能薄膜与纳米器件,C0571,光伏电池与组件制造工艺,,,2
C0085,多类功能薄膜与纳米器件,C0583,碳化硅陶瓷结构材料,,,3
C0085,多类功能薄膜与纳米器件,C0601,铜基热电材料,,,4
C0085,多类功能薄膜与纳米器件,C0602,摩擦纳米发电机,,,407
C0085,多类功能薄膜与纳米器件,C0616,锂金属负极界面稳定与枝晶抑制,,,5
C0085,多类功能薄膜与纳米器件,C0628,软磁材料与磁损耗,,,1
C0085,多类功能薄膜与纳米器件,C0714,层状及富镍锂电正极材料,,,8
C0085,多类功能薄膜与纳米器件,C0715,锂电磷酸盐正极材料,,,1
C0085,多类功能薄膜与纳米器件,C0727,钠离子电池负极材料,,,3
C0085,多类功能薄膜与纳米器件,C0728,钠离子电池正极材料,,,2
C0085,多类功能薄膜与纳米器件,,,Q.EDITORIAL,封面、索引、勘误等非研究正文,1
C0086,光伏组件性能建模与故障检测,C0060,超级电容器电极与器件,,,2
C0086,光伏组件性能建模与故障检测,C0355,染料敏化太阳能电池材料与器件,,,3
C0086,光伏组件性能建模与故障检测,C0381,光伏发电功率预测方法与装置,,,2
C0086,光伏组件性能建模与故障检测,C0387,有机发光二极管与发光材料,,,1
C0086,光伏组件性能建模与故障检测,C0472,多电平逆变器拓扑与调制,,,6
C0086,光伏组件性能建模与故障检测,C0509,太阳能热水与供热装置,,,1
C0086,光伏组件性能建模与故障检测,C0532,钙钛矿叠层太阳能电池,,,1
C0086,光伏组件性能建模与故障检测,C0539,配电网谐波与电能质量治理,,,3
C0086,光伏组件性能建模与故障检测,C0541,光伏组件退化与寿命,,,295
C0086,光伏组件性能建模与故障检测,C0542,光伏组件故障与缺陷检测,,,359
C0086,光伏组件性能建模与故障检测,C0571,光伏电池与组件制造工艺,,,93
C0086,光伏组件性能建模与故障检测,C0578,光伏电池与组件模型参数辨识,,,39
C0086,光伏组件性能建模与故障检测,C0584,聚合物有机太阳能电池,,,3
C0086,光伏组件性能建模与故障检测,C0585,有机光伏印刷与规模制造,,,1
C0086,光伏组件性能建模与故障检测,C0587,太阳辐照度预测估算,,,2
C0086,光伏组件性能建模与故障检测,C0588,电网接地与地网安全,,,1
C0086,光伏组件性能建模与故障检测,C0624,农光互补与农光协同,,,2
C0086,光伏组件性能建模与故障检测,C0625,光伏技术经济与投资,,,21
C0086,光伏组件性能建模与故障检测,C0626,屋顶与分布式光伏部署,,,64
C0086,光伏组件性能建模与故障检测,C0638,电压检测与测量电路,,,2
C0086,光伏组件性能建模与故障检测,C0647,电缆绝缘护套与导体结构,,,1
C0086,光伏组件性能建模与故障检测,C0661,温度传感与测量装置,,,1
C0086,光伏组件性能建模与故障检测,C0664,LED照明灯具与配光,,,4
C0086,光伏组件性能建模与故障检测,C0677,太阳能集热器传热设计,,,3
C0086,光伏组件性能建模与故障检测,C0678,聚光太阳能热发电,,,26
C0086,光伏组件性能建模与故障检测,C0723,光伏光热联合系统,,,393
C0086,光伏组件性能建模与故障检测,,,Q.EDITORIAL,封面、索引、勘误等非研究正文,7
C0086,光伏组件性能建模与故障检测,,,Q.INSUFFICIENT,题名摘要不足，待补全,1
C0087,制氢储氢与加氢系统,C0191,固态储氢材料与反应器,,,164
C0087,制氢储氢与加氢系统,C0412,质子交换膜燃料电池运行与建模,,,6
C0087,制氢储氢与加氢系统,C0417,固体氧化物电解池与可逆电化学单元,,,2
C0087,制氢储氢与加氢系统,C0493,光催化制氢,,,3
C0087,制氢储氢与加氢系统,C0543,加氢站与氢气加注,,,38
C0087,制氢储氢与加氢系统,C0566,蒸汽重整制氢与合成气,,,4
C0087,制氢储氢与加氢系统,C0576,碱性水电解制氢,,,16
C0087,制氢储氢与加氢系统,C0577,质子交换膜水电解制氢,,,4
C0087,制氢储氢与加氢系统,C0602,摩擦纳米发电机,,,1
C0087,制氢储氢与加氢系统,C0680,生物质气化制合成气,,,12
C0087,制氢储氢与加氢系统,C0707,船舶燃料与能效,,,1
C0088,污水厌氧处理与产能回收,C0009,二氧化碳电还原催化,,,1
C0088,污水厌氧处理与产能回收,C0063,生物质热解与炭化,,,4
C0088,污水厌氧处理与产能回收,C0129,生物质与污泥厌氧消化产气,,,20
C0088,污水厌氧处理与产能回收,C0226,过硫酸盐活化与高级氧化,,,1
C0088,污水厌氧处理与产能回收,C0412,质子交换膜燃料电池运行与建模,,,2
C0088,污水厌氧处理与产能回收,C0481,微生物燃料电池与生物产电,,,82
C0088,污水厌氧处理与产能回收,C0507,污水污泥营养元素回收,,,2
C0088,污水厌氧处理与产能回收,C0508,污泥脱水与调理,,,9
C0088,污水厌氧处理与产能回收,C0514,煤气化工艺与反应,,,1
C0088,污水厌氧处理与产能回收,C0515,膜法海水淡化,,,111
C0088,污水厌氧处理与产能回收,C0516,分离膜污染与清洗,,,206
C0088,污水厌氧处理与产能回收,C0526,厌氧发酵生物制氢,,,9
C0088,污水厌氧处理与产能回收,C0534,氢能技术经济与生命周期,,,2
C0088,污水厌氧处理与产能回收,C0537,其他材料光催化污染物降解,,,1
C0088,污水厌氧处理与产能回收,C0544,厌氧污水处理反应器,,,150
C0088,污水厌氧处理与产能回收,C0560,二氧化碳水合物形成与分离,,,2
C0088,污水厌氧处理与产能回收,C0561,蒸汽压缩制冷循环,,,2
C0088,污水厌氧处理与产能回收,C0569,餐厨垃圾或污泥厌氧消化,,,143
C0088,污水厌氧处理与产能回收,C0570,畜禽粪便与农业残余厌氧消化,,,18
C0088,污水厌氧处理与产能回收,C0576,碱性水电解制氢,,,3
C0088,污水厌氧处理与产能回收,C0577,质子交换膜水电解制氢,,,11
C0088,污水厌氧处理与产能回收,C0618,木质纤维素预处理,,,1
C0088,污水厌氧处理与产能回收,C0630,有机朗肯循环发电,,,1
C0088,污水厌氧处理与产能回收,C0634,二氧化碳催化加氢与甲烷化,,,1
C0088,污水厌氧处理与产能回收,C0644,沼气提纯与生物甲烷升级,,,21
C0088,污水厌氧处理与产能回收,C0662,吸收式制冷循环,,,16
C0088,污水厌氧处理与产能回收,C0663,吸附式制冷循环,,,2
C0088,污水厌氧处理与产能回收,C0670,二氧化碳溶剂吸收捕集,,,5
C0088,污水厌氧处理与产能回收,C0680,生物质气化制合成气,,,10
C0088,污水厌氧处理与产能回收,C0681,生物质水热炭化,,,5
C0088,污水厌氧处理与产能回收,C0694,稀土元素提取分离,,,1
C0088,污水厌氧处理与产能回收,C0695,铀钍提取与分离,,,1
C0088,污水厌氧处理与产能回收,C0725,废塑料回收与转化,,,2
C0088,污水厌氧处理与产能回收,C0739,水污染物吸附去除,,,56
C0088,污水厌氧处理与产能回收,C0740,水污染物电化学氧化,,,8
C0088,污水厌氧处理与产能回收,C0742,氮气电还原制氨,,,1
C0088,污水厌氧处理与产能回收,C0743,硝酸盐电还原制氨,,,3
C0088,污水厌氧处理与产能回收,C0745,热化学储热系统,,,2
C0088,污水厌氧处理与产能回收,,,Q.EDITORIAL,封面、索引、勘误等非研究正文,2
C0089,信号处理测量与电力扰动,C0154,无线电能传输电路与系统,,,9
C0089,信号处理测量与电力扰动,C0298,场效应晶体管结构与建模,,,6
C0089,信号处理测量与电力扰动,C0472,多电平逆变器拓扑与调制,,,13
C0089,信号处理测量与电力扰动,C0512,无线充电器与装置,,,1
C0089,信号处理测量与电力扰动,C0533,氮化镓功率与结器件,,,6
C0089,信号处理测量与电力扰动,C0539,配电网谐波与电能质量治理,,,33
C0089,信号处理测量与电力扰动,C0548,输配电线路故障检测与定位,,,3
C0089,信号处理测量与电力扰动,C0549,开关设备故障检测,,,2
C0089,信号处理测量与电力扰动,C0550,变压器故障诊断,,,1
C0089,信号处理测量与电力扰动,C0563,电力线载波通信,,,30
C0089,信号处理测量与电力扰动,C0564,波浪能转换装置,,,1
C0089,信号处理测量与电力扰动,C0587,太阳辐照度预测估算,,,1
C0089,信号处理测量与电力扰动,C0615,电气绝缘局部放电,,,15
C0089,信号处理测量与电力扰动,C0622,谐振与软开关变换器,,,22
C0089,信号处理测量与电力扰动,C0637,电流检测与测量电路,,,3
C0089,信号处理测量与电力扰动,C0638,电压检测与测量电路,,,2
C0089,信号处理测量与电力扰动,C0645,电机驱动PWM与谐波控制,,,1
C0089,信号处理测量与电力扰动,C0679,FPGA实时控制与硬件实现,,,12
C0089,信号处理测量与电力扰动,C0700,永磁同步电机控制,,,1
C0089,信号处理测量与电力扰动,C0741,电网状态估计与相量测量,,,3
C0089,信号处理测量与电力扰动,C0746,功率因数校正电路与控制,,,3
C0090,电动汽车充电控制,C0487,电池冷却与散热,,,3
C0090,电动汽车充电控制,C0504,电动汽车充电并网影响,,,3
C0090,电动汽车充电控制,C0512,无线充电器与装置,,,24
C0090,电动汽车充电控制,C0545,电动汽车有序充放电调度,,,14
C0090,电动汽车充电控制,C0592,电池荷电状态估计,,,3
C0090,电动汽车充电控制,C0597,电动汽车充电负荷预测,,,1
C0090,电动汽车充电控制,C0657,电池单体均衡控制,,,1
C0091,等离子体湍流与不稳定性,C0502,潮汐与潮流能开发,,,1
C0091,等离子体湍流与不稳定性,C0533,氮化镓功率与结器件,,,3
C0091,等离子体湍流与不稳定性,C0564,波浪能转换装置,,,6
C0091,等离子体湍流与不稳定性,C0596,聚变加热与中性束注入,,,3
C0091,等离子体湍流与不稳定性,C0614,电晕放电与电晕损耗,,,6
C0091,等离子体湍流与不稳定性,C0669,磁约束等离子体MHD稳定性,,,4
C0091,等离子体湍流与不稳定性,C0731,天体等离子体与磁重联,,,19
C0091,等离子体湍流与不稳定性,,,Q.EDITORIAL,封面、索引、勘误等非研究正文,11
C0093,电能变换波浪能与互感器混合,C0060,超级电容器电极与器件,,,13
C0093,电能变换波浪能与互感器混合,C0154,无线电能传输电路与系统,,,16
C0093,电能变换波浪能与互感器混合,C0298,场效应晶体管结构与建模,,,1
C0093,电能变换波浪能与互感器混合,C0381,光伏发电功率预测方法与装置,,,2
C0093,电能变换波浪能与互感器混合,C0386,感应电机运行控制与性能,,,40
C0093,电能变换波浪能与互感器混合,C0412,质子交换膜燃料电池运行与建模,,,1
C0093,电能变换波浪能与互感器混合,C0420,碳化硅功率半导体器件,,,6
C0093,电能变换波浪能与互感器混合,C0472,多电平逆变器拓扑与调制,,,191
C0093,电能变换波浪能与互感器混合,C0496,集成电路与功率模块封装,,,1
C0093,电能变换波浪能与互感器混合,C0499,电磁能量采集,,,10
C0093,电能变换波浪能与互感器混合,C0500,压电能量采集,,,37
C0093,电能变换波浪能与互感器混合,C0502,潮汐与潮流能开发,,,1
C0093,电能变换波浪能与互感器混合,C0512,无线充电器与装置,,,3
C0093,电能变换波浪能与互感器混合,C0533,氮化镓功率与结器件,,,27
C0093,电能变换波浪能与互感器混合,C0539,配电网谐波与电能质量治理,,,2
C0093,电能变换波浪能与互感器混合,C0550,变压器故障诊断,,,26
C0093,电能变换波浪能与互感器混合,C0564,波浪能转换装置,,,709
C0093,电能变换波浪能与互感器混合,C0581,微电网下垂控制与功率分配,,,7
C0093,电能变换波浪能与互感器混合,C0582,微电网孤岛切换与动态控制,,,1
C0093,电能变换波浪能与互感器混合,C0602,摩擦纳米发电机,,,6
C0093,电能变换波浪能与互感器混合,C0608,隔离型DC-DC变换器,,,8
C0093,电能变换波浪能与互感器混合,C0609,非隔离DC-DC变换器,,,5
C0093,电能变换波浪能与互感器混合,C0615,电气绝缘局部放电,,,16
C0093,电能变换波浪能与互感器混合,C0622,谐振与软开关变换器,,,280
C0093,电能变换波浪能与互感器混合,C0637,电流检测与测量电路,,,1
C0093,电能变换波浪能与互感器混合,C0638,电压检测与测量电路,,,8
C0093,电能变换波浪能与互感器混合,C0645,电机驱动PWM与谐波控制,,,17
C0093,电能变换波浪能与互感器混合,C0647,电缆绝缘护套与导体结构,,,3
C0093,电能变换波浪能与互感器混合,C0657,电池单体均衡控制,,,2
C0093,电能变换波浪能与互感器混合,C0661,温度传感与测量装置,,,1
C0093,电能变换波浪能与互感器混合,C0664,LED照明灯具与配光,,,24
C0093,电能变换波浪能与互感器混合,C0666,功率半导体器件,,,14
C0093,电能变换波浪能与互感器混合,C0667,电网频率控制,,,4
C0093,电能变换波浪能与互感器混合,C0700,永磁同步电机控制,,,1
C0093,电能变换波浪能与互感器混合,C0712,电力负荷预测,,,1
C0093,电能变换波浪能与互感器混合,C0723,光伏光热联合系统,,,2
C0093,电能变换波浪能与互感器混合,C0726,风机状态监测与预测性维护,,,1
C0093,电能变换波浪能与互感器混合,C0736,电力系统暂态稳定,,,3
C0093,电能变换波浪能与互感器混合,C0746,功率因数校正电路与控制,,,145
C0094,晶体缺陷外延与变形,C0298,场效应晶体管结构与建模,,,7
C0094,晶体缺陷外延与变形,C0491,电池电极涂布与辊压,,,1
C0094,晶体缺陷外延与变形,C0518,电池电极粘结剂,,,1
C0094,晶体缺陷外延与变形,C0530,钙钛矿电池界面、钝化与传输层,,,1
C0094,晶体缺陷外延与变形,C0533,氮化镓功率与结器件,,,2
C0094,晶体缺陷外延与变形,C0567,石墨烯结构复合材料,,,3
C0094,晶体缺陷外延与变形,C0583,碳化硅陶瓷结构材料,,,2
C0094,晶体缺陷外延与变形,C0616,锂金属负极界面稳定与枝晶抑制,,,2
C0094,晶体缺陷外延与变形,C0648,锂电石墨负极,,,1
C0094,晶体缺陷外延与变形,C0714,层状及富镍锂电正极材料,,,33
C0094,晶体缺陷外延与变形,C0727,钠离子电池负极材料,,,1
C0094,晶体缺陷外延与变形,,,Q.EDITORIAL,封面、索引、勘误等非研究正文,21
C0095,泄漏检测与多设备状态监测,C0060,超级电容器电极与器件,,,1
C0095,泄漏检测与多设备状态监测,C0257,固体氧化物燃料电池,,,5
C0095,泄漏检测与多设备状态监测,C0412,质子交换膜燃料电池运行与建模,,,4
C0095,泄漏检测与多设备状态监测,C0536,燃料电池水管理,,,5
C0095,泄漏检测与多设备状态监测,C0543,加氢站与氢气加注,,,1
C0095,泄漏检测与多设备状态监测,C0549,开关设备故障检测,,,5
C0095,泄漏检测与多设备状态监测,C0550,变压器故障诊断,,,46
C0095,泄漏检测与多设备状态监测,C0551,燃气轮机热力性能,,,1
C0095,泄漏检测与多设备状态监测,C0615,电气绝缘局部放电,,,13
C0095,泄漏检测与多设备状态监测,C0637,电流检测与测量电路,,,3
C0095,泄漏检测与多设备状态监测,C0638,电压检测与测量电路,,,1
C0095,泄漏检测与多设备状态监测,C0643,电力设施覆冰与除冰,,,2
C0095,泄漏检测与多设备状态监测,C0661,温度传感与测量装置,,,1
C0095,泄漏检测与多设备状态监测,C0704,汽轮机运行与热力性能,,,2
C0095,泄漏检测与多设备状态监测,C0707,船舶燃料与能效,,,1
C0095,泄漏检测与多设备状态监测,C0726,风机状态监测与预测性维护,,,1
C0095,泄漏检测与多设备状态监测,,,Q.EDITORIAL,封面、索引、勘误等非研究正文,1
C0096,电力设备通信与控制系统,C0060,超级电容器电极与器件,,,1
C0096,电力设备通信与控制系统,C0386,感应电机运行控制与性能,,,4
C0096,电力设备通信与控制系统,C0435,智能电表物联网与用能监测,,,5
C0096,电力设备通信与控制系统,C0517,配电网需求响应与柔性调度,,,2
C0096,电力设备通信与控制系统,C0563,电力线载波通信,,,1
C0096,电力设备通信与控制系统,C0582,微电网孤岛切换与动态控制,,,1
C0096,电力设备通信与控制系统,C0639,漏电与剩余电流保护,,,2
C0096,电力设备通信与控制系统,C0645,电机驱动PWM与谐波控制,,,2
C0096,电力设备通信与控制系统,C0664,LED照明灯具与配光,,,1
C0096,电力设备通信与控制系统,C0667,电网频率控制,,,1
C0096,电力设备通信与控制系统,C0700,永磁同步电机控制,,,3
C0096,电力设备通信与控制系统,C0746,功率因数校正电路与控制,,,1
C0097,永磁电机与磁路设计,C0060,超级电容器电极与器件,,,1
C0097,永磁电机与磁路设计,C0154,无线电能传输电路与系统,,,38
C0097,永磁电机与磁路设计,C0386,感应电机运行控制与性能,,,5
C0097,永磁电机与磁路设计,C0499,电磁能量采集,,,100
C0097,永磁电机与磁路设计,C0500,压电能量采集,,,41
C0097,永磁电机与磁路设计,C0512,无线充电器与装置,,,12
C0097,永磁电机与磁路设计,C0546,永磁电机磁路与结构设计,,,33
C0097,永磁电机与磁路设计,C0564,波浪能转换装置,,,3
C0097,永磁电机与磁路设计,C0579,电机转子结构与制造,,,3
C0097,永磁电机与磁路设计,C0580,电机定子结构与制造,,,1
C0097,永磁电机与磁路设计,C0602,摩擦纳米发电机,,,6
C0097,永磁电机与磁路设计,C0622,谐振与软开关变换器,,,3
C0097,永磁电机与磁路设计,C0627,永磁材料与磁性设计,,,4
C0097,永磁电机与磁路设计,C0637,电流检测与测量电路,,,10
C0097,永磁电机与磁路设计,C0645,电机驱动PWM与谐波控制,,,6
C0097,永磁电机与磁路设计,C0646,电机转矩脉动抑制,,,12
C0097,永磁电机与磁路设计,C0647,电缆绝缘护套与导体结构,,,1
C0097,永磁电机与磁路设计,C0661,温度传感与测量装置,,,1
C0097,永磁电机与磁路设计,C0700,永磁同步电机控制,,,43
C0097,永磁电机与磁路设计,C0701,电气设备风冷散热,,,1
C0097,永磁电机与磁路设计,C0746,功率因数校正电路与控制,,,2
C0098,建筑与工业冷却节能,C0487,电池冷却与散热,,,27
C0098,建筑与工业冷却节能,C0509,太阳能热水与供热装置,,,3
C0098,建筑与工业冷却节能,C0515,膜法海水淡化,,,1
C0098,建筑与工业冷却节能,C0547,建筑冷却与被动降温,,,81
C0098,建筑与工业冷却节能,C0551,燃气轮机热力性能,,,3
C0098,建筑与工业冷却节能,C0596,聚变加热与中性束注入,,,6
C0098,建筑与工业冷却节能,C0607,地热供热与发电利用,,,7
C0098,建筑与工业冷却节能,C0629,超临界二氧化碳布雷顿循环,,,1
C0098,建筑与工业冷却节能,C0630,有机朗肯循环发电,,,1
C0098,建筑与工业冷却节能,C0633,区域供热供冷系统,,,78
C0098,建筑与工业冷却节能,C0650,空气源热泵,,,26
C0098,建筑与工业冷却节能,C0651,地源热泵与地埋换热器,,,74
C0098,建筑与工业冷却节能,C0653,核聚变装置工程,,,1
C0098,建筑与工业冷却节能,C0661,温度传感与测量装置,,,2
C0098,建筑与工业冷却节能,C0662,吸收式制冷循环,,,7
C0098,建筑与工业冷却节能,C0663,吸附式制冷循环,,,1
C0098,建筑与工业冷却节能,C0665,换热器结构与传热强化,,,9
C0098,建筑与工业冷却节能,C0678,聚光太阳能热发电,,,1
C0098,建筑与工业冷却节能,C0684,电池热失控与传播,,,1
C0098,建筑与工业冷却节能,C0723,光伏光热联合系统,,,17
C0098,建筑与工业冷却节能,C0729,建筑暖通空调能耗,,,10
C0098,建筑与工业冷却节能,C0744,潜热储热系统,,,28
C0099,无人机巡检与电网作业,C0512,无线充电器与装置,,,3
C0099,无人机巡检与电网作业,C0643,电力设施覆冰与除冰,,,7
C0099,无人机巡检与电网作业,C0657,电池单体均衡控制,,,1
C0099,无人机巡检与电网作业,C0721,光伏清扫机器人,,,2
C0099,无人机巡检与电网作业,C0722,变电站巡检机器人,,,2
C0100,磁重联与磁场材料效应,C0154,无线电能传输电路与系统,,,2
C0100,磁重联与磁场材料效应,C0627,永磁材料与磁性设计,,,3
C0100,磁重联与磁场材料效应,C0653,核聚变装置工程,,,16
C0100,磁重联与磁场材料效应,C0669,磁约束等离子体MHD稳定性,,,59
C0100,磁重联与磁场材料效应,C0731,天体等离子体与磁重联,,,46
C0100,磁重联与磁场材料效应,,,Q.EDITORIAL,封面、索引、勘误等非研究正文,13
C0101,人类世生态危机与社会转型,C0564,波浪能转换装置,,,2
C0101,人类世生态危机与社会转型,C0719,气候变化适应与风险,,,1
C0101,人类世生态危机与社会转型,,,Q.EDITORIAL,封面、索引、勘误等非研究正文,4
C0101,人类世生态危机与社会转型,,,Q.INSUFFICIENT,题名摘要不足，待补全,2
C0102,电力设备与线路故障检测、定位和诊断,C0257,固体氧化物燃料电池,,,1
C0102,电力设备与线路故障检测、定位和诊断,C0386,感应电机运行控制与性能,,,8
C0102,电力设备与线路故障检测、定位和诊断,C0408,配电网重构与优化运行,,,1
C0102,电力设备与线路故障检测、定位和诊断,C0412,质子交换膜燃料电池运行与建模,,,5
C0102,电力设备与线路故障检测、定位和诊断,C0420,碳化硅功率半导体器件,,,1
C0102,电力设备与线路故障检测、定位和诊断,C0435,智能电表物联网与用能监测,,,12
C0102,电力设备与线路故障检测、定位和诊断,C0472,多电平逆变器拓扑与调制,,,56
C0102,电力设备与线路故障检测、定位和诊断,C0512,无线充电器与装置,,,4
C0102,电力设备与线路故障检测、定位和诊断,C0517,配电网需求响应与柔性调度,,,1
C0102,电力设备与线路故障检测、定位和诊断,C0533,氮化镓功率与结器件,,,3
C0102,电力设备与线路故障检测、定位和诊断,C0538,智能电网通信架构,,,2
C0102,电力设备与线路故障检测、定位和诊断,C0539,配电网谐波与电能质量治理,,,9
C0102,电力设备与线路故障检测、定位和诊断,C0542,光伏组件故障与缺陷检测,,,349
C0102,电力设备与线路故障检测、定位和诊断,C0546,永磁电机磁路与结构设计,,,1
C0102,电力设备与线路故障检测、定位和诊断,C0548,输配电线路故障检测与定位,,,1148
C0102,电力设备与线路故障检测、定位和诊断,C0549,开关设备故障检测,,,301
C0102,电力设备与线路故障检测、定位和诊断,C0550,变压器故障诊断,,,844
C0102,电力设备与线路故障检测、定位和诊断,C0563,电力线载波通信,,,3
C0102,电力设备与线路故障检测、定位和诊断,C0564,波浪能转换装置,,,2
C0102,电力设备与线路故障检测、定位和诊断,C0582,微电网孤岛切换与动态控制,,,1
C0102,电力设备与线路故障检测、定位和诊断,C0588,电网接地与地网安全,,,26
C0102,电力设备与线路故障检测、定位和诊断,C0589,输电线路雷击与防雷,,,2
C0102,电力设备与线路故障检测、定位和诊断,C0593,电池健康状态与寿命预测,,,1
C0102,电力设备与线路故障检测、定位和诊断,C0613,电力系统可靠性评估,,,28
C0102,电力设备与线路故障检测、定位和诊断,C0615,电气绝缘局部放电,,,18
C0102,电力设备与线路故障检测、定位和诊断,C0622,谐振与软开关变换器,,,1
C0102,电力设备与线路故障检测、定位和诊断,C0633,区域供热供冷系统,,,8
C0102,电力设备与线路故障检测、定位和诊断,C0637,电流检测与测量电路,,,80
C0102,电力设备与线路故障检测、定位和诊断,C0638,电压检测与测量电路,,,39
C0102,电力设备与线路故障检测、定位和诊断,C0639,漏电与剩余电流保护,,,3
C0102,电力设备与线路故障检测、定位和诊断,C0645,电机驱动PWM与谐波控制,,,17
C0102,电力设备与线路故障检测、定位和诊断,C0647,电缆绝缘护套与导体结构,,,21
C0102,电力设备与线路故障检测、定位和诊断,C0666,功率半导体器件,,,1
C0102,电力设备与线路故障检测、定位和诊断,C0685,智能电网网络攻击与安全,,,1
C0102,电力设备与线路故障检测、定位和诊断,C0686,电网灾害韧性与恢复,,,21
C0102,电力设备与线路故障检测、定位和诊断,C0690,电力知识图谱,,,11
C0102,电力设备与线路故障检测、定位和诊断,C0700,永磁同步电机控制,,,5
C0102,电力设备与线路故障检测、定位和诊断,C0708,电缆桥架与线束支撑,,,1
C0102,电力设备与线路故障检测、定位和诊断,C0710,水电站运行调度,,,1
C0102,电力设备与线路故障检测、定位和诊断,C0718,配电网规划与容量配置,,,1
C0102,电力设备与线路故障检测、定位和诊断,C0726,风机状态监测与预测性维护,,,55
C0102,电力设备与线路故障检测、定位和诊断,C0736,电力系统暂态稳定,,,5
C0102,电力设备与线路故障检测、定位和诊断,C0741,电网状态估计与相量测量,,,8
C0102,电力设备与线路故障检测、定位和诊断,C0747,网络入侵检测,,,4
C0102,电力设备与线路故障检测、定位和诊断,,,Q.EDITORIAL,封面、索引、勘误等非研究正文,2
C0103,金属基复合材料与耐磨制造,C0533,氮化镓功率与结器件,,,2
C0103,金属基复合材料与耐磨制造,C0551,燃气轮机热力性能,,,2
C0103,金属基复合材料与耐磨制造,C0567,石墨烯结构复合材料,,,4
C0103,金属基复合材料与耐磨制造,C0583,碳化硅陶瓷结构材料,,,70
C0103,金属基复合材料与耐磨制造,C0647,电缆绝缘护套与导体结构,,,3
C0103,金属基复合材料与耐磨制造,C0709,核结构材料辐照损伤,,,1
C0103,金属基复合材料与耐磨制造,C0714,层状及富镍锂电正极材料,,,9
C0103,金属基复合材料与耐磨制造,,,Q.EDITORIAL,封面、索引、勘误等非研究正文,4
C0104,发动机燃气轮机与动力机械,C0060,超级电容器电极与器件,,,1
C0104,发动机燃气轮机与动力机械,C0257,固体氧化物燃料电池,,,28
C0104,发动机燃气轮机与动力机械,C0386,感应电机运行控制与性能,,,4
C0104,发动机燃气轮机与动力机械,C0412,质子交换膜燃料电池运行与建模,,,11
C0104,发动机燃气轮机与动力机械,C0499,电磁能量采集,,,1
C0104,发动机燃气轮机与动力机械,C0535,燃料电池供气与空压控制,,,9
C0104,发动机燃气轮机与动力机械,C0551,燃气轮机热力性能,,,329
C0104,发动机燃气轮机与动力机械,C0561,蒸汽压缩制冷循环,,,2
C0104,发动机燃气轮机与动力机械,C0579,电机转子结构与制造,,,1
C0104,发动机燃气轮机与动力机械,C0623,氢能供应链与基础设施规划,,,1
C0104,发动机燃气轮机与动力机械,C0629,超临界二氧化碳布雷顿循环,,,5
C0104,发动机燃气轮机与动力机械,C0630,有机朗肯循环发电,,,31
C0104,发动机燃气轮机与动力机械,C0645,电机驱动PWM与谐波控制,,,1
C0104,发动机燃气轮机与动力机械,C0650,空气源热泵,,,1
C0104,发动机燃气轮机与动力机械,C0665,换热器结构与传热强化,,,2
C0104,发动机燃气轮机与动力机械,C0680,生物质气化制合成气,,,1
C0104,发动机燃气轮机与动力机械,C0704,汽轮机运行与热力性能,,,45
C0104,发动机燃气轮机与动力机械,C0711,水轮机性能与设计,,,11
C0104,发动机燃气轮机与动力机械,C0716,柴油机燃烧与排放,,,11
C0104,发动机燃气轮机与动力机械,C0717,双燃料发动机,,,4
C0105,微电网能量管理与优化,C0435,智能电表物联网与用能监测,,,1
C0105,微电网能量管理与优化,C0517,配电网需求响应与柔性调度,,,18
C0105,微电网能量管理与优化,C0525,储能容量配置与选址,,,8
C0105,微电网能量管理与优化,C0534,氢能技术经济与生命周期,,,3
C0105,微电网能量管理与优化,C0538,智能电网通信架构,,,1
C0105,微电网能量管理与优化,C0539,配电网谐波与电能质量治理,,,2
C0105,微电网能量管理与优化,C0540,配电网电压无功优化,,,2
C0105,微电网能量管理与优化,C0542,光伏组件故障与缺陷检测,,,1
C0105,微电网能量管理与优化,C0552,微电网能量管理与经济调度,,,2203
C0105,微电网能量管理与优化,C0572,碳排放交易机制,,,6
C0105,微电网能量管理与优化,C0575,产消者能源交易,,,19
C0105,微电网能量管理与优化,C0581,微电网下垂控制与功率分配,,,186
C0105,微电网能量管理与优化,C0582,微电网孤岛切换与动态控制,,,351
C0105,微电网能量管理与优化,C0588,电网接地与地网安全,,,4
C0105,微电网能量管理与优化,C0593,电池健康状态与寿命预测,,,2
C0105,微电网能量管理与优化,C0623,氢能供应链与基础设施规划,,,1
C0105,微电网能量管理与优化,C0624,农光互补与农光协同,,,1
C0105,微电网能量管理与优化,C0626,屋顶与分布式光伏部署,,,1
C0105,微电网能量管理与优化,C0635,综合能源系统规划配置,,,3
C0105,微电网能量管理与优化,C0636,综合能源系统优化调度,,,6
C0105,微电网能量管理与优化,C0667,电网频率控制,,,1
C0105,微电网能量管理与优化,C0686,电网灾害韧性与恢复,,,19
C0105,微电网能量管理与优化,C0710,水电站运行调度,,,3
C0105,微电网能量管理与优化,C0712,电力负荷预测,,,7
C0105,微电网能量管理与优化,C0718,配电网规划与容量配置,,,34
C0105,微电网能量管理与优化,C0729,建筑暖通空调能耗,,,1
C0105,微电网能量管理与优化,C0748,储能系统集成与安全装置,,,2
C0105,微电网能量管理与优化,,,Q.EDITORIAL,封面、索引、勘误等非研究正文,2
C0106,电动汽车推广与整车能耗,C0386,感应电机运行控制与性能,,,5
C0106,电动汽车推广与整车能耗,C0504,电动汽车充电并网影响,,,70
C0106,电动汽车推广与整车能耗,C0545,电动汽车有序充放电调度,,,8
C0106,电动汽车推广与整车能耗,C0553,电动汽车推广与购买行为,,,1818
C0106,电动汽车推广与整车能耗,C0554,电动汽车整车能耗与续航,,,190
C0106,电动汽车推广与整车能耗,C0575,产消者能源交易,,,2
C0106,电动汽车推广与整车能耗,C0592,电池荷电状态估计,,,2
C0106,电动汽车推广与整车能耗,C0597,电动汽车充电负荷预测,,,1
C0106,电动汽车推广与整车能耗,C0613,电力系统可靠性评估,,,1
C0106,电动汽车推广与整车能耗,C0631,电动汽车充电站选址规划,,,10
C0106,电动汽车推广与整车能耗,C0632,电动汽车路径与补能规划,,,65
C0106,电动汽车推广与整车能耗,C0636,综合能源系统优化调度,,,1
C0106,电动汽车推广与整车能耗,C0654,能源电力教学实验平台,,,3
C0106,电动汽车推广与整车能耗,C0656,动力电池梯次利用,,,2
C0106,电动汽车推广与整车能耗,C0718,配电网规划与容量配置,,,4
C0106,电动汽车推广与整车能耗,,,Q.EDITORIAL,封面、索引、勘误等非研究正文,2
C0107,模板化晶体数据库记录,C0191,固态储氢材料与反应器,,,5
C0107,模板化晶体数据库记录,C0530,钙钛矿电池界面、钝化与传输层,,,1
C0107,模板化晶体数据库记录,C0671,二氧化碳固体吸附捕集,,,2
C0107,模板化晶体数据库记录,C0714,层状及富镍锂电正极材料,,,1
C0107,模板化晶体数据库记录,C0715,锂电磷酸盐正极材料,,,4
C0107,模板化晶体数据库记录,,,Q.EDITORIAL,封面、索引、勘误等非研究正文,4
C0108,储能充放电与变流控制,C0060,超级电容器电极与器件,,,4
C0108,储能充放电与变流控制,C0257,固体氧化物燃料电池,,,2
C0108,储能充放电与变流控制,C0517,配电网需求响应与柔性调度,,,4
C0108,储能充放电与变流控制,C0525,储能容量配置与选址,,,2
C0108,储能充放电与变流控制,C0563,电力线载波通信,,,1
C0108,储能充放电与变流控制,C0581,微电网下垂控制与功率分配,,,1
C0108,储能充放电与变流控制,C0582,微电网孤岛切换与动态控制,,,3
C0108,储能充放电与变流控制,C0639,漏电与剩余电流保护,,,1
C0108,储能充放电与变流控制,C0657,电池单体均衡控制,,,2
C0108,储能充放电与变流控制,C0667,电网频率控制,,,8
C0108,储能充放电与变流控制,C0737,电力系统电压稳定,,,1
C0109,水系锌电池与锌空气电池,C0009,二氧化碳电还原催化,,,2
C0109,水系锌电池与锌空气电池,C0060,超级电容器电极与器件,,,56
C0109,水系锌电池与锌空气电池,C0122,热电材料与热电性能优化,,,1
C0109,水系锌电池与锌空气电池,C0155,电解水析氧催化,,,13
C0109,水系锌电池与锌空气电池,C0191,固态储氢材料与反应器,,,14
C0109,水系锌电池与锌空气电池,C0254,电催化析氢与界面调控,,,3
C0109,水系锌电池与锌空气电池,C0259,锂硫电池正极与多硫化物调控,,,13
C0109,水系锌电池与锌空气电池,C0278,整体电催化水分解,,,1
C0109,水系锌电池与锌空气电池,C0336,硅碳负极材料与制备,,,6
C0109,水系锌电池与锌空气电池,C0358,非贵金属氧还原电催化材料,,,14
C0109,水系锌电池与锌空气电池,C0407,水系锌电池负极及界面稳定,,,62
C0109,水系锌电池与锌空气电池,C0417,固体氧化物电解池与可逆电化学单元,,,1
C0109,水系锌电池与锌空气电池,C0441,二次电池电解液添加剂与配方,,,71
C0109,水系锌电池与锌空气电池,C0487,电池冷却与散热,,,4
C0109,水系锌电池与锌空气电池,C0501,钠电池电解液与界面,,,57
C0109,水系锌电池与锌空气电池,C0518,电池电极粘结剂,,,21
C0109,水系锌电池与锌空气电池,C0519,电池隔膜制备与改性,,,6
C0109,水系锌电池与锌空气电池,C0555,锌空气电池,,,1515
C0109,水系锌电池与锌空气电池,C0556,水系锌离子电池,,,2976
C0109,水系锌电池与锌空气电池,C0592,电池荷电状态估计,,,1
C0109,水系锌电池与锌空气电池,C0598,锂资源提取与分离,,,2
C0109,水系锌电池与锌空气电池,C0603,ZnO光催化污染物降解,,,1
C0109,水系锌电池与锌空气电池,C0604,电池老化实验与循环寿命,,,11
C0109,水系锌电池与锌空气电池,C0605,电池阻抗表征,,,3
C0109,水系锌电池与锌空气电池,C0616,锂金属负极界面稳定与枝晶抑制,,,1
C0109,水系锌电池与锌空气电池,C0684,电池热失控与传播,,,3
C0109,水系锌电池与锌空气电池,C0696,镁铝钙多价离子电池,,,171
C0109,水系锌电池与锌空气电池,C0697,钾离子电池,,,29
C0109,水系锌电池与锌空气电池,C0714,层状及富镍锂电正极材料,,,63
C0109,水系锌电池与锌空气电池,C0727,钠离子电池负极材料,,,570
C0109,水系锌电池与锌空气电池,C0728,钠离子电池正极材料,,,322
C0109,水系锌电池与锌空气电池,C0743,硝酸盐电还原制氨,,,1
C0109,水系锌电池与锌空气电池,,,Q.EDITORIAL,封面、索引、勘误等非研究正文,10
C0110,电气柜密封防护与开关部件,C0060,超级电容器电极与器件,,,1
C0110,电气柜密封防护与开关部件,C0191,固态储氢材料与反应器,,,1
C0110,电气柜密封防护与开关部件,C0533,氮化镓功率与结器件,,,1
C0110,电气柜密封防护与开关部件,C0576,碱性水电解制氢,,,1
C0110,电气柜密封防护与开关部件,C0579,电机转子结构与制造,,,1
C0110,电气柜密封防护与开关部件,C0580,电机定子结构与制造,,,7
C0110,电气柜密封防护与开关部件,C0606,地热资源勘探与储层建模,,,1
C0110,电气柜密封防护与开关部件,C0641,电池盖板、端子与密封结构,,,14
C0110,电气柜密封防护与开关部件,C0651,地源热泵与地埋换热器,,,2
C0110,电气柜密封防护与开关部件,C0653,核聚变装置工程,,,1
C0110,电气柜密封防护与开关部件,C0666,功率半导体器件,,,3
C0110,电气柜密封防护与开关部件,C0683,电池火灾抑制与灭火,,,2
C0110,电气柜密封防护与开关部件,C0699,电池模组与电池包装配结构,,,1
C0110,电气柜密封防护与开关部件,C0708,电缆桥架与线束支撑,,,4
C0110,电气柜密封防护与开关部件,C0730,建筑节能改造,,,1
C0110,电气柜密封防护与开关部件,C0744,潜热储热系统,,,2
C0111,机柜装配与通用机械部件,C0579,电机转子结构与制造,,,2
C0111,机柜装配与通用机械部件,C0580,电机定子结构与制造,,,2
C0111,机柜装配与通用机械部件,C0641,电池盖板、端子与密封结构,,,4
C0111,机柜装配与通用机械部件,C0708,电缆桥架与线束支撑,,,30
C0112,电站锅炉汽轮机与设备运维,C0257,固体氧化物燃料电池,,,1
C0112,电站锅炉汽轮机与设备运维,C0525,储能容量配置与选址,,,1
C0112,电站锅炉汽轮机与设备运维,C0533,氮化镓功率与结器件,,,1
C0112,电站锅炉汽轮机与设备运维,C0542,光伏组件故障与缺陷检测,,,1
C0112,电站锅炉汽轮机与设备运维,C0543,加氢站与氢气加注,,,1
C0112,电站锅炉汽轮机与设备运维,C0549,开关设备故障检测,,,1
C0112,电站锅炉汽轮机与设备运维,C0550,变压器故障诊断,,,12
C0112,电站锅炉汽轮机与设备运维,C0551,燃气轮机热力性能,,,22
C0112,电站锅炉汽轮机与设备运维,C0564,波浪能转换装置,,,1
C0112,电站锅炉汽轮机与设备运维,C0588,电网接地与地网安全,,,6
C0112,电站锅炉汽轮机与设备运维,C0607,地热供热与发电利用,,,1
C0112,电站锅炉汽轮机与设备运维,C0615,电气绝缘局部放电,,,1
C0112,电站锅炉汽轮机与设备运维,C0621,工业能源审计与节能评估,,,1
C0112,电站锅炉汽轮机与设备运维,C0633,区域供热供冷系统,,,2
C0112,电站锅炉汽轮机与设备运维,C0639,漏电与剩余电流保护,,,1
C0112,电站锅炉汽轮机与设备运维,C0650,空气源热泵,,,1
C0112,电站锅炉汽轮机与设备运维,C0651,地源热泵与地埋换热器,,,1
C0112,电站锅炉汽轮机与设备运维,C0653,核聚变装置工程,,,5
C0112,电站锅炉汽轮机与设备运维,C0661,温度传感与测量装置,,,1
C0112,电站锅炉汽轮机与设备运维,C0704,汽轮机运行与热力性能,,,22
C0112,电站锅炉汽轮机与设备运维,C0710,水电站运行调度,,,2
C0112,电站锅炉汽轮机与设备运维,C0711,水轮机性能与设计,,,21
C0112,电站锅炉汽轮机与设备运维,C0726,风机状态监测与预测性维护,,,15
C0112,电站锅炉汽轮机与设备运维,C0746,功率因数校正电路与控制,,,2
C0113,二氧化钛光催化材料与反应,C0009,二氧化碳电还原催化,,,6
C0113,二氧化钛光催化材料与反应,C0060,超级电容器电极与器件,,,4
C0113,二氧化钛光催化材料与反应,C0155,电解水析氧催化,,,3
C0113,二氧化钛光催化材料与反应,C0226,过硫酸盐活化与高级氧化,,,3
C0113,二氧化钛光催化材料与反应,C0233,半导体光电化学水分解,,,59
C0113,二氧化钛光催化材料与反应,C0254,电催化析氢与界面调控,,,5
C0113,二氧化钛光催化材料与反应,C0355,染料敏化太阳能电池材料与器件,,,204
C0113,二氧化钛光催化材料与反应,C0387,有机发光二极管与发光材料,,,4
C0113,二氧化钛光催化材料与反应,C0493,光催化制氢,,,1150
C0113,二氧化钛光催化材料与反应,C0510,光催化二氧化碳还原,,,772
C0113,二氧化钛光催化材料与反应,C0537,其他材料光催化污染物降解,,,1184
C0113,二氧化钛光催化材料与反应,C0557,TiO₂光催化污染物降解,,,6425
C0113,二氧化钛光催化材料与反应,C0565,二氧化碳干重整制合成气,,,1
C0113,二氧化钛光催化材料与反应,C0603,ZnO光催化污染物降解,,,8
C0113,二氧化钛光催化材料与反应,C0634,二氧化碳催化加氢与甲烷化,,,9
C0113,二氧化钛光催化材料与反应,C0671,二氧化碳固体吸附捕集,,,2
C0113,二氧化钛光催化材料与反应,C0687,染料敏化电池对电极,,,1
C0113,二氧化钛光催化材料与反应,C0688,染料敏化电池光阳极,,,66
C0113,二氧化钛光催化材料与反应,C0689,染料敏化电池敏化剂,,,7
C0113,二氧化钛光催化材料与反应,C0740,水污染物电化学氧化,,,2
C0113,二氧化钛光催化材料与反应,C0742,氮气电还原制氨,,,1
C0113,二氧化钛光催化材料与反应,C0744,潜热储热系统,,,1
C0113,二氧化钛光催化材料与反应,,,Q.EDITORIAL,封面、索引、勘误等非研究正文,13
C0114,水分离采集与流体界面技术,C0060,超级电容器电极与器件,,,8
C0114,水分离采集与流体界面技术,C0151,多孔碳吸附二氧化碳,,,1
C0114,水分离采集与流体界面技术,C0226,过硫酸盐活化与高级氧化,,,3
C0114,水分离采集与流体界面技术,C0233,半导体光电化学水分解,,,1
C0114,水分离采集与流体界面技术,C0278,整体电催化水分解,,,5
C0114,水分离采集与流体界面技术,C0330,太阳能界面蒸发与海水淡化,,,7
C0114,水分离采集与流体界面技术,C0387,有机发光二极管与发光材料,,,2
C0114,水分离采集与流体界面技术,C0412,质子交换膜燃料电池运行与建模,,,14
C0114,水分离采集与流体界面技术,C0417,固体氧化物电解池与可逆电化学单元,,,1
C0114,水分离采集与流体界面技术,C0508,污泥脱水与调理,,,4
C0114,水分离采集与流体界面技术,C0513,天然气水合物生成与分解,,,11
C0114,水分离采集与流体界面技术,C0515,膜法海水淡化,,,195
C0114,水分离采集与流体界面技术,C0516,分离膜污染与清洗,,,197
C0114,水分离采集与流体界面技术,C0533,氮化镓功率与结器件,,,1
C0114,水分离采集与流体界面技术,C0536,燃料电池水管理,,,8
C0114,水分离采集与流体界面技术,C0537,其他材料光催化污染物降解,,,6
C0114,水分离采集与流体界面技术,C0557,TiO₂光催化污染物降解,,,1
C0114,水分离采集与流体界面技术,C0558,油水分离界面与膜材料,,,383
C0114,水分离采集与流体界面技术,C0559,大气集水与雾水采集,,,8
C0114,水分离采集与流体界面技术,C0560,二氧化碳水合物形成与分离,,,21
C0114,水分离采集与流体界面技术,C0561,蒸汽压缩制冷循环,,,1
C0114,水分离采集与流体界面技术,C0564,波浪能转换装置,,,1
C0114,水分离采集与流体界面技术,C0569,餐厨垃圾或污泥厌氧消化,,,1
C0114,水分离采集与流体界面技术,C0576,碱性水电解制氢,,,39
C0114,水分离采集与流体界面技术,C0577,质子交换膜水电解制氢,,,21
C0114,水分离采集与流体界面技术,C0598,锂资源提取与分离,,,9
C0114,水分离采集与流体界面技术,C0600,直接空气捕碳,,,1
C0114,水分离采集与流体界面技术,C0617,木质纤维素生物乙醇,,,1
C0114,水分离采集与流体界面技术,C0630,有机朗肯循环发电,,,2
C0114,水分离采集与流体界面技术,C0662,吸收式制冷循环,,,5
C0114,水分离采集与流体界面技术,C0663,吸附式制冷循环,,,4
C0114,水分离采集与流体界面技术,C0670,二氧化碳溶剂吸收捕集,,,1
C0114,水分离采集与流体界面技术,C0671,二氧化碳固体吸附捕集,,,12
C0114,水分离采集与流体界面技术,C0680,生物质气化制合成气,,,1
C0114,水分离采集与流体界面技术,C0682,生物质水热液化,,,1
C0114,水分离采集与流体界面技术,C0693,活性炭制备与孔结构,,,1
C0114,水分离采集与流体界面技术,C0694,稀土元素提取分离,,,5
C0114,水分离采集与流体界面技术,C0695,铀钍提取与分离,,,9
C0114,水分离采集与流体界面技术,C0715,锂电磷酸盐正极材料,,,1
C0114,水分离采集与流体界面技术,C0739,水污染物吸附去除,,,12
C0114,水分离采集与流体界面技术,C0745,热化学储热系统,,,3
C0114,水分离采集与流体界面技术,,,Q.EDITORIAL,封面、索引、勘误等非研究正文,2
C0115,二氧化碳吸收溶解与水合物,C0009,二氧化碳电还原催化,,,44
C0115,二氧化碳吸收溶解与水合物,C0151,多孔碳吸附二氧化碳,,,17
C0115,二氧化碳吸收溶解与水合物,C0257,固体氧化物燃料电池,,,1
C0115,二氧化碳吸收溶解与水合物,C0412,质子交换膜燃料电池运行与建模,,,3
C0115,二氧化碳吸收溶解与水合物,C0473,二氧化碳地质封存与驱油,,,24
C0115,二氧化碳吸收溶解与水合物,C0510,光催化二氧化碳还原,,,1
C0115,二氧化碳吸收溶解与水合物,C0513,天然气水合物生成与分解,,,58
C0115,二氧化碳吸收溶解与水合物,C0514,煤气化工艺与反应,,,4
C0115,二氧化碳吸收溶解与水合物,C0536,燃料电池水管理,,,1
C0115,二氧化碳吸收溶解与水合物,C0537,其他材料光催化污染物降解,,,2
C0115,二氧化碳吸收溶解与水合物,C0560,二氧化碳水合物形成与分离,,,1279
C0115,二氧化碳吸收溶解与水合物,C0565,二氧化碳干重整制合成气,,,2
C0115,二氧化碳吸收溶解与水合物,C0600,直接空气捕碳,,,15
C0115,二氧化碳吸收溶解与水合物,C0606,地热资源勘探与储层建模,,,1
C0115,二氧化碳吸收溶解与水合物,C0614,电晕放电与电晕损耗,,,1
C0115,二氧化碳吸收溶解与水合物,C0619,生物炭土壤改良,,,1
C0115,二氧化碳吸收溶解与水合物,C0629,超临界二氧化碳布雷顿循环,,,33
C0115,二氧化碳吸收溶解与水合物,C0634,二氧化碳催化加氢与甲烷化,,,71
C0115,二氧化碳吸收溶解与水合物,C0644,沼气提纯与生物甲烷升级,,,3
C0115,二氧化碳吸收溶解与水合物,C0662,吸收式制冷循环,,,2
C0115,二氧化碳吸收溶解与水合物,C0670,二氧化碳溶剂吸收捕集,,,285
C0115,二氧化碳吸收溶解与水合物,C0671,二氧化碳固体吸附捕集,,,782
C0115,二氧化碳吸收溶解与水合物,C0673,硫化物固态电解质,,,1
C0115,二氧化碳吸收溶解与水合物,C0680,生物质气化制合成气,,,17
C0115,二氧化碳吸收溶解与水合物,C0693,活性炭制备与孔结构,,,8
C0115,二氧化碳吸收溶解与水合物,C0695,铀钍提取与分离,,,1
C0115,二氧化碳吸收溶解与水合物,C0745,热化学储热系统,,,4
C0115,二氧化碳吸收溶解与水合物,,,Q.EDITORIAL,封面、索引、勘误等非研究正文,9
C0115,二氧化碳吸收溶解与水合物,,,Q.INSUFFICIENT,题名摘要不足，待补全,6
C0116,电源装置与供电电路结构,C0154,无线电能传输电路与系统,,,1
C0116,电源装置与供电电路结构,C0512,无线充电器与装置,,,3
C0116,电源装置与供电电路结构,C0573,电连接器与接线端子,,,7
C0116,电源装置与供电电路结构,C0608,隔离型DC-DC变换器,,,5
C0116,电源装置与供电电路结构,C0622,谐振与软开关变换器,,,3
C0116,电源装置与供电电路结构,C0647,电缆绝缘护套与导体结构,,,5
C0116,电源装置与供电电路结构,C0666,功率半导体器件,,,3
C0116,电源装置与供电电路结构,C0746,功率因数校正电路与控制,,,10
C0117,制冷循环工质与能效,C0063,生物质热解与炭化,,,2
C0117,制冷循环工质与能效,C0129,生物质与污泥厌氧消化产气,,,4
C0117,制冷循环工质与能效,C0191,固态储氢材料与反应器,,,4
C0117,制冷循环工质与能效,C0257,固体氧化物燃料电池,,,13
C0117,制冷循环工质与能效,C0330,太阳能界面蒸发与海水淡化,,,2
C0117,制冷循环工质与能效,C0412,质子交换膜燃料电池运行与建模,,,16
C0117,制冷循环工质与能效,C0487,电池冷却与散热,,,66
C0117,制冷循环工质与能效,C0509,太阳能热水与供热装置,,,1
C0117,制冷循环工质与能效,C0510,光催化二氧化碳还原,,,1
C0117,制冷循环工质与能效,C0515,膜法海水淡化,,,10
C0117,制冷循环工质与能效,C0535,燃料电池供气与空压控制,,,1
C0117,制冷循环工质与能效,C0543,加氢站与氢气加注,,,2
C0117,制冷循环工质与能效,C0551,燃气轮机热力性能,,,56
C0117,制冷循环工质与能效,C0560,二氧化碳水合物形成与分离,,,3
C0117,制冷循环工质与能效,C0561,蒸汽压缩制冷循环,,,218
C0117,制冷循环工质与能效,C0562,制冷工质及其热物性,,,41
C0117,制冷循环工质与能效,C0564,波浪能转换装置,,,1
C0117,制冷循环工质与能效,C0565,二氧化碳干重整制合成气,,,2
C0117,制冷循环工质与能效,C0600,直接空气捕碳,,,1
C0117,制冷循环工质与能效,C0607,地热供热与发电利用,,,3
C0117,制冷循环工质与能效,C0629,超临界二氧化碳布雷顿循环,,,57
C0117,制冷循环工质与能效,C0630,有机朗肯循环发电,,,497
C0117,制冷循环工质与能效,C0633,区域供热供冷系统,,,6
C0117,制冷循环工质与能效,C0634,二氧化碳催化加氢与甲烷化,,,3
C0117,制冷循环工质与能效,C0650,空气源热泵,,,52
C0117,制冷循环工质与能效,C0651,地源热泵与地埋换热器,,,55
C0117,制冷循环工质与能效,C0652,核裂变反应堆工程,,,1
C0117,制冷循环工质与能效,C0653,核聚变装置工程,,,2
C0117,制冷循环工质与能效,C0661,温度传感与测量装置,,,2
C0117,制冷循环工质与能效,C0662,吸收式制冷循环,,,407
C0117,制冷循环工质与能效,C0663,吸附式制冷循环,,,53
C0117,制冷循环工质与能效,C0665,换热器结构与传热强化,,,60
C0117,制冷循环工质与能效,C0671,二氧化碳固体吸附捕集,,,8
C0117,制冷循环工质与能效,C0680,生物质气化制合成气,,,15
C0117,制冷循环工质与能效,C0684,电池热失控与传播,,,7
C0117,制冷循环工质与能效,C0701,电气设备风冷散热,,,1
C0117,制冷循环工质与能效,C0704,汽轮机运行与热力性能,,,2
C0117,制冷循环工质与能效,C0723,光伏光热联合系统,,,1
C0117,制冷循环工质与能效,C0725,废塑料回收与转化,,,1
C0117,制冷循环工质与能效,C0744,潜热储热系统,,,44
C0117,制冷循环工质与能效,C0745,热化学储热系统,,,6
C0118,煤矿产能及经营公告,C0621,工业能源审计与节能评估,,,1
C0118,煤矿产能及经营公告,C0649,能源电力标准化政策,,,1
C0119,煤矿安全生产与许可管理,C0611,电气安全与触电风险,,,2
C0120,电力载波与通信传输,C0154,无线电能传输电路与系统,,,6
C0120,电力载波与通信传输,C0246,虚拟电厂资源聚合与调度,,,2
C0120,电力载波与通信传输,C0298,场效应晶体管结构与建模,,,1
C0120,电力载波与通信传输,C0408,配电网重构与优化运行,,,1
C0120,电力载波与通信传输,C0435,智能电表物联网与用能监测,,,2
C0120,电力载波与通信传输,C0517,配电网需求响应与柔性调度,,,2
C0120,电力载波与通信传输,C0533,氮化镓功率与结器件,,,1
C0120,电力载波与通信传输,C0538,智能电网通信架构,,,26
C0120,电力载波与通信传输,C0539,配电网谐波与电能质量治理,,,7
C0120,电力载波与通信传输,C0548,输配电线路故障检测与定位,,,9
C0120,电力载波与通信传输,C0563,电力线载波通信,,,183
C0120,电力载波与通信传输,C0582,微电网孤岛切换与动态控制,,,3
C0120,电力载波与通信传输,C0611,电气安全与触电风险,,,1
C0120,电力载波与通信传输,C0615,电气绝缘局部放电,,,1
C0120,电力载波与通信传输,C0667,电网频率控制,,,1
C0120,电力载波与通信传输,C0686,电网灾害韧性与恢复,,,2
C0120,电力载波与通信传输,C0718,配电网规划与容量配置,,,5
C0120,电力载波与通信传输,C0722,变电站巡检机器人,,,1
C0120,电力载波与通信传输,,,Q.EDITORIAL,封面、索引、勘误等非研究正文,5
C0121,波浪能装置与海洋水动力,C0154,无线电能传输电路与系统,,,1
C0121,波浪能装置与海洋水动力,C0500,压电能量采集,,,11
C0121,波浪能装置与海洋水动力,C0502,潮汐与潮流能开发,,,149
C0121,波浪能装置与海洋水动力,C0515,膜法海水淡化,,,2
C0121,波浪能装置与海洋水动力,C0548,输配电线路故障检测与定位,,,3
C0121,波浪能装置与海洋水动力,C0564,波浪能转换装置,,,1205
C0121,波浪能装置与海洋水动力,C0576,碱性水电解制氢,,,1
C0121,波浪能装置与海洋水动力,C0622,谐振与软开关变换器,,,1
C0121,波浪能装置与海洋水动力,C0672,漂浮式海上风电平台,,,146
C0121,波浪能装置与海洋水动力,,,Q.EDITORIAL,封面、索引、勘误等非研究正文,4
C0121,波浪能装置与海洋水动力,,,Q.INSUFFICIENT,题名摘要不足，待补全,1
C0122,热电材料与热电性能优化,C0298,场效应晶体管结构与建模,,,1
C0122,热电材料与热电性能优化,C0487,电池冷却与散热,,,16
C0122,热电材料与热电性能优化,C0499,电磁能量采集,,,1
C0122,热电材料与热电性能优化,C0500,压电能量采集,,,19
C0122,热电材料与热电性能优化,C0533,氮化镓功率与结器件,,,46
C0122,热电材料与热电性能优化,C0541,光伏组件退化与寿命,,,1
C0122,热电材料与热电性能优化,C0556,水系锌离子电池,,,2
C0122,热电材料与热电性能优化,C0583,碳化硅陶瓷结构材料,,,11
C0122,热电材料与热电性能优化,C0601,铜基热电材料,,,114
C0122,热电材料与热电性能优化,C0602,摩擦纳米发电机,,,11
C0122,热电材料与热电性能优化,C0647,电缆绝缘护套与导体结构,,,4
C0122,热电材料与热电性能优化,C0653,核聚变装置工程,,,1
C0122,热电材料与热电性能优化,C0662,吸收式制冷循环,,,1
C0122,热电材料与热电性能优化,C0684,电池热失控与传播,,,2
C0122,热电材料与热电性能优化,C0714,层状及富镍锂电正极材料,,,4
C0122,热电材料与热电性能优化,C0715,锂电磷酸盐正极材料,,,1
C0122,热电材料与热电性能优化,C0728,钠离子电池正极材料,,,1
C0122,热电材料与热电性能优化,C0744,潜热储热系统,,,13
C0122,热电材料与热电性能优化,,,Q.EDITORIAL,封面、索引、勘误等非研究正文,17
C0123,磁约束等离子体运行与边界,C0533,氮化镓功率与结器件,,,1
C0123,磁约束等离子体运行与边界,C0577,质子交换膜水电解制氢,,,1
C0123,磁约束等离子体运行与边界,C0596,聚变加热与中性束注入,,,46
C0123,磁约束等离子体运行与边界,C0614,电晕放电与电晕损耗,,,8
C0123,磁约束等离子体运行与边界,C0647,电缆绝缘护套与导体结构,,,1
C0123,磁约束等离子体运行与边界,C0652,核裂变反应堆工程,,,1
C0123,磁约束等离子体运行与边界,C0653,核聚变装置工程,,,235
C0123,磁约束等离子体运行与边界,C0669,磁约束等离子体MHD稳定性,,,2
C0123,磁约束等离子体运行与边界,C0684,电池热失控与传播,,,1
C0123,磁约束等离子体运行与边界,C0731,天体等离子体与磁重联,,,6
C0123,磁约束等离子体运行与边界,,,Q.EDITORIAL,封面、索引、勘误等非研究正文,29
C0124,电力系统碳计量与低碳调度,C0009,二氧化碳电还原催化,,,2
C0124,电力系统碳计量与低碳调度,C0060,超级电容器电极与器件,,,1
C0124,电力系统碳计量与低碳调度,C0063,生物质热解与炭化,,,1
C0124,电力系统碳计量与低碳调度,C0151,多孔碳吸附二氧化碳,,,1
C0124,电力系统碳计量与低碳调度,C0246,虚拟电厂资源聚合与调度,,,5
C0124,电力系统碳计量与低碳调度,C0257,固体氧化物燃料电池,,,3
C0124,电力系统碳计量与低碳调度,C0481,微生物燃料电池与生物产电,,,1
C0124,电力系统碳计量与低碳调度,C0517,配电网需求响应与柔性调度,,,2
C0124,电力系统碳计量与低碳调度,C0524,储能运行调度与收益,,,2
C0124,电力系统碳计量与低碳调度,C0527,碳税与环境税费,,,2
C0124,电力系统碳计量与低碳调度,C0552,微电网能量管理与经济调度,,,9
C0124,电力系统碳计量与低碳调度,C0572,碳排放交易机制,,,102
C0124,电力系统碳计量与低碳调度,C0575,产消者能源交易,,,6
C0124,电力系统碳计量与低碳调度,C0600,直接空气捕碳,,,6
C0124,电力系统碳计量与低碳调度,C0629,超临界二氧化碳布雷顿循环,,,1
C0124,电力系统碳计量与低碳调度,C0635,综合能源系统规划配置,,,30
C0124,电力系统碳计量与低碳调度,C0636,综合能源系统优化调度,,,146
C0124,电力系统碳计量与低碳调度,C0642,绿色金融与能源投资,,,1
C0124,电力系统碳计量与低碳调度,C0674,森林资源经营与碳汇,,,2
C0124,电力系统碳计量与低碳调度,C0675,风电出力预测,,,2
C0124,电力系统碳计量与低碳调度,C0680,生物质气化制合成气,,,2
C0124,电力系统碳计量与低碳调度,C0686,电网灾害韧性与恢复,,,1
C0124,电力系统碳计量与低碳调度,C0690,电力知识图谱,,,1
C0124,电力系统碳计量与低碳调度,C0693,活性炭制备与孔结构,,,2
C0124,电力系统碳计量与低碳调度,C0718,配电网规划与容量配置,,,4
C0125,重整气化与合成气制氢,C0009,二氧化碳电还原催化,,,19
C0125,重整气化与合成气制氢,C0063,生物质热解与炭化,,,50
C0125,重整气化与合成气制氢,C0129,生物质与污泥厌氧消化产气,,,5
C0125,重整气化与合成气制氢,C0257,固体氧化物燃料电池,,,202
C0125,重整气化与合成气制氢,C0358,非贵金属氧还原电催化材料,,,1
C0125,重整气化与合成气制氢,C0412,质子交换膜燃料电池运行与建模,,,8
C0125,重整气化与合成气制氢,C0417,固体氧化物电解池与可逆电化学单元,,,5
C0125,重整气化与合成气制氢,C0473,二氧化碳地质封存与驱油,,,1
C0125,重整气化与合成气制氢,C0481,微生物燃料电池与生物产电,,,1
C0125,重整气化与合成气制氢,C0498,生物能源生命周期与可持续性,,,6
C0125,重整气化与合成气制氢,C0510,光催化二氧化碳还原,,,1
C0125,重整气化与合成气制氢,C0513,天然气水合物生成与分解,,,19
C0125,重整气化与合成气制氢,C0514,煤气化工艺与反应,,,48
C0125,重整气化与合成气制氢,C0526,厌氧发酵生物制氢,,,22
C0125,重整气化与合成气制氢,C0534,氢能技术经济与生命周期,,,67
C0125,重整气化与合成气制氢,C0537,其他材料光催化污染物降解,,,1
C0125,重整气化与合成气制氢,C0543,加氢站与氢气加注,,,1
C0125,重整气化与合成气制氢,C0551,燃气轮机热力性能,,,24
C0125,重整气化与合成气制氢,C0560,二氧化碳水合物形成与分离,,,15
C0125,重整气化与合成气制氢,C0561,蒸汽压缩制冷循环,,,1
C0125,重整气化与合成气制氢,C0565,二氧化碳干重整制合成气,,,196
C0125,重整气化与合成气制氢,C0566,蒸汽重整制氢与合成气,,,411
C0125,重整气化与合成气制氢,C0569,餐厨垃圾或污泥厌氧消化,,,3
C0125,重整气化与合成气制氢,C0600,直接空气捕碳,,,6
C0125,重整气化与合成气制氢,C0623,氢能供应链与基础设施规划,,,1
C0125,重整气化与合成气制氢,C0629,超临界二氧化碳布雷顿循环,,,5
C0125,重整气化与合成气制氢,C0630,有机朗肯循环发电,,,62
C0125,重整气化与合成气制氢,C0634,二氧化碳催化加氢与甲烷化,,,237
C0125,重整气化与合成气制氢,C0644,沼气提纯与生物甲烷升级,,,27
C0125,重整气化与合成气制氢,C0653,核聚变装置工程,,,1
C0125,重整气化与合成气制氢,C0662,吸收式制冷循环,,,1
C0125,重整气化与合成气制氢,C0670,二氧化碳溶剂吸收捕集,,,5
C0125,重整气化与合成气制氢,C0671,二氧化碳固体吸附捕集,,,12
C0125,重整气化与合成气制氢,C0680,生物质气化制合成气,,,1268
C0125,重整气化与合成气制氢,C0681,生物质水热炭化,,,3
C0125,重整气化与合成气制氢,C0693,活性炭制备与孔结构,,,11
C0125,重整气化与合成气制氢,C0707,船舶燃料与能效,,,1
C0125,重整气化与合成气制氢,C0716,柴油机燃烧与排放,,,2
C0125,重整气化与合成气制氢,C0725,废塑料回收与转化,,,1
C0125,重整气化与合成气制氢,C0745,热化学储热系统,,,2
C0125,重整气化与合成气制氢,,,Q.EDITORIAL,封面、索引、勘误等非研究正文,7
C0126,氮化碳及复合光催化材料,C0009,二氧化碳电还原催化,,,14
C0126,氮化碳及复合光催化材料,C0060,超级电容器电极与器件,,,1
C0126,氮化碳及复合光催化材料,C0155,电解水析氧催化,,,6
C0126,氮化碳及复合光催化材料,C0226,过硫酸盐活化与高级氧化,,,15
C0126,氮化碳及复合光催化材料,C0233,半导体光电化学水分解,,,12
C0126,氮化碳及复合光催化材料,C0254,电催化析氢与界面调控,,,1
C0126,氮化碳及复合光催化材料,C0355,染料敏化太阳能电池材料与器件,,,3
C0126,氮化碳及复合光催化材料,C0493,光催化制氢,,,1272
C0126,氮化碳及复合光催化材料,C0498,生物能源生命周期与可持续性,,,1
C0126,氮化碳及复合光催化材料,C0510,光催化二氧化碳还原,,,1614
C0126,氮化碳及复合光催化材料,C0537,其他材料光催化污染物降解,,,2614
C0126,氮化碳及复合光催化材料,C0557,TiO₂光催化污染物降解,,,158
C0126,氮化碳及复合光催化材料,C0565,二氧化碳干重整制合成气,,,17
C0126,氮化碳及复合光催化材料,C0603,ZnO光催化污染物降解,,,46
C0126,氮化碳及复合光催化材料,C0634,二氧化碳催化加氢与甲烷化,,,13
C0126,氮化碳及复合光催化材料,C0671,二氧化碳固体吸附捕集,,,3
C0126,氮化碳及复合光催化材料,C0695,铀钍提取与分离,,,2
C0126,氮化碳及复合光催化材料,C0742,氮气电还原制氨,,,3
C0126,氮化碳及复合光催化材料,,,Q.EDITORIAL,封面、索引、勘误等非研究正文,5
C0127,质子交换及功能聚合物膜,C0009,二氧化碳电还原催化,,,1
C0127,质子交换及功能聚合物膜,C0060,超级电容器电极与器件,,,7
C0127,质子交换及功能聚合物膜,C0226,过硫酸盐活化与高级氧化,,,2
C0127,质子交换及功能聚合物膜,C0259,锂硫电池正极与多硫化物调控,,,1
C0127,质子交换及功能聚合物膜,C0266,燃料电池质子交换膜,,,93
C0127,质子交换及功能聚合物膜,C0355,染料敏化太阳能电池材料与器件,,,1
C0127,质子交换及功能聚合物膜,C0412,质子交换膜燃料电池运行与建模,,,4
C0127,质子交换及功能聚合物膜,C0481,微生物燃料电池与生物产电,,,1
C0127,质子交换及功能聚合物膜,C0501,钠电池电解液与界面,,,2
C0127,质子交换及功能聚合物膜,C0515,膜法海水淡化,,,1
C0127,质子交换及功能聚合物膜,C0516,分离膜污染与清洗,,,49
C0127,质子交换及功能聚合物膜,C0518,电池电极粘结剂,,,1
C0127,质子交换及功能聚合物膜,C0519,电池隔膜制备与改性,,,7
C0127,质子交换及功能聚合物膜,C0520,凝胶聚合物锂电解质,,,2
C0127,质子交换及功能聚合物膜,C0521,固态聚合物锂电解质,,,3
C0127,质子交换及功能聚合物膜,C0530,钙钛矿电池界面、钝化与传输层,,,7
C0127,质子交换及功能聚合物膜,C0536,燃料电池水管理,,,1
C0127,质子交换及功能聚合物膜,C0537,其他材料光催化污染物降解,,,1
C0127,质子交换及功能聚合物膜,C0558,油水分离界面与膜材料,,,2
C0127,质子交换及功能聚合物膜,C0576,碱性水电解制氢,,,40
C0127,质子交换及功能聚合物膜,C0577,质子交换膜水电解制氢,,,41
C0127,质子交换及功能聚合物膜,C0598,锂资源提取与分离,,,2
C0127,质子交换及功能聚合物膜,C0695,铀钍提取与分离,,,1
C0127,质子交换及功能聚合物膜,C0728,钠离子电池正极材料,,,1
C0127,质子交换及功能聚合物膜,C0739,水污染物吸附去除,,,1
C0127,质子交换及功能聚合物膜,,,Q.EDITORIAL,封面、索引、勘误等非研究正文,14
C0128,石墨烯复合材料与多场景应用,C0009,二氧化碳电还原催化,,,13
C0128,石墨烯复合材料与多场景应用,C0060,超级电容器电极与器件,,,509
C0128,石墨烯复合材料与多场景应用,C0122,热电材料与热电性能优化,,,1
C0128,石墨烯复合材料与多场景应用,C0155,电解水析氧催化,,,4
C0128,石墨烯复合材料与多场景应用,C0226,过硫酸盐活化与高级氧化,,,4
C0128,石墨烯复合材料与多场景应用,C0233,半导体光电化学水分解,,,3
C0128,石墨烯复合材料与多场景应用,C0254,电催化析氢与界面调控,,,8
C0128,石墨烯复合材料与多场景应用,C0257,固体氧化物燃料电池,,,1
C0128,石墨烯复合材料与多场景应用,C0259,锂硫电池正极与多硫化物调控,,,4
C0128,石墨烯复合材料与多场景应用,C0278,整体电催化水分解,,,4
C0128,石墨烯复合材料与多场景应用,C0336,硅碳负极材料与制备,,,31
C0128,石墨烯复合材料与多场景应用,C0355,染料敏化太阳能电池材料与器件,,,13
C0128,石墨烯复合材料与多场景应用,C0358,非贵金属氧还原电催化材料,,,28
C0128,石墨烯复合材料与多场景应用,C0387,有机发光二极管与发光材料,,,6
C0128,石墨烯复合材料与多场景应用,C0407,水系锌电池负极及界面稳定,,,1
C0128,石墨烯复合材料与多场景应用,C0441,二次电池电解液添加剂与配方,,,1
C0128,石墨烯复合材料与多场景应用,C0481,微生物燃料电池与生物产电,,,4
C0128,石墨烯复合材料与多场景应用,C0491,电池电极涂布与辊压,,,1
C0128,石墨烯复合材料与多场景应用,C0493,光催化制氢,,,1
C0128,石墨烯复合材料与多场景应用,C0498,生物能源生命周期与可持续性,,,1
C0128,石墨烯复合材料与多场景应用,C0501,钠电池电解液与界面,,,1
C0128,石墨烯复合材料与多场景应用,C0513,天然气水合物生成与分解,,,1
C0128,石墨烯复合材料与多场景应用,C0518,电池电极粘结剂,,,8
C0128,石墨烯复合材料与多场景应用,C0530,钙钛矿电池界面、钝化与传输层,,,3
C0128,石墨烯复合材料与多场景应用,C0537,其他材料光催化污染物降解,,,18
C0128,石墨烯复合材料与多场景应用,C0556,水系锌离子电池,,,3
C0128,石墨烯复合材料与多场景应用,C0557,TiO₂光催化污染物降解,,,1
C0128,石墨烯复合材料与多场景应用,C0567,石墨烯结构复合材料,,,45
C0128,石墨烯复合材料与多场景应用,C0568,石墨烯分离膜,,,1
C0128,石墨烯复合材料与多场景应用,C0571,光伏电池与组件制造工艺,,,1
C0128,石墨烯复合材料与多场景应用,C0584,聚合物有机太阳能电池,,,7
C0128,石墨烯复合材料与多场景应用,C0598,锂资源提取与分离,,,1
C0128,石墨烯复合材料与多场景应用,C0601,铜基热电材料,,,3
C0128,石墨烯复合材料与多场景应用,C0602,摩擦纳米发电机,,,18
C0128,石墨烯复合材料与多场景应用,C0603,ZnO光催化污染物降解,,,1
C0128,石墨烯复合材料与多场景应用,C0616,锂金属负极界面稳定与枝晶抑制,,,1
C0128,石墨烯复合材料与多场景应用,C0648,锂电石墨负极,,,8
C0128,石墨烯复合材料与多场景应用,C0670,二氧化碳溶剂吸收捕集,,,1
C0128,石墨烯复合材料与多场景应用,C0671,二氧化碳固体吸附捕集,,,14
C0128,石墨烯复合材料与多场景应用,C0687,染料敏化电池对电极,,,10
C0128,石墨烯复合材料与多场景应用,C0688,染料敏化电池光阳极,,,2
C0128,石墨烯复合材料与多场景应用,C0693,活性炭制备与孔结构,,,2
C0128,石墨烯复合材料与多场景应用,C0695,铀钍提取与分离,,,4
C0128,石墨烯复合材料与多场景应用,C0714,层状及富镍锂电正极材料,,,1
C0128,石墨烯复合材料与多场景应用,C0715,锂电磷酸盐正极材料,,,10
C0128,石墨烯复合材料与多场景应用,C0727,钠离子电池负极材料,,,30
C0128,石墨烯复合材料与多场景应用,C0728,钠离子电池正极材料,,,2
C0128,石墨烯复合材料与多场景应用,C0739,水污染物吸附去除,,,8
C0128,石墨烯复合材料与多场景应用,C0740,水污染物电化学氧化,,,1
C0128,石墨烯复合材料与多场景应用,C0744,潜热储热系统,,,9
C0128,石墨烯复合材料与多场景应用,,,Q.EDITORIAL,封面、索引、勘误等非研究正文,11
C0129,生物质与污泥厌氧消化产气,C0497,藻类生物燃料,,,1
C0129,生物质与污泥厌氧消化产气,C0508,污泥脱水与调理,,,4
C0129,生物质与污泥厌氧消化产气,C0514,煤气化工艺与反应,,,1
C0129,生物质与污泥厌氧消化产气,C0515,膜法海水淡化,,,2
C0129,生物质与污泥厌氧消化产气,C0526,厌氧发酵生物制氢,,,143
C0129,生物质与污泥厌氧消化产气,C0534,氢能技术经济与生命周期,,,2
C0129,生物质与污泥厌氧消化产气,C0544,厌氧污水处理反应器,,,13
C0129,生物质与污泥厌氧消化产气,C0565,二氧化碳干重整制合成气,,,2
C0129,生物质与污泥厌氧消化产气,C0569,餐厨垃圾或污泥厌氧消化,,,1634
C0129,生物质与污泥厌氧消化产气,C0570,畜禽粪便与农业残余厌氧消化,,,949
C0129,生物质与污泥厌氧消化产气,C0619,生物炭土壤改良,,,4
C0129,生物质与污泥厌氧消化产气,C0620,生物炭水污染物去除,,,1
C0129,生物质与污泥厌氧消化产气,C0634,二氧化碳催化加氢与甲烷化,,,1
C0129,生物质与污泥厌氧消化产气,C0644,沼气提纯与生物甲烷升级,,,117
C0129,生物质与污泥厌氧消化产气,C0662,吸收式制冷循环,,,1
C0129,生物质与污泥厌氧消化产气,C0671,二氧化碳固体吸附捕集,,,4
C0129,生物质与污泥厌氧消化产气,C0680,生物质气化制合成气,,,28
C0129,生物质与污泥厌氧消化产气,C0681,生物质水热炭化,,,3
C0130,能源网络安全与隐私保护,C0298,场效应晶体管结构与建模,,,1
C0130,能源网络安全与隐私保护,C0435,智能电表物联网与用能监测,,,1
C0130,能源网络安全与隐私保护,C0538,智能电网通信架构,,,28
C0130,能源网络安全与隐私保护,C0575,产消者能源交易,,,10
C0130,能源网络安全与隐私保护,C0654,能源电力教学实验平台,,,1
C0130,能源网络安全与隐私保护,C0679,FPGA实时控制与硬件实现,,,1
C0130,能源网络安全与隐私保护,C0685,智能电网网络攻击与安全,,,8
C0130,能源网络安全与隐私保护,C0686,电网灾害韧性与恢复,,,1
C0130,能源网络安全与隐私保护,C0747,网络入侵检测,,,130
C0130,能源网络安全与隐私保护,,,Q.EDITORIAL,封面、索引、勘误等非研究正文,5
C0131,光伏电池及组件结构制造,C0060,超级电容器电极与器件,,,3
C0131,光伏电池及组件结构制造,C0487,电池冷却与散热,,,1
C0131,光伏电池及组件结构制造,C0530,钙钛矿电池界面、钝化与传输层,,,3
C0131,光伏电池及组件结构制造,C0532,钙钛矿叠层太阳能电池,,,26
C0131,光伏电池及组件结构制造,C0571,光伏电池与组件制造工艺,,,311
C0131,光伏电池及组件结构制造,C0584,聚合物有机太阳能电池,,,1
C0131,光伏电池及组件结构制造,C0590,非钙钛矿多结太阳能电池,,,101
C0131,光伏电池及组件结构制造,C0626,屋顶与分布式光伏部署,,,6
C0131,光伏电池及组件结构制造,C0677,太阳能集热器传热设计,,,4
C0131,光伏电池及组件结构制造,C0678,聚光太阳能热发电,,,5
C0131,光伏电池及组件结构制造,C0723,光伏光热联合系统,,,2
C0132,超级电容器复合电极材料,C0491,电池电极涂布与辊压,,,1
C0132,超级电容器复合电极材料,C0501,钠电池电解液与界面,,,25
C0132,超级电容器复合电极材料,C0518,电池电极粘结剂,,,19
C0132,超级电容器复合电极材料,C0519,电池隔膜制备与改性,,,1
C0132,超级电容器复合电极材料,C0521,固态聚合物锂电解质,,,6
C0132,超级电容器复合电极材料,C0530,钙钛矿电池界面、钝化与传输层,,,2
C0132,超级电容器复合电极材料,C0537,其他材料光催化污染物降解,,,1
C0132,超级电容器复合电极材料,C0556,水系锌离子电池,,,117
C0132,超级电容器复合电极材料,C0567,石墨烯结构复合材料,,,2
C0132,超级电容器复合电极材料,C0584,聚合物有机太阳能电池,,,1
C0132,超级电容器复合电极材料,C0602,摩擦纳米发电机,,,9
C0132,超级电容器复合电极材料,C0616,锂金属负极界面稳定与枝晶抑制,,,17
C0132,超级电容器复合电极材料,C0648,锂电石墨负极,,,4
C0132,超级电容器复合电极材料,C0714,层状及富镍锂电正极材料,,,16
C0132,超级电容器复合电极材料,C0715,锂电磷酸盐正极材料,,,7
C0132,超级电容器复合电极材料,C0727,钠离子电池负极材料,,,380
C0132,超级电容器复合电极材料,C0728,钠离子电池正极材料,,,57
C0132,超级电容器复合电极材料,,,Q.EDITORIAL,封面、索引、勘误等非研究正文,17
C0133,排放交易与污染治理政策研究,C0498,生物能源生命周期与可持续性,,,2
C0133,排放交易与污染治理政策研究,C0527,碳税与环境税费,,,360
C0133,排放交易与污染治理政策研究,C0553,电动汽车推广与购买行为,,,1
C0133,排放交易与污染治理政策研究,C0572,碳排放交易机制,,,999
C0133,排放交易与污染治理政策研究,C0594,能源安全与转型战略,,,1
C0133,排放交易与污染治理政策研究,C0600,直接空气捕碳,,,6
C0133,排放交易与污染治理政策研究,C0612,国际气候协定与治理,,,24
C0133,排放交易与污染治理政策研究,C0621,工业能源审计与节能评估,,,1
C0133,排放交易与污染治理政策研究,C0642,绿色金融与能源投资,,,21
C0133,排放交易与污染治理政策研究,C0674,森林资源经营与碳汇,,,2
C0133,排放交易与污染治理政策研究,C0719,气候变化适应与风险,,,3
C0133,排放交易与污染治理政策研究,C0720,气候变化减缓政策,,,89
C0133,排放交易与污染治理政策研究,C0750,能源贫困与能源可及性,,,1
C0134,功能薄膜沉积与表征,C0501,钠电池电解液与界面,,,1
C0134,功能薄膜沉积与表征,C0530,钙钛矿电池界面、钝化与传输层,,,3
C0134,功能薄膜沉积与表征,C0533,氮化镓功率与结器件,,,5
C0134,功能薄膜沉积与表征,C0537,其他材料光催化污染物降解,,,3
C0134,功能薄膜沉积与表征,C0541,光伏组件退化与寿命,,,1
C0134,功能薄膜沉积与表征,C0584,聚合物有机太阳能电池,,,2
C0134,功能薄膜沉积与表征,C0628,软磁材料与磁损耗,,,1
C0134,功能薄膜沉积与表征,C0714,层状及富镍锂电正极材料,,,1
C0134,功能薄膜沉积与表征,C0715,锂电磷酸盐正极材料,,,2
C0134,功能薄膜沉积与表征,C0728,钠离子电池正极材料,,,1
C0134,功能薄膜沉积与表征,,,Q.EDITORIAL,封面、索引、勘误等非研究正文,9
C0135,电连接器接线与端口结构,C0154,无线电能传输电路与系统,,,18
C0135,电连接器接线与端口结构,C0472,多电平逆变器拓扑与调制,,,2
C0135,电连接器接线与端口结构,C0496,集成电路与功率模块封装,,,3
C0135,电连接器接线与端口结构,C0512,无线充电器与装置,,,11
C0135,电连接器接线与端口结构,C0548,输配电线路故障检测与定位,,,1
C0135,电连接器接线与端口结构,C0563,电力线载波通信,,,4
C0135,电连接器接线与端口结构,C0573,电连接器与接线端子,,,39
C0135,电连接器接线与端口结构,C0579,电机转子结构与制造,,,1
C0135,电连接器接线与端口结构,C0580,电机定子结构与制造,,,2
C0135,电连接器接线与端口结构,C0589,输电线路雷击与防雷,,,1
C0135,电连接器接线与端口结构,C0608,隔离型DC-DC变换器,,,3
C0135,电连接器接线与端口结构,C0615,电气绝缘局部放电,,,1
C0135,电连接器接线与端口结构,C0622,谐振与软开关变换器,,,4
C0135,电连接器接线与端口结构,C0637,电流检测与测量电路,,,1
C0135,电连接器接线与端口结构,C0647,电缆绝缘护套与导体结构,,,3
C0135,电连接器接线与端口结构,C0708,电缆桥架与线束支撑,,,3
C0136,电力市场机制与产消者经济,C0156,电力交易竞价与市场优化,,,133
C0136,电力市场机制与产消者经济,C0246,虚拟电厂资源聚合与调度,,,2
C0136,电力市场机制与产消者经济,C0435,智能电表物联网与用能监测,,,1
C0136,电力市场机制与产消者经济,C0504,电动汽车充电并网影响,,,1
C0136,电力市场机制与产消者经济,C0506,石油价格与市场经济,,,4
C0136,电力市场机制与产消者经济,C0517,配电网需求响应与柔性调度,,,1
C0136,电力市场机制与产消者经济,C0522,销售电价与用户电费政策,,,1
C0136,电力市场机制与产消者经济,C0523,输配电价监管政策,,,2
C0136,电力市场机制与产消者经济,C0527,碳税与环境税费,,,4
C0136,电力市场机制与产消者经济,C0528,可再生能源补贴机制,,,8
C0136,电力市场机制与产消者经济,C0539,配电网谐波与电能质量治理,,,1
C0136,电力市场机制与产消者经济,C0551,燃气轮机热力性能,,,1
C0136,电力市场机制与产消者经济,C0572,碳排放交易机制,,,11
C0136,电力市场机制与产消者经济,C0574,电力市场机制与制度设计,,,301
C0136,电力市场机制与产消者经济,C0575,产消者能源交易,,,82
C0136,电力市场机制与产消者经济,C0607,地热供热与发电利用,,,1
C0136,电力市场机制与产消者经济,C0611,电气安全与触电风险,,,1
C0136,电力市场机制与产消者经济,C0621,工业能源审计与节能评估,,,2
C0136,电力市场机制与产消者经济,C0625,光伏技术经济与投资,,,3
C0136,电力市场机制与产消者经济,C0626,屋顶与分布式光伏部署,,,2
C0136,电力市场机制与产消者经济,C0633,区域供热供冷系统,,,2
C0136,电力市场机制与产消者经济,C0649,能源电力标准化政策,,,1
C0136,电力市场机制与产消者经济,C0654,能源电力教学实验平台,,,3
C0136,电力市场机制与产消者经济,C0664,LED照明灯具与配光,,,2
C0136,电力市场机制与产消者经济,C0686,电网灾害韧性与恢复,,,2
C0136,电力市场机制与产消者经济,C0710,水电站运行调度,,,1
C0136,电力市场机制与产消者经济,C0712,电力负荷预测,,,27
C0136,电力市场机制与产消者经济,C0713,电价预测,,,16
C0136,电力市场机制与产消者经济,C0718,配电网规划与容量配置,,,5
C0136,电力市场机制与产消者经济,C0750,能源贫困与能源可及性,,,11
C0136,电力市场机制与产消者经济,,,Q.EDITORIAL,封面、索引、勘误等非研究正文,1
C0137,电解与其他路线制氢技术,C0009,二氧化碳电还原催化,,,4
C0137,电解与其他路线制氢技术,C0063,生物质热解与炭化,,,21
C0137,电解与其他路线制氢技术,C0155,电解水析氧催化,,,8
C0137,电解与其他路线制氢技术,C0191,固态储氢材料与反应器,,,51
C0137,电解与其他路线制氢技术,C0233,半导体光电化学水分解,,,16
C0137,电解与其他路线制氢技术,C0254,电催化析氢与界面调控,,,148
C0137,电解与其他路线制氢技术,C0257,固体氧化物燃料电池,,,6
C0137,电解与其他路线制氢技术,C0259,锂硫电池正极与多硫化物调控,,,1
C0137,电解与其他路线制氢技术,C0278,整体电催化水分解,,,6
C0137,电解与其他路线制氢技术,C0412,质子交换膜燃料电池运行与建模,,,3
C0137,电解与其他路线制氢技术,C0417,固体氧化物电解池与可逆电化学单元,,,36
C0137,电解与其他路线制氢技术,C0481,微生物燃料电池与生物产电,,,3
C0137,电解与其他路线制氢技术,C0493,光催化制氢,,,32
C0137,电解与其他路线制氢技术,C0498,生物能源生命周期与可持续性,,,2
C0137,电解与其他路线制氢技术,C0513,天然气水合物生成与分解,,,3
C0137,电解与其他路线制氢技术,C0514,煤气化工艺与反应,,,2
C0137,电解与其他路线制氢技术,C0526,厌氧发酵生物制氢,,,120
C0137,电解与其他路线制氢技术,C0534,氢能技术经济与生命周期,,,86
C0137,电解与其他路线制氢技术,C0543,加氢站与氢气加注,,,17
C0137,电解与其他路线制氢技术,C0566,蒸汽重整制氢与合成气,,,109
C0137,电解与其他路线制氢技术,C0576,碱性水电解制氢,,,197
C0137,电解与其他路线制氢技术,C0577,质子交换膜水电解制氢,,,110
C0137,电解与其他路线制氢技术,C0598,锂资源提取与分离,,,1
C0137,电解与其他路线制氢技术,C0623,氢能供应链与基础设施规划,,,3
C0137,电解与其他路线制氢技术,C0634,二氧化碳催化加氢与甲烷化,,,73
C0137,电解与其他路线制氢技术,C0652,核裂变反应堆工程,,,1
C0137,电解与其他路线制氢技术,C0653,核聚变装置工程,,,1
C0137,电解与其他路线制氢技术,C0671,二氧化碳固体吸附捕集,,,3
C0137,电解与其他路线制氢技术,C0680,生物质气化制合成气,,,76
C0137,电解与其他路线制氢技术,C0693,活性炭制备与孔结构,,,1
C0137,电解与其他路线制氢技术,C0695,铀钍提取与分离,,,1
C0137,电解与其他路线制氢技术,C0724,电子废物回收,,,1
C0137,电解与其他路线制氢技术,C0725,废塑料回收与转化,,,2
C0137,电解与其他路线制氢技术,C0742,氮气电还原制氨,,,1
C0137,电解与其他路线制氢技术,,,Q.EDITORIAL,封面、索引、勘误等非研究正文,12
C0137,电解与其他路线制氢技术,,,Q.INSUFFICIENT,题名摘要不足，待补全,1
C0138,光伏出力预测与系统参数建模,C0246,虚拟电厂资源聚合与调度,,,5
C0138,光伏出力预测与系统参数建模,C0330,太阳能界面蒸发与海水淡化,,,1
C0138,光伏出力预测与系统参数建模,C0381,光伏发电功率预测方法与装置,,,1093
C0138,光伏出力预测与系统参数建模,C0408,配电网重构与优化运行,,,2
C0138,光伏出力预测与系统参数建模,C0435,智能电表物联网与用能监测,,,1
C0138,光伏出力预测与系统参数建模,C0504,电动汽车充电并网影响,,,1
C0138,光伏出力预测与系统参数建模,C0509,太阳能热水与供热装置,,,2
C0138,光伏出力预测与系统参数建模,C0517,配电网需求响应与柔性调度,,,3
C0138,光伏出力预测与系统参数建模,C0524,储能运行调度与收益,,,5
C0138,光伏出力预测与系统参数建模,C0525,储能容量配置与选址,,,1
C0138,光伏出力预测与系统参数建模,C0534,氢能技术经济与生命周期,,,1
C0138,光伏出力预测与系统参数建模,C0539,配电网谐波与电能质量治理,,,10
C0138,光伏出力预测与系统参数建模,C0540,配电网电压无功优化,,,4
C0138,光伏出力预测与系统参数建模,C0541,光伏组件退化与寿命,,,19
C0138,光伏出力预测与系统参数建模,C0542,光伏组件故障与缺陷检测,,,125
C0138,光伏出力预测与系统参数建模,C0552,微电网能量管理与经济调度,,,4
C0138,光伏出力预测与系统参数建模,C0553,电动汽车推广与购买行为,,,1
C0138,光伏出力预测与系统参数建模,C0571,光伏电池与组件制造工艺,,,8
C0138,光伏出力预测与系统参数建模,C0575,产消者能源交易,,,1
C0138,光伏出力预测与系统参数建模,C0578,光伏电池与组件模型参数辨识,,,355
C0138,光伏出力预测与系统参数建模,C0582,微电网孤岛切换与动态控制,,,1
C0138,光伏出力预测与系统参数建模,C0587,太阳辐照度预测估算,,,10
C0138,光伏出力预测与系统参数建模,C0592,电池荷电状态估计,,,3
C0138,光伏出力预测与系统参数建模,C0597,电动汽车充电负荷预测,,,2
C0138,光伏出力预测与系统参数建模,C0602,摩擦纳米发电机,,,1
C0138,光伏出力预测与系统参数建模,C0607,地热供热与发电利用,,,1
C0138,光伏出力预测与系统参数建模,C0613,电力系统可靠性评估,,,3
C0138,光伏出力预测与系统参数建模,C0624,农光互补与农光协同,,,18
C0138,光伏出力预测与系统参数建模,C0625,光伏技术经济与投资,,,38
C0138,光伏出力预测与系统参数建模,C0626,屋顶与分布式光伏部署,,,114
C0138,光伏出力预测与系统参数建模,C0635,综合能源系统规划配置,,,1
C0138,光伏出力预测与系统参数建模,C0636,综合能源系统优化调度,,,2
C0138,光伏出力预测与系统参数建模,C0664,LED照明灯具与配光,,,2
C0138,光伏出力预测与系统参数建模,C0675,风电出力预测,,,1
C0138,光伏出力预测与系统参数建模,C0677,太阳能集热器传热设计,,,1
C0138,光伏出力预测与系统参数建模,C0678,聚光太阳能热发电,,,50
C0138,光伏出力预测与系统参数建模,C0686,电网灾害韧性与恢复,,,1
C0138,光伏出力预测与系统参数建模,C0710,水电站运行调度,,,6
C0138,光伏出力预测与系统参数建模,C0712,电力负荷预测,,,5
C0138,光伏出力预测与系统参数建模,C0713,电价预测,,,2
C0138,光伏出力预测与系统参数建模,C0718,配电网规划与容量配置,,,36
C0138,光伏出力预测与系统参数建模,C0723,光伏光热联合系统,,,64
C0138,光伏出力预测与系统参数建模,C0733,灌溉水资源优化调度,,,5
C0138,光伏出力预测与系统参数建模,C0736,电力系统暂态稳定,,,2
C0138,光伏出力预测与系统参数建模,C0737,电力系统电压稳定,,,3
C0138,光伏出力预测与系统参数建模,C0741,电网状态估计与相量测量,,,1
C0139,变压器油纸绝缘诊断,C0495,聚合物电气绝缘,,,1
C0139,变压器油纸绝缘诊断,C0550,变压器故障诊断,,,52
C0139,变压器油纸绝缘诊断,C0558,油水分离界面与膜材料,,,1
C0139,变压器油纸绝缘诊断,C0576,碱性水电解制氢,,,1
C0139,变压器油纸绝缘诊断,C0614,电晕放电与电晕损耗,,,4
C0139,变压器油纸绝缘诊断,C0615,电气绝缘局部放电,,,168
C0139,变压器油纸绝缘诊断,C0647,电缆绝缘护套与导体结构,,,7
C0140,厌氧微生物产甲烷机制,C0129,生物质与污泥厌氧消化产气,,,37
C0140,厌氧微生物产甲烷机制,C0492,光生物制氢,,,1
C0140,厌氧微生物产甲烷机制,C0498,生物能源生命周期与可持续性,,,1
C0140,厌氧微生物产甲烷机制,C0526,厌氧发酵生物制氢,,,171
C0140,厌氧微生物产甲烷机制,C0569,餐厨垃圾或污泥厌氧消化,,,37
C0140,厌氧微生物产甲烷机制,C0570,畜禽粪便与农业残余厌氧消化,,,13
C0140,厌氧微生物产甲烷机制,C0606,地热资源勘探与储层建模,,,1
C0140,厌氧微生物产甲烷机制,C0617,木质纤维素生物乙醇,,,3
C0140,厌氧微生物产甲烷机制,C0618,木质纤维素预处理,,,4
C0140,厌氧微生物产甲烷机制,C0619,生物炭土壤改良,,,2
C0140,厌氧微生物产甲烷机制,C0644,沼气提纯与生物甲烷升级,,,29
C0140,厌氧微生物产甲烷机制,C0671,二氧化碳固体吸附捕集,,,2
C0140,厌氧微生物产甲烷机制,,,Q.EDITORIAL,封面、索引、勘误等非研究正文,2
C0141,半导体载流子与电荷输运,C0298,场效应晶体管结构与建模,,,6
C0141,半导体载流子与电荷输运,C0493,光催化制氢,,,11
C0141,半导体载流子与电荷输运,C0501,钠电池电解液与界面,,,6
C0141,半导体载流子与电荷输运,C0521,固态聚合物锂电解质,,,14
C0141,半导体载流子与电荷输运,C0530,钙钛矿电池界面、钝化与传输层,,,103
C0141,半导体载流子与电荷输运,C0533,氮化镓功率与结器件,,,4
C0141,半导体载流子与电荷输运,C0537,其他材料光催化污染物降解,,,5
C0141,半导体载流子与电荷输运,C0556,水系锌离子电池,,,1
C0141,半导体载流子与电荷输运,C0557,TiO₂光催化污染物降解,,,3
C0141,半导体载流子与电荷输运,C0577,质子交换膜水电解制氢,,,7
C0141,半导体载流子与电荷输运,C0584,聚合物有机太阳能电池,,,20
C0141,半导体载流子与电荷输运,C0586,小分子有机太阳能电池,,,1
C0141,半导体载流子与电荷输运,C0602,摩擦纳米发电机,,,9
C0141,半导体载流子与电荷输运,C0605,电池阻抗表征,,,1
C0141,半导体载流子与电荷输运,C0653,核聚变装置工程,,,1
C0141,半导体载流子与电荷输运,C0689,染料敏化电池敏化剂,,,2
C0141,半导体载流子与电荷输运,C0714,层状及富镍锂电正极材料,,,3
C0141,半导体载流子与电荷输运,C0728,钠离子电池正极材料,,,3
C0141,半导体载流子与电荷输运,,,Q.EDITORIAL,封面、索引、勘误等非研究正文,14
C0142,电机转子定子与装配结构,C0491,电池电极涂布与辊压,,,1
C0142,电机转子定子与装配结构,C0500,压电能量采集,,,6
C0142,电机转子定子与装配结构,C0511,电池装配工装与制造设备,,,1
C0142,电机转子定子与装配结构,C0579,电机转子结构与制造,,,90
C0142,电机转子定子与装配结构,C0580,电机定子结构与制造,,,26
C0142,电机转子定子与装配结构,C0602,摩擦纳米发电机,,,3
C0142,电机转子定子与装配结构,C0641,电池盖板、端子与密封结构,,,2
C0142,电机转子定子与装配结构,C0646,电机转矩脉动抑制,,,2
C0142,电机转子定子与装配结构,C0700,永磁同步电机控制,,,2
C0142,电机转子定子与装配结构,C0701,电气设备风冷散热,,,1
C0142,电机转子定子与装配结构,C0749,电机绕组与线圈制造,,,1
C0143,微电网变流器协调与功率分配,C0435,智能电表物联网与用能监测,,,1
C0143,微电网变流器协调与功率分配,C0512,无线充电器与装置,,,1
C0143,微电网变流器协调与功率分配,C0517,配电网需求响应与柔性调度,,,5
C0143,微电网变流器协调与功率分配,C0538,智能电网通信架构,,,1
C0143,微电网变流器协调与功率分配,C0539,配电网谐波与电能质量治理,,,19
C0143,微电网变流器协调与功率分配,C0540,配电网电压无功优化,,,5
C0143,微电网变流器协调与功率分配,C0542,光伏组件故障与缺陷检测,,,12
C0143,微电网变流器协调与功率分配,C0552,微电网能量管理与经济调度,,,56
C0143,微电网变流器协调与功率分配,C0564,波浪能转换装置,,,2
C0143,微电网变流器协调与功率分配,C0581,微电网下垂控制与功率分配,,,613
C0143,微电网变流器协调与功率分配,C0582,微电网孤岛切换与动态控制,,,862
C0143,微电网变流器协调与功率分配,C0592,电池荷电状态估计,,,1
C0143,微电网变流器协调与功率分配,C0608,隔离型DC-DC变换器,,,1
C0143,微电网变流器协调与功率分配,C0626,屋顶与分布式光伏部署,,,3
C0143,微电网变流器协调与功率分配,C0645,电机驱动PWM与谐波控制,,,1
C0143,微电网变流器协调与功率分配,C0657,电池单体均衡控制,,,1
C0143,微电网变流器协调与功率分配,C0667,电网频率控制,,,129
C0143,微电网变流器协调与功率分配,C0675,风电出力预测,,,1
C0143,微电网变流器协调与功率分配,C0700,永磁同步电机控制,,,11
C0143,微电网变流器协调与功率分配,C0712,电力负荷预测,,,3
C0143,微电网变流器协调与功率分配,C0729,建筑暖通空调能耗,,,3
C0143,微电网变流器协调与功率分配,C0736,电力系统暂态稳定,,,5
C0143,微电网变流器协调与功率分配,C0737,电力系统电压稳定,,,8
C0143,微电网变流器协调与功率分配,C0741,电网状态估计与相量测量,,,4
C0143,微电网变流器协调与功率分配,C0746,功率因数校正电路与控制,,,18
C0143,微电网变流器协调与功率分配,C0748,储能系统集成与安全装置,,,2
C0144,能源作物种植与生物质采收,C0129,生物质与污泥厌氧消化产气,,,3
C0144,能源作物种植与生物质采收,C0498,生物能源生命周期与可持续性,,,74
C0144,能源作物种植与生物质采收,C0515,膜法海水淡化,,,7
C0144,能源作物种植与生物质采收,C0569,餐厨垃圾或污泥厌氧消化,,,1
C0144,能源作物种植与生物质采收,C0587,太阳辐照度预测估算,,,1
C0144,能源作物种植与生物质采收,C0619,生物炭土壤改良,,,11
C0144,能源作物种植与生物质采收,C0624,农光互补与农光协同,,,147
C0144,能源作物种植与生物质采收,C0630,有机朗肯循环发电,,,2
C0144,能源作物种植与生物质采收,C0671,二氧化碳固体吸附捕集,,,1
C0144,能源作物种植与生物质采收,C0674,森林资源经营与碳汇,,,32
C0144,能源作物种植与生物质采收,C0680,生物质气化制合成气,,,2
C0144,能源作物种植与生物质采收,C0718,配电网规划与容量配置,,,1
C0144,能源作物种植与生物质采收,C0719,气候变化适应与风险,,,1
C0144,能源作物种植与生物质采收,C0720,气候变化减缓政策,,,2
C0144,能源作物种植与生物质采收,C0738,木材加工与干燥,,,3
C0144,能源作物种植与生物质采收,,,Q.EDITORIAL,封面、索引、勘误等非研究正文,7
C0145,陆面气象与蒸散估计,C0502,潮汐与潮流能开发,,,1
C0145,陆面气象与蒸散估计,C0506,石油价格与市场经济,,,1
C0145,陆面气象与蒸散估计,C0515,膜法海水淡化,,,1
C0145,陆面气象与蒸散估计,C0533,氮化镓功率与结器件,,,1
C0145,陆面气象与蒸散估计,C0564,波浪能转换装置,,,3
C0145,陆面气象与蒸散估计,C0587,太阳辐照度预测估算,,,12
C0145,陆面气象与蒸散估计,C0588,电网接地与地网安全,,,1
C0145,陆面气象与蒸散估计,C0607,地热供热与发电利用,,,1
C0145,陆面气象与蒸散估计,C0633,区域供热供冷系统,,,3
C0145,陆面气象与蒸散估计,C0651,地源热泵与地埋换热器,,,2
C0145,陆面气象与蒸散估计,C0675,风电出力预测,,,1
C0145,陆面气象与蒸散估计,C0676,风速预测,,,3
C0145,陆面气象与蒸散估计,C0698,太阳辐射测量与仪器,,,2
C0145,陆面气象与蒸散估计,C0712,电力负荷预测,,,3
C0145,陆面气象与蒸散估计,C0719,气候变化适应与风险,,,1
C0145,陆面气象与蒸散估计,,,Q.EDITORIAL,封面、索引、勘误等非研究正文,3
C0146,铁基催化剂与氧电催化,C0009,二氧化碳电还原催化,,,177
C0146,铁基催化剂与氧电催化,C0060,超级电容器电极与器件,,,2
C0146,铁基催化剂与氧电催化,C0155,电解水析氧催化,,,1153
C0146,铁基催化剂与氧电催化,C0226,过硫酸盐活化与高级氧化,,,37
C0146,铁基催化剂与氧电催化,C0233,半导体光电化学水分解,,,1
C0146,铁基催化剂与氧电催化,C0254,电催化析氢与界面调控,,,398
C0146,铁基催化剂与氧电催化,C0257,固体氧化物燃料电池,,,18
C0146,铁基催化剂与氧电催化,C0259,锂硫电池正极与多硫化物调控,,,9
C0146,铁基催化剂与氧电催化,C0278,整体电催化水分解,,,46
C0146,铁基催化剂与氧电催化,C0358,非贵金属氧还原电催化材料,,,839
C0146,铁基催化剂与氧电催化,C0412,质子交换膜燃料电池运行与建模,,,1
C0146,铁基催化剂与氧电催化,C0417,固体氧化物电解池与可逆电化学单元,,,17
C0146,铁基催化剂与氧电催化,C0493,光催化制氢,,,12
C0146,铁基催化剂与氧电催化,C0510,光催化二氧化碳还原,,,5
C0146,铁基催化剂与氧电催化,C0537,其他材料光催化污染物降解,,,3
C0146,铁基催化剂与氧电催化,C0555,锌空气电池,,,13
C0146,铁基催化剂与氧电催化,C0565,二氧化碳干重整制合成气,,,4
C0146,铁基催化剂与氧电催化,C0566,蒸汽重整制氢与合成气,,,2
C0146,铁基催化剂与氧电催化,C0576,碱性水电解制氢,,,14
C0146,铁基催化剂与氧电催化,C0577,质子交换膜水电解制氢,,,3
C0146,铁基催化剂与氧电催化,C0634,二氧化碳催化加氢与甲烷化,,,25
C0146,铁基催化剂与氧电催化,C0671,二氧化碳固体吸附捕集,,,4
C0146,铁基催化剂与氧电催化,C0680,生物质气化制合成气,,,1
C0146,铁基催化剂与氧电催化,C0714,层状及富镍锂电正极材料,,,16
C0146,铁基催化剂与氧电催化,C0715,锂电磷酸盐正极材料,,,10
C0146,铁基催化剂与氧电催化,C0728,钠离子电池正极材料,,,12
C0146,铁基催化剂与氧电催化,C0742,氮气电还原制氨,,,16
C0146,铁基催化剂与氧电催化,C0743,硝酸盐电还原制氨,,,2
C0146,铁基催化剂与氧电催化,,,Q.EDITORIAL,封面、索引、勘误等非研究正文,38
C0148,电极与电机铁芯制造装置,C0060,超级电容器电极与器件,,,11
C0148,电极与电机铁芯制造装置,C0336,硅碳负极材料与制备,,,2
C0148,电极与电机铁芯制造装置,C0441,二次电池电解液添加剂与配方,,,1
C0148,电极与电机铁芯制造装置,C0491,电池电极涂布与辊压,,,32
C0148,电极与电机铁芯制造装置,C0496,集成电路与功率模块封装,,,2
C0148,电极与电机铁芯制造装置,C0499,电磁能量采集,,,2
C0148,电极与电机铁芯制造装置,C0511,电池装配工装与制造设备,,,17
C0148,电极与电机铁芯制造装置,C0519,电池隔膜制备与改性,,,5
C0148,电极与电机铁芯制造装置,C0571,光伏电池与组件制造工艺,,,5
C0148,电极与电机铁芯制造装置,C0579,电机转子结构与制造,,,1
C0148,电极与电机铁芯制造装置,C0580,电机定子结构与制造,,,6
C0148,电极与电机铁芯制造装置,C0602,摩擦纳米发电机,,,3
C0148,电极与电机铁芯制造装置,C0610,电池极耳焊接,,,1
C0148,电极与电机铁芯制造装置,C0641,电池盖板、端子与密封结构,,,37
C0148,电极与电机铁芯制造装置,C0666,功率半导体器件,,,8
C0149,临床疾病与健康研究,,,Q.EDITORIAL,封面、索引、勘误等非研究正文,19
C0149,临床疾病与健康研究,,,Q.INSUFFICIENT,题名摘要不足，待补全,1
C0150,储能技术与能量转换综述,C0060,超级电容器电极与器件,,,309
C0150,储能技术与能量转换综述,C0257,固体氧化物燃料电池,,,5
C0150,储能技术与能量转换综述,C0259,锂硫电池正极与多硫化物调控,,,1
C0150,储能技术与能量转换综述,C0336,硅碳负极材料与制备,,,1
C0150,储能技术与能量转换综述,C0387,有机发光二极管与发光材料,,,1
C0150,储能技术与能量转换综述,C0417,固体氧化物电解池与可逆电化学单元,,,3
C0150,储能技术与能量转换综述,C0487,电池冷却与散热,,,2
C0150,储能技术与能量转换综述,C0488,电池低温预热,,,1
C0150,储能技术与能量转换综述,C0498,生物能源生命周期与可持续性,,,2
C0150,储能技术与能量转换综述,C0499,电磁能量采集,,,2
C0150,储能技术与能量转换综述,C0500,压电能量采集,,,62
C0150,储能技术与能量转换综述,C0501,钠电池电解液与界面,,,1
C0150,储能技术与能量转换综述,C0518,电池电极粘结剂,,,1
C0150,储能技术与能量转换综述,C0524,储能运行调度与收益,,,2
C0150,储能技术与能量转换综述,C0525,储能容量配置与选址,,,7
C0150,储能技术与能量转换综述,C0552,微电网能量管理与经济调度,,,2
C0150,储能技术与能量转换综述,C0564,波浪能转换装置,,,1
C0150,储能技术与能量转换综述,C0575,产消者能源交易,,,1
C0150,储能技术与能量转换综述,C0602,摩擦纳米发电机,,,42
C0150,储能技术与能量转换综述,C0604,电池老化实验与循环寿命,,,1
C0150,储能技术与能量转换综述,C0662,吸收式制冷循环,,,1
C0150,储能技术与能量转换综述,C0666,功率半导体器件,,,1
C0150,储能技术与能量转换综述,C0678,聚光太阳能热发电,,,1
C0150,储能技术与能量转换综述,C0683,电池火灾抑制与灭火,,,1
C0150,储能技术与能量转换综述,C0684,电池热失控与传播,,,4
C0150,储能技术与能量转换综述,C0696,镁铝钙多价离子电池,,,1
C0150,储能技术与能量转换综述,C0715,锂电磷酸盐正极材料,,,3
C0150,储能技术与能量转换综述,C0723,光伏光热联合系统,,,2
C0150,储能技术与能量转换综述,C0744,潜热储热系统,,,1
C0150,储能技术与能量转换综述,C0745,热化学储热系统,,,1
C0150,储能技术与能量转换综述,C0748,储能系统集成与安全装置,,,8
C0150,储能技术与能量转换综述,,,Q.EDITORIAL,封面、索引、勘误等非研究正文,4
C0151,多孔碳吸附二氧化碳,C0498,生物能源生命周期与可持续性,,,8
C0151,多孔碳吸附二氧化碳,C0510,光催化二氧化碳还原,,,6
C0151,多孔碳吸附二氧化碳,C0513,天然气水合物生成与分解,,,1
C0151,多孔碳吸附二氧化碳,C0514,煤气化工艺与反应,,,1
C0151,多孔碳吸附二氧化碳,C0530,钙钛矿电池界面、钝化与传输层,,,1
C0151,多孔碳吸附二氧化碳,C0534,氢能技术经济与生命周期,,,1
C0151,多孔碳吸附二氧化碳,C0537,其他材料光催化污染物降解,,,2
C0151,多孔碳吸附二氧化碳,C0557,TiO₂光催化污染物降解,,,2
C0151,多孔碳吸附二氧化碳,C0560,二氧化碳水合物形成与分离,,,40
C0151,多孔碳吸附二氧化碳,C0565,二氧化碳干重整制合成气,,,4
C0151,多孔碳吸附二氧化碳,C0569,餐厨垃圾或污泥厌氧消化,,,2
C0151,多孔碳吸附二氧化碳,C0598,锂资源提取与分离,,,1
C0151,多孔碳吸附二氧化碳,C0600,直接空气捕碳,,,38
C0151,多孔碳吸附二氧化碳,C0634,二氧化碳催化加氢与甲烷化,,,65
C0151,多孔碳吸附二氧化碳,C0644,沼气提纯与生物甲烷升级,,,1
C0151,多孔碳吸附二氧化碳,C0663,吸附式制冷循环,,,1
C0151,多孔碳吸附二氧化碳,C0670,二氧化碳溶剂吸收捕集,,,613
C0151,多孔碳吸附二氧化碳,C0671,二氧化碳固体吸附捕集,,,1133
C0151,多孔碳吸附二氧化碳,C0680,生物质气化制合成气,,,2
C0151,多孔碳吸附二氧化碳,C0681,生物质水热炭化,,,1
C0151,多孔碳吸附二氧化碳,C0693,活性炭制备与孔结构,,,716
C0151,多孔碳吸附二氧化碳,C0695,铀钍提取与分离,,,5
C0151,多孔碳吸附二氧化碳,C0715,锂电磷酸盐正极材料,,,4
C0151,多孔碳吸附二氧化碳,C0725,废塑料回收与转化,,,1
C0151,多孔碳吸附二氧化碳,C0727,钠离子电池负极材料,,,8
C0151,多孔碳吸附二氧化碳,C0728,钠离子电池正极材料,,,2
C0151,多孔碳吸附二氧化碳,C0739,水污染物吸附去除,,,45
C0151,多孔碳吸附二氧化碳,,,Q.EDITORIAL,封面、索引、勘误等非研究正文,23
C0152,镁基及多组元合金性质,C0567,石墨烯结构复合材料,,,1
C0152,镁基及多组元合金性质,C0583,碳化硅陶瓷结构材料,,,14
C0152,镁基及多组元合金性质,C0616,锂金属负极界面稳定与枝晶抑制,,,1
C0152,镁基及多组元合金性质,C0714,层状及富镍锂电正极材料,,,10
C0152,镁基及多组元合金性质,C0728,钠离子电池正极材料,,,1
C0152,镁基及多组元合金性质,C0744,潜热储热系统,,,1
C0153,硅基材料与碳化硅陶瓷,C0060,超级电容器电极与器件,,,11
C0153,硅基材料与碳化硅陶瓷,C0191,固态储氢材料与反应器,,,1
C0153,硅基材料与碳化硅陶瓷,C0257,固体氧化物燃料电池,,,1
C0153,硅基材料与碳化硅陶瓷,C0298,场效应晶体管结构与建模,,,5
C0153,硅基材料与碳化硅陶瓷,C0336,硅碳负极材料与制备,,,294
C0153,硅基材料与碳化硅陶瓷,C0387,有机发光二极管与发光材料,,,16
C0153,硅基材料与碳化硅陶瓷,C0420,碳化硅功率半导体器件,,,53
C0153,硅基材料与碳化硅陶瓷,C0487,电池冷却与散热,,,1
C0153,硅基材料与碳化硅陶瓷,C0496,集成电路与功率模块封装,,,1
C0153,硅基材料与碳化硅陶瓷,C0500,压电能量采集,,,1
C0153,硅基材料与碳化硅陶瓷,C0514,煤气化工艺与反应,,,1
C0153,硅基材料与碳化硅陶瓷,C0518,电池电极粘结剂,,,1
C0153,硅基材料与碳化硅陶瓷,C0533,氮化镓功率与结器件,,,5
C0153,硅基材料与碳化硅陶瓷,C0583,碳化硅陶瓷结构材料,,,124
C0153,硅基材料与碳化硅陶瓷,C0638,电压检测与测量电路,,,1
C0153,硅基材料与碳化硅陶瓷,C0661,温度传感与测量装置,,,4
C0153,硅基材料与碳化硅陶瓷,C0666,功率半导体器件,,,4
C0153,硅基材料与碳化硅陶瓷,C0723,光伏光热联合系统,,,1
C0153,硅基材料与碳化硅陶瓷,C0744,潜热储热系统,,,4
C0153,硅基材料与碳化硅陶瓷,,,Q.EDITORIAL,封面、索引、勘误等非研究正文,4
C0154,无线电能传输电路与系统,C0499,电磁能量采集,,,6
C0154,无线电能传输电路与系统,C0500,压电能量采集,,,2
C0154,无线电能传输电路与系统,C0512,无线充电器与装置,,,138
C0154,无线电能传输电路与系统,C0533,氮化镓功率与结器件,,,2
C0154,无线电能传输电路与系统,C0538,智能电网通信架构,,,1
C0154,无线电能传输电路与系统,C0539,配电网谐波与电能质量治理,,,1
C0154,无线电能传输电路与系统,C0563,电力线载波通信,,,206
C0154,无线电能传输电路与系统,C0564,波浪能转换装置,,,1
C0154,无线电能传输电路与系统,C0581,微电网下垂控制与功率分配,,,1
C0154,无线电能传输电路与系统,C0593,电池健康状态与寿命预测,,,1
C0154,无线电能传输电路与系统,C0602,摩擦纳米发电机,,,2
C0154,无线电能传输电路与系统,C0622,谐振与软开关变换器,,,4
C0154,无线电能传输电路与系统,C0647,电缆绝缘护套与导体结构,,,1
C0154,无线电能传输电路与系统,C0664,LED照明灯具与配光,,,1
C0154,无线电能传输电路与系统,C0667,电网频率控制,,,1
C0154,无线电能传输电路与系统,,,Q.EDITORIAL,封面、索引、勘误等非研究正文,2
C0155,电解水析氧催化,C0493,光催化制氢,,,3
C0155,电解水析氧催化,C0501,钠电池电解液与界面,,,1
C0155,电解水析氧催化,C0530,钙钛矿电池界面、钝化与传输层,,,2
C0155,电解水析氧催化,C0537,其他材料光催化污染物降解,,,3
C0155,电解水析氧催化,C0555,锌空气电池,,,3
C0155,电解水析氧催化,C0556,水系锌离子电池,,,1
C0155,电解水析氧催化,C0565,二氧化碳干重整制合成气,,,1
C0155,电解水析氧催化,C0576,碱性水电解制氢,,,36
C0155,电解水析氧催化,C0577,质子交换膜水电解制氢,,,108
C0155,电解水析氧催化,C0604,电池老化实验与循环寿命,,,1
C0155,电解水析氧催化,C0671,二氧化碳固体吸附捕集,,,4
C0155,电解水析氧催化,C0695,铀钍提取与分离,,,2
C0155,电解水析氧催化,C0714,层状及富镍锂电正极材料,,,33
C0155,电解水析氧催化,C0727,钠离子电池负极材料,,,1
C0155,电解水析氧催化,C0728,钠离子电池正极材料,,,23
C0155,电解水析氧催化,C0740,水污染物电化学氧化,,,1
C0155,电解水析氧催化,C0742,氮气电还原制氨,,,3
C0155,电解水析氧催化,,,Q.EDITORIAL,封面、索引、勘误等非研究正文,37
C0156,电力交易竞价与市场优化,C0124,电力系统碳计量与低碳调度,,,3
C0156,电力交易竞价与市场优化,C0490,风能资源评估与选址,,,1
C0156,电力交易竞价与市场优化,C0498,生物能源生命周期与可持续性,,,1
C0156,电力交易竞价与市场优化,C0502,潮汐与潮流能开发,,,1
C0156,电力交易竞价与市场优化,C0504,电动汽车充电并网影响,,,1
C0156,电力交易竞价与市场优化,C0506,石油价格与市场经济,,,1
C0156,电力交易竞价与市场优化,C0517,配电网需求响应与柔性调度,,,7
C0156,电力交易竞价与市场优化,C0523,输配电价监管政策,,,1
C0156,电力交易竞价与市场优化,C0524,储能运行调度与收益,,,44
C0156,电力交易竞价与市场优化,C0525,储能容量配置与选址,,,13
C0156,电力交易竞价与市场优化,C0552,微电网能量管理与经济调度,,,5
C0156,电力交易竞价与市场优化,C0554,电动汽车整车能耗与续航,,,1
C0156,电力交易竞价与市场优化,C0564,波浪能转换装置,,,3
C0156,电力交易竞价与市场优化,C0572,碳排放交易机制,,,19
C0156,电力交易竞价与市场优化,C0574,电力市场机制与制度设计,,,107
C0156,电力交易竞价与市场优化,C0575,产消者能源交易,,,205
C0156,电力交易竞价与市场优化,C0621,工业能源审计与节能评估,,,9
C0156,电力交易竞价与市场优化,C0625,光伏技术经济与投资,,,1
C0156,电力交易竞价与市场优化,C0633,区域供热供冷系统,,,6
C0156,电力交易竞价与市场优化,C0635,综合能源系统规划配置,,,26
C0156,电力交易竞价与市场优化,C0636,综合能源系统优化调度,,,53
C0156,电力交易竞价与市场优化,C0642,绿色金融与能源投资,,,2
C0156,电力交易竞价与市场优化,C0675,风电出力预测,,,1
C0156,电力交易竞价与市场优化,C0686,电网灾害韧性与恢复,,,3
C0156,电力交易竞价与市场优化,C0710,水电站运行调度,,,23
C0156,电力交易竞价与市场优化,C0712,电力负荷预测,,,2
C0156,电力交易竞价与市场优化,C0713,电价预测,,,18
C0156,电力交易竞价与市场优化,C0718,配电网规划与容量配置,,,23
C0156,电力交易竞价与市场优化,C0729,建筑暖通空调能耗,,,1
C0156,电力交易竞价与市场优化,C0748,储能系统集成与安全装置,,,2
C0156,电力交易竞价与市场优化,C0750,能源贫困与能源可及性,,,1
C0156,电力交易竞价与市场优化,,,Q.EDITORIAL,封面、索引、勘误等非研究正文,4
C0157,水工引水排水与杂项装置,C0515,膜法海水淡化,,,1
C0157,水工引水排水与杂项装置,C0536,燃料电池水管理,,,1
C0157,水工引水排水与杂项装置,C0564,波浪能转换装置,,,1
C0157,水工引水排水与杂项装置,C0571,光伏电池与组件制造工艺,,,1
C0157,水工引水排水与杂项装置,C0606,地热资源勘探与储层建模,,,1
C0157,水工引水排水与杂项装置,C0643,电力设施覆冰与除冰,,,1
C0157,水工引水排水与杂项装置,C0644,沼气提纯与生物甲烷升级,,,1
C0157,水工引水排水与杂项装置,C0711,水轮机性能与设计,,,1
C0157,水工引水排水与杂项装置,C0733,灌溉水资源优化调度,,,1
C0158,有机光伏材料、器件与载流子输运,C0009,二氧化碳电还原催化,,,10
C0158,有机光伏材料、器件与载流子输运,C0060,超级电容器电极与器件,,,11
C0158,有机光伏材料、器件与载流子输运,C0233,半导体光电化学水分解,,,34
C0158,有机光伏材料、器件与载流子输运,C0254,电催化析氢与界面调控,,,1
C0158,有机光伏材料、器件与载流子输运,C0330,太阳能界面蒸发与海水淡化,,,1
C0158,有机光伏材料、器件与载流子输运,C0336,硅碳负极材料与制备,,,6
C0158,有机光伏材料、器件与载流子输运,C0355,染料敏化太阳能电池材料与器件,,,261
C0158,有机光伏材料、器件与载流子输运,C0387,有机发光二极管与发光材料,,,11
C0158,有机光伏材料、器件与载流子输运,C0417,固体氧化物电解池与可逆电化学单元,,,1
C0158,有机光伏材料、器件与载流子输运,C0481,微生物燃料电池与生物产电,,,1
C0158,有机光伏材料、器件与载流子输运,C0493,光催化制氢,,,2
C0158,有机光伏材料、器件与载流子输运,C0500,压电能量采集,,,1
C0158,有机光伏材料、器件与载流子输运,C0530,钙钛矿电池界面、钝化与传输层,,,51
C0158,有机光伏材料、器件与载流子输运,C0532,钙钛矿叠层太阳能电池,,,20
C0158,有机光伏材料、器件与载流子输运,C0537,其他材料光催化污染物降解,,,3
C0158,有机光伏材料、器件与载流子输运,C0541,光伏组件退化与寿命,,,5
C0158,有机光伏材料、器件与载流子输运,C0556,水系锌离子电池,,,2
C0158,有机光伏材料、器件与载流子输运,C0571,光伏电池与组件制造工艺,,,38
C0158,有机光伏材料、器件与载流子输运,C0584,聚合物有机太阳能电池,,,4071
C0158,有机光伏材料、器件与载流子输运,C0585,有机光伏印刷与规模制造,,,121
C0158,有机光伏材料、器件与载流子输运,C0586,小分子有机太阳能电池,,,1074
C0158,有机光伏材料、器件与载流子输运,C0590,非钙钛矿多结太阳能电池,,,260
C0158,有机光伏材料、器件与载流子输运,C0602,摩擦纳米发电机,,,9
C0158,有机光伏材料、器件与载流子输运,C0625,光伏技术经济与投资,,,1
C0158,有机光伏材料、器件与载流子输运,C0664,LED照明灯具与配光,,,1
C0158,有机光伏材料、器件与载流子输运,C0671,二氧化碳固体吸附捕集,,,1
C0158,有机光伏材料、器件与载流子输运,C0677,太阳能集热器传热设计,,,1
C0158,有机光伏材料、器件与载流子输运,C0678,聚光太阳能热发电,,,1
C0158,有机光伏材料、器件与载流子输运,C0687,染料敏化电池对电极,,,10
C0158,有机光伏材料、器件与载流子输运,C0688,染料敏化电池光阳极,,,6
C0158,有机光伏材料、器件与载流子输运,C0689,染料敏化电池敏化剂,,,37
C0158,有机光伏材料、器件与载流子输运,C0723,光伏光热联合系统,,,33
C0158,有机光伏材料、器件与载流子输运,,,Q.EDITORIAL,封面、索引、勘误等非研究正文,25
C0159,太阳辐照预测与光伏环境建模,C0330,太阳能界面蒸发与海水淡化,,,2
C0159,太阳辐照预测与光伏环境建模,C0381,光伏发电功率预测方法与装置,,,39
C0159,太阳辐照预测与光伏环境建模,C0490,风能资源评估与选址,,,1
C0159,太阳辐照预测与光伏环境建模,C0509,太阳能热水与供热装置,,,8
C0159,太阳辐照预测与光伏环境建模,C0541,光伏组件退化与寿命,,,1
C0159,太阳辐照预测与光伏环境建模,C0542,光伏组件故障与缺陷检测,,,6
C0159,太阳辐照预测与光伏环境建模,C0564,波浪能转换装置,,,1
C0159,太阳辐照预测与光伏环境建模,C0571,光伏电池与组件制造工艺,,,1
C0159,太阳辐照预测与光伏环境建模,C0578,光伏电池与组件模型参数辨识,,,46
C0159,太阳辐照预测与光伏环境建模,C0587,太阳辐照度预测估算,,,2192
C0159,太阳辐照预测与光伏环境建模,C0590,非钙钛矿多结太阳能电池,,,3
C0159,太阳辐照预测与光伏环境建模,C0623,氢能供应链与基础设施规划,,,1
C0159,太阳辐照预测与光伏环境建模,C0624,农光互补与农光协同,,,1
C0159,太阳辐照预测与光伏环境建模,C0626,屋顶与分布式光伏部署,,,2
C0159,太阳辐照预测与光伏环境建模,C0676,风速预测,,,9
C0159,太阳辐照预测与光伏环境建模,C0677,太阳能集热器传热设计,,,8
C0159,太阳辐照预测与光伏环境建模,C0678,聚光太阳能热发电,,,45
C0159,太阳辐照预测与光伏环境建模,C0680,生物质气化制合成气,,,1
C0159,太阳辐照预测与光伏环境建模,C0698,太阳辐射测量与仪器,,,5
C0159,太阳辐照预测与光伏环境建模,C0713,电价预测,,,1
C0159,太阳辐照预测与光伏环境建模,C0723,光伏光热联合系统,,,4
C0160,通用互联网协议与通信网络,C0517,配电网需求响应与柔性调度,,,1
C0160,通用互联网协议与通信网络,C0538,智能电网通信架构,,,18
C0160,通用互联网协议与通信网络,C0563,电力线载波通信,,,9
C0160,通用互联网协议与通信网络,C0575,产消者能源交易,,,2
C0160,通用互联网协议与通信网络,C0612,国际气候协定与治理,,,1
C0160,通用互联网协议与通信网络,C0664,LED照明灯具与配光,,,1
C0160,通用互联网协议与通信网络,C0718,配电网规划与容量配置,,,4
C0161,车辆操稳道路与轮胎交互,C0386,感应电机运行控制与性能,,,7
C0161,车辆操稳道路与轮胎交互,C0412,质子交换膜燃料电池运行与建模,,,2
C0161,车辆操稳道路与轮胎交互,C0500,压电能量采集,,,1
C0161,车辆操稳道路与轮胎交互,C0533,氮化镓功率与结器件,,,1
C0161,车辆操稳道路与轮胎交互,C0545,电动汽车有序充放电调度,,,1
C0161,车辆操稳道路与轮胎交互,C0554,电动汽车整车能耗与续航,,,20
C0161,车辆操稳道路与轮胎交互,C0592,电池荷电状态估计,,,1
C0161,车辆操稳道路与轮胎交互,C0631,电动汽车充电站选址规划,,,1
C0161,车辆操稳道路与轮胎交互,C0632,电动汽车路径与补能规划,,,26
C0161,车辆操稳道路与轮胎交互,C0679,FPGA实时控制与硬件实现,,,2
C0161,车辆操稳道路与轮胎交互,C0700,永磁同步电机控制,,,1
C0161,车辆操稳道路与轮胎交互,C0718,配电网规划与容量配置,,,1
C0161,车辆操稳道路与轮胎交互,C0722,变电站巡检机器人,,,1
C0161,车辆操稳道路与轮胎交互,C0747,网络入侵检测,,,2
C0162,电气传感与多设备测量,C0154,无线电能传输电路与系统,,,4
C0162,电气传感与多设备测量,C0386,感应电机运行控制与性能,,,1
C0162,电气传感与多设备测量,C0387,有机发光二极管与发光材料,,,1
C0162,电气传感与多设备测量,C0435,智能电表物联网与用能监测,,,2
C0162,电气传感与多设备测量,C0499,电磁能量采集,,,8
C0162,电气传感与多设备测量,C0500,压电能量采集,,,20
C0162,电气传感与多设备测量,C0512,无线充电器与装置,,,6
C0162,电气传感与多设备测量,C0533,氮化镓功率与结器件,,,4
C0162,电气传感与多设备测量,C0546,永磁电机磁路与结构设计,,,6
C0162,电气传感与多设备测量,C0549,开关设备故障检测,,,3
C0162,电气传感与多设备测量,C0550,变压器故障诊断,,,5
C0162,电气传感与多设备测量,C0602,摩擦纳米发电机,,,6
C0162,电气传感与多设备测量,C0614,电晕放电与电晕损耗,,,1
C0162,电气传感与多设备测量,C0615,电气绝缘局部放电,,,37
C0162,电气传感与多设备测量,C0637,电流检测与测量电路,,,88
C0162,电气传感与多设备测量,C0638,电压检测与测量电路,,,34
C0162,电气传感与多设备测量,C0639,漏电与剩余电流保护,,,2
C0162,电气传感与多设备测量,C0645,电机驱动PWM与谐波控制,,,1
C0162,电气传感与多设备测量,C0647,电缆绝缘护套与导体结构,,,1
C0162,电气传感与多设备测量,C0661,温度传感与测量装置,,,2
C0162,电气传感与多设备测量,C0666,功率半导体器件,,,1
C0162,电气传感与多设备测量,C0700,永磁同步电机控制,,,2
C0163,分布式电源接入与配电网运行,C0496,集成电路与功率模块封装,,,1
C0163,分布式电源接入与配电网运行,C0504,电动汽车充电并网影响,,,9
C0163,分布式电源接入与配电网运行,C0517,配电网需求响应与柔性调度,,,57
C0163,分布式电源接入与配电网运行,C0524,储能运行调度与收益,,,12
C0163,分布式电源接入与配电网运行,C0525,储能容量配置与选址,,,2
C0163,分布式电源接入与配电网运行,C0538,智能电网通信架构,,,4
C0163,分布式电源接入与配电网运行,C0539,配电网谐波与电能质量治理,,,9
C0163,分布式电源接入与配电网运行,C0540,配电网电压无功优化,,,35
C0163,分布式电源接入与配电网运行,C0542,光伏组件故障与缺陷检测,,,1
C0163,分布式电源接入与配电网运行,C0552,微电网能量管理与经济调度,,,5
C0163,分布式电源接入与配电网运行,C0575,产消者能源交易,,,6
C0163,分布式电源接入与配电网运行,C0581,微电网下垂控制与功率分配,,,3
C0163,分布式电源接入与配电网运行,C0582,微电网孤岛切换与动态控制,,,2
C0163,分布式电源接入与配电网运行,C0613,电力系统可靠性评估,,,1
C0163,分布式电源接入与配电网运行,C0626,屋顶与分布式光伏部署,,,19
C0163,分布式电源接入与配电网运行,C0631,电动汽车充电站选址规划,,,1
C0163,分布式电源接入与配电网运行,C0633,区域供热供冷系统,,,1
C0163,分布式电源接入与配电网运行,C0636,综合能源系统优化调度,,,4
C0163,分布式电源接入与配电网运行,C0667,电网频率控制,,,1
C0163,分布式电源接入与配电网运行,C0686,电网灾害韧性与恢复,,,4
C0163,分布式电源接入与配电网运行,C0710,水电站运行调度,,,1
C0163,分布式电源接入与配电网运行,C0718,配电网规划与容量配置,,,142
C0163,分布式电源接入与配电网运行,C0741,电网状态估计与相量测量,,,1
C0163,分布式电源接入与配电网运行,C0748,储能系统集成与安全装置,,,1
C0164,输电线路雷电接地与电磁影响,C0154,无线电能传输电路与系统,,,3
C0164,输电线路雷电接地与电磁影响,C0420,碳化硅功率半导体器件,,,1
C0164,输电线路雷电接地与电磁影响,C0533,氮化镓功率与结器件,,,5
C0164,输电线路雷电接地与电磁影响,C0539,配电网谐波与电能质量治理,,,2
C0164,输电线路雷电接地与电磁影响,C0542,光伏组件故障与缺陷检测,,,4
C0164,输电线路雷电接地与电磁影响,C0548,输配电线路故障检测与定位,,,81
C0164,输电线路雷电接地与电磁影响,C0550,变压器故障诊断,,,1
C0164,输电线路雷电接地与电磁影响,C0563,电力线载波通信,,,21
C0164,输电线路雷电接地与电磁影响,C0588,电网接地与地网安全,,,33
C0164,输电线路雷电接地与电磁影响,C0589,输电线路雷击与防雷,,,695
C0164,输电线路雷电接地与电磁影响,C0595,电网短路电流计算,,,3
C0164,输电线路雷电接地与电磁影响,C0611,电气安全与触电风险,,,9
C0164,输电线路雷电接地与电磁影响,C0614,电晕放电与电晕损耗,,,1
C0164,输电线路雷电接地与电磁影响,C0615,电气绝缘局部放电,,,4
C0164,输电线路雷电接地与电磁影响,C0638,电压检测与测量电路,,,2
C0164,输电线路雷电接地与电磁影响,C0647,电缆绝缘护套与导体结构,,,61
C0164,输电线路雷电接地与电磁影响,C0686,电网灾害韧性与恢复,,,2
C0164,输电线路雷电接地与电磁影响,C0708,电缆桥架与线束支撑,,,1
C0164,输电线路雷电接地与电磁影响,C0737,电力系统电压稳定,,,2
C0164,输电线路雷电接地与电磁影响,,,Q.EDITORIAL,封面、索引、勘误等非研究正文,2
C0165,天然气供能与燃气动力系统,C0063,生物质热解与炭化,,,1
C0165,天然气供能与燃气动力系统,C0124,电力系统碳计量与低碳调度,,,1
C0165,天然气供能与燃气动力系统,C0257,固体氧化物燃料电池,,,113
C0165,天然气供能与燃气动力系统,C0412,质子交换膜燃料电池运行与建模,,,1
C0165,天然气供能与燃气动力系统,C0514,煤气化工艺与反应,,,23
C0165,天然气供能与燃气动力系统,C0534,氢能技术经济与生命周期,,,1
C0165,天然气供能与燃气动力系统,C0550,变压器故障诊断,,,3
C0165,天然气供能与燃气动力系统,C0551,燃气轮机热力性能,,,503
C0165,天然气供能与燃气动力系统,C0566,蒸汽重整制氢与合成气,,,1
C0165,天然气供能与燃气动力系统,C0572,碳排放交易机制,,,2
C0165,天然气供能与燃气动力系统,C0600,直接空气捕碳,,,1
C0165,天然气供能与燃气动力系统,C0606,地热资源勘探与储层建模,,,1
C0165,天然气供能与燃气动力系统,C0607,地热供热与发电利用,,,5
C0165,天然气供能与燃气动力系统,C0613,电力系统可靠性评估,,,2
C0165,天然气供能与燃气动力系统,C0621,工业能源审计与节能评估,,,2
C0165,天然气供能与燃气动力系统,C0623,氢能供应链与基础设施规划,,,2
C0165,天然气供能与燃气动力系统,C0629,超临界二氧化碳布雷顿循环,,,24
C0165,天然气供能与燃气动力系统,C0630,有机朗肯循环发电,,,21
C0165,天然气供能与燃气动力系统,C0633,区域供热供冷系统,,,4
C0165,天然气供能与燃气动力系统,C0635,综合能源系统规划配置,,,5
C0165,天然气供能与燃气动力系统,C0636,综合能源系统优化调度,,,5
C0165,天然气供能与燃气动力系统,C0651,地源热泵与地埋换热器,,,3
C0165,天然气供能与燃气动力系统,C0665,换热器结构与传热强化,,,1
C0165,天然气供能与燃气动力系统,C0680,生物质气化制合成气,,,93
C0165,天然气供能与燃气动力系统,C0686,电网灾害韧性与恢复,,,1
C0165,天然气供能与燃气动力系统,C0704,汽轮机运行与热力性能,,,1
C0165,天然气供能与燃气动力系统,C0705,天然气管网优化运行,,,74
C0165,天然气供能与燃气动力系统,C0717,双燃料发动机,,,3
C0165,天然气供能与燃气动力系统,C0718,配电网规划与容量配置,,,2
C0165,天然气供能与燃气动力系统,,,Q.EDITORIAL,封面、索引、勘误等非研究正文,1
C0166,多类太阳能电池结构与性能,C0060,超级电容器电极与器件,,,3
C0166,多类太阳能电池结构与性能,C0154,无线电能传输电路与系统,,,1
C0166,多类太阳能电池结构与性能,C0330,太阳能界面蒸发与海水淡化,,,2
C0166,多类太阳能电池结构与性能,C0355,染料敏化太阳能电池材料与器件,,,324
C0166,多类太阳能电池结构与性能,C0417,固体氧化物电解池与可逆电化学单元,,,2
C0166,多类太阳能电池结构与性能,C0472,多电平逆变器拓扑与调制,,,6
C0166,多类太阳能电池结构与性能,C0530,钙钛矿电池界面、钝化与传输层,,,6
C0166,多类太阳能电池结构与性能,C0532,钙钛矿叠层太阳能电池,,,50
C0166,多类太阳能电池结构与性能,C0541,光伏组件退化与寿命,,,9
C0166,多类太阳能电池结构与性能,C0542,光伏组件故障与缺陷检测,,,15
C0166,多类太阳能电池结构与性能,C0571,光伏电池与组件制造工艺,,,162
C0166,多类太阳能电池结构与性能,C0576,碱性水电解制氢,,,1
C0166,多类太阳能电池结构与性能,C0578,光伏电池与组件模型参数辨识,,,26
C0166,多类太阳能电池结构与性能,C0584,聚合物有机太阳能电池,,,164
C0166,多类太阳能电池结构与性能,C0586,小分子有机太阳能电池,,,10
C0166,多类太阳能电池结构与性能,C0590,非钙钛矿多结太阳能电池,,,943
C0166,多类太阳能电池结构与性能,C0625,光伏技术经济与投资,,,1
C0166,多类太阳能电池结构与性能,C0664,LED照明灯具与配光,,,1
C0166,多类太阳能电池结构与性能,C0677,太阳能集热器传热设计,,,7
C0166,多类太阳能电池结构与性能,C0678,聚光太阳能热发电,,,45
C0166,多类太阳能电池结构与性能,C0687,染料敏化电池对电极,,,8
C0166,多类太阳能电池结构与性能,C0688,染料敏化电池光阳极,,,1
C0166,多类太阳能电池结构与性能,C0689,染料敏化电池敏化剂,,,2
C0166,多类太阳能电池结构与性能,C0723,光伏光热联合系统,,,30
C0166,多类太阳能电池结构与性能,,,Q.EDITORIAL,封面、索引、勘误等非研究正文,14
C0167,晶硅异质结与硅基光伏制造,C0530,钙钛矿电池界面、钝化与传输层,,,2
C0167,晶硅异质结与硅基光伏制造,C0532,钙钛矿叠层太阳能电池,,,71
C0167,晶硅异质结与硅基光伏制造,C0541,光伏组件退化与寿命,,,15
C0167,晶硅异质结与硅基光伏制造,C0542,光伏组件故障与缺陷检测,,,33
C0167,晶硅异质结与硅基光伏制造,C0584,聚合物有机太阳能电池,,,18
C0167,晶硅异质结与硅基光伏制造,C0590,非钙钛矿多结太阳能电池,,,459
C0167,晶硅异质结与硅基光伏制造,C0687,染料敏化电池对电极,,,4
C0167,晶硅异质结与硅基光伏制造,C0688,染料敏化电池光阳极,,,1
C0167,晶硅异质结与硅基光伏制造,C0723,光伏光热联合系统,,,5
C0167,晶硅异质结与硅基光伏制造,,,Q.EDITORIAL,封面、索引、勘误等非研究正文,12
C0168,粒子束辐照与半导体材料缺陷,C0298,场效应晶体管结构与建模,,,2
C0168,粒子束辐照与半导体材料缺陷,C0533,氮化镓功率与结器件,,,11
C0168,粒子束辐照与半导体材料缺陷,C0577,质子交换膜水电解制氢,,,2
C0168,粒子束辐照与半导体材料缺陷,C0583,碳化硅陶瓷结构材料,,,5
C0168,粒子束辐照与半导体材料缺陷,C0596,聚变加热与中性束注入,,,2
C0168,粒子束辐照与半导体材料缺陷,C0616,锂金属负极界面稳定与枝晶抑制,,,2
C0168,粒子束辐照与半导体材料缺陷,C0653,核聚变装置工程,,,4
C0168,粒子束辐照与半导体材料缺陷,C0671,二氧化碳固体吸附捕集,,,1
C0168,粒子束辐照与半导体材料缺陷,C0695,铀钍提取与分离,,,1
C0168,粒子束辐照与半导体材料缺陷,C0714,层状及富镍锂电正极材料,,,6
C0168,粒子束辐照与半导体材料缺陷,C0715,锂电磷酸盐正极材料,,,1
C0168,粒子束辐照与半导体材料缺陷,C0728,钠离子电池正极材料,,,1
C0168,粒子束辐照与半导体材料缺陷,,,Q.EDITORIAL,封面、索引、勘误等非研究正文,1
C0169,电池荷电状态健康状态与建模,C0060,超级电容器电极与器件,,,1
C0169,电池荷电状态健康状态与建模,C0259,锂硫电池正极与多硫化物调控,,,17
C0169,电池荷电状态健康状态与建模,C0441,二次电池电解液添加剂与配方,,,3
C0169,电池荷电状态健康状态与建模,C0487,电池冷却与散热,,,13
C0169,电池荷电状态健康状态与建模,C0491,电池电极涂布与辊压,,,1
C0169,电池荷电状态健康状态与建模,C0518,电池电极粘结剂,,,2
C0169,电池荷电状态健康状态与建模,C0519,电池隔膜制备与改性,,,2
C0169,电池荷电状态健康状态与建模,C0555,锌空气电池,,,1
C0169,电池荷电状态健康状态与建模,C0556,水系锌离子电池,,,4
C0169,电池荷电状态健康状态与建模,C0591,电池等效电路与参数辨识,,,155
C0169,电池荷电状态健康状态与建模,C0592,电池荷电状态估计,,,2223
C0169,电池荷电状态健康状态与建模,C0593,电池健康状态与寿命预测,,,3188
C0169,电池荷电状态健康状态与建模,C0598,锂资源提取与分离,,,37
C0169,电池荷电状态健康状态与建模,C0604,电池老化实验与循环寿命,,,246
C0169,电池荷电状态健康状态与建模,C0605,电池阻抗表征,,,94
C0169,电池荷电状态健康状态与建模,C0656,动力电池梯次利用,,,3
C0169,电池荷电状态健康状态与建模,C0657,电池单体均衡控制,,,63
C0169,电池荷电状态健康状态与建模,C0683,电池火灾抑制与灭火,,,2
C0169,电池荷电状态健康状态与建模,C0684,电池热失控与传播,,,88
C0169,电池荷电状态健康状态与建模,C0696,镁铝钙多价离子电池,,,1
C0169,电池荷电状态健康状态与建模,C0699,电池模组与电池包装配结构,,,9
C0169,电池荷电状态健康状态与建模,C0714,层状及富镍锂电正极材料,,,1
C0169,电池荷电状态健康状态与建模,C0727,钠离子电池负极材料,,,1
C0169,电池荷电状态健康状态与建模,C0728,钠离子电池正极材料,,,6
C0169,电池荷电状态健康状态与建模,,,Q.EDITORIAL,封面、索引、勘误等非研究正文,13
C0170,能源转型与能源安全研究,C0490,风能资源评估与选址,,,2
C0170,能源转型与能源安全研究,C0498,生物能源生命周期与可持续性,,,1
C0170,能源转型与能源安全研究,C0502,潮汐与潮流能开发,,,3
C0170,能源转型与能源安全研究,C0506,石油价格与市场经济,,,5
C0170,能源转型与能源安全研究,C0527,碳税与环境税费,,,10
C0170,能源转型与能源安全研究,C0528,可再生能源补贴机制,,,2
C0170,能源转型与能源安全研究,C0534,氢能技术经济与生命周期,,,1
C0170,能源转型与能源安全研究,C0552,微电网能量管理与经济调度,,,1
C0170,能源转型与能源安全研究,C0564,波浪能转换装置,,,3
C0170,能源转型与能源安全研究,C0572,碳排放交易机制,,,1
C0170,能源转型与能源安全研究,C0575,产消者能源交易,,,18
C0170,能源转型与能源安全研究,C0594,能源安全与转型战略,,,141
C0170,能源转型与能源安全研究,C0598,锂资源提取与分离,,,4
C0170,能源转型与能源安全研究,C0606,地热资源勘探与储层建模,,,1
C0170,能源转型与能源安全研究,C0621,工业能源审计与节能评估,,,3
C0170,能源转型与能源安全研究,C0633,区域供热供冷系统,,,5
C0170,能源转型与能源安全研究,C0635,综合能源系统规划配置,,,1
C0170,能源转型与能源安全研究,C0636,综合能源系统优化调度,,,1
C0170,能源转型与能源安全研究,C0642,绿色金融与能源投资,,,39
C0170,能源转型与能源安全研究,C0654,能源电力教学实验平台,,,1
C0170,能源转型与能源安全研究,C0686,电网灾害韧性与恢复,,,1
C0170,能源转型与能源安全研究,C0719,气候变化适应与风险,,,10
C0170,能源转型与能源安全研究,C0720,气候变化减缓政策,,,34
C0170,能源转型与能源安全研究,C0750,能源贫困与能源可及性,,,177
C0170,能源转型与能源安全研究,,,Q.EDITORIAL,封面、索引、勘误等非研究正文,6
C0170,能源转型与能源安全研究,,,Q.INSUFFICIENT,题名摘要不足，待补全,1
C0171,最优潮流与电网优化运行,C0512,无线充电器与装置,,,1
C0171,最优潮流与电网优化运行,C0517,配电网需求响应与柔性调度,,,5
C0171,最优潮流与电网优化运行,C0524,储能运行调度与收益,,,6
C0171,最优潮流与电网优化运行,C0539,配电网谐波与电能质量治理,,,7
C0171,最优潮流与电网优化运行,C0540,配电网电压无功优化,,,57
C0171,最优潮流与电网优化运行,C0552,微电网能量管理与经济调度,,,1
C0171,最优潮流与电网优化运行,C0563,电力线载波通信,,,1
C0171,最优潮流与电网优化运行,C0564,波浪能转换装置,,,10
C0171,最优潮流与电网优化运行,C0574,电力市场机制与制度设计,,,2
C0171,最优潮流与电网优化运行,C0581,微电网下垂控制与功率分配,,,5
C0171,最优潮流与电网优化运行,C0588,电网接地与地网安全,,,2
C0171,最优潮流与电网优化运行,C0589,输电线路雷击与防雷,,,1
C0171,最优潮流与电网优化运行,C0592,电池荷电状态估计,,,1
C0171,最优潮流与电网优化运行,C0607,地热供热与发电利用,,,4
C0171,最优潮流与电网优化运行,C0613,电力系统可靠性评估,,,5
C0171,最优潮流与电网优化运行,C0629,超临界二氧化碳布雷顿循环,,,1
C0171,最优潮流与电网优化运行,C0633,区域供热供冷系统,,,6
C0171,最优潮流与电网优化运行,C0635,综合能源系统规划配置,,,4
C0171,最优潮流与电网优化运行,C0636,综合能源系统优化调度,,,7
C0171,最优潮流与电网优化运行,C0654,能源电力教学实验平台,,,1
C0171,最优潮流与电网优化运行,C0667,电网频率控制,,,2
C0171,最优潮流与电网优化运行,C0675,风电出力预测,,,2
C0171,最优潮流与电网优化运行,C0686,电网灾害韧性与恢复,,,27
C0171,最优潮流与电网优化运行,C0705,天然气管网优化运行,,,1
C0171,最优潮流与电网优化运行,C0710,水电站运行调度,,,129
C0171,最优潮流与电网优化运行,C0711,水轮机性能与设计,,,1
C0171,最优潮流与电网优化运行,C0712,电力负荷预测,,,12
C0171,最优潮流与电网优化运行,C0713,电价预测,,,1
C0171,最优潮流与电网优化运行,C0718,配电网规划与容量配置,,,30
C0171,最优潮流与电网优化运行,C0733,灌溉水资源优化调度,,,1
C0171,最优潮流与电网优化运行,C0736,电力系统暂态稳定,,,18
C0171,最优潮流与电网优化运行,C0737,电力系统电压稳定,,,15
C0171,最优潮流与电网优化运行,C0741,电网状态估计与相量测量,,,46
C0171,最优潮流与电网优化运行,C0746,功率因数校正电路与控制,,,4
C0171,最优潮流与电网优化运行,,,Q.EDITORIAL,封面、索引、勘误等非研究正文,1
C0172,燃烧稳定与低污染排放,C0487,电池冷却与散热,,,1
C0172,燃烧稳定与低污染排放,C0500,压电能量采集,,,1
C0172,燃烧稳定与低污染排放,C0514,煤气化工艺与反应,,,17
C0172,燃烧稳定与低污染排放,C0551,燃气轮机热力性能,,,10
C0172,燃烧稳定与低污染排放,C0560,二氧化碳水合物形成与分离,,,2
C0172,燃烧稳定与低污染排放,C0566,蒸汽重整制氢与合成气,,,7
C0172,燃烧稳定与低污染排放,C0614,电晕放电与电晕损耗,,,1
C0172,燃烧稳定与低污染排放,C0621,工业能源审计与节能评估,,,2
C0172,燃烧稳定与低污染排放,C0630,有机朗肯循环发电,,,19
C0172,燃烧稳定与低污染排放,C0633,区域供热供冷系统,,,1
C0172,燃烧稳定与低污染排放,C0634,二氧化碳催化加氢与甲烷化,,,1
C0172,燃烧稳定与低污染排放,C0662,吸收式制冷循环,,,3
C0172,燃烧稳定与低污染排放,C0665,换热器结构与传热强化,,,1
C0172,燃烧稳定与低污染排放,C0680,生物质气化制合成气,,,225
C0172,燃烧稳定与低污染排放,C0683,电池火灾抑制与灭火,,,5
C0172,燃烧稳定与低污染排放,C0684,电池热失控与传播,,,9
C0172,燃烧稳定与低污染排放,C0693,活性炭制备与孔结构,,,1
C0172,燃烧稳定与低污染排放,C0703,电站锅炉运行与燃烧,,,53
C0172,燃烧稳定与低污染排放,C0716,柴油机燃烧与排放,,,19
C0172,燃烧稳定与低污染排放,C0717,双燃料发动机,,,1
C0172,燃烧稳定与低污染排放,C0738,木材加工与干燥,,,1
C0172,燃烧稳定与低污染排放,,,Q.EDITORIAL,封面、索引、勘误等非研究正文,2
C0173,电池正极改性与再生工艺,C0060,超级电容器电极与器件,,,31
C0173,电池正极改性与再生工艺,C0191,固态储氢材料与反应器,,,13
C0173,电池正极改性与再生工艺,C0254,电催化析氢与界面调控,,,2
C0173,电池正极改性与再生工艺,C0257,固体氧化物燃料电池,,,4
C0173,电池正极改性与再生工艺,C0336,硅碳负极材料与制备,,,6
C0173,电池正极改性与再生工艺,C0407,水系锌电池负极及界面稳定,,,3
C0173,电池正极改性与再生工艺,C0501,钠电池电解液与界面,,,4
C0173,电池正极改性与再生工艺,C0521,固态聚合物锂电解质,,,1
C0173,电池正极改性与再生工艺,C0556,水系锌离子电池,,,21
C0173,电池正极改性与再生工艺,C0648,锂电石墨负极,,,22
C0173,电池正极改性与再生工艺,C0696,镁铝钙多价离子电池,,,2
C0173,电池正极改性与再生工艺,C0714,层状及富镍锂电正极材料,,,144
C0173,电池正极改性与再生工艺,C0715,锂电磷酸盐正极材料,,,112
C0173,电池正极改性与再生工艺,C0727,钠离子电池负极材料,,,11
C0173,电池正极改性与再生工艺,C0728,钠离子电池正极材料,,,78
C0174,电力负荷预测与短路等系统计算混合,C0156,电力交易竞价与市场优化,,,5
C0174,电力负荷预测与短路等系统计算混合,C0257,固体氧化物燃料电池,,,1
C0174,电力负荷预测与短路等系统计算混合,C0381,光伏发电功率预测方法与装置,,,1
C0174,电力负荷预测与短路等系统计算混合,C0417,固体氧化物电解池与可逆电化学单元,,,1
C0174,电力负荷预测与短路等系统计算混合,C0435,智能电表物联网与用能监测,,,14
C0174,电力负荷预测与短路等系统计算混合,C0517,配电网需求响应与柔性调度,,,1
C0174,电力负荷预测与短路等系统计算混合,C0524,储能运行调度与收益,,,1
C0174,电力负荷预测与短路等系统计算混合,C0539,配电网谐波与电能质量治理,,,7
C0174,电力负荷预测与短路等系统计算混合,C0553,电动汽车推广与购买行为,,,1
C0174,电力负荷预测与短路等系统计算混合,C0554,电动汽车整车能耗与续航,,,1
C0174,电力负荷预测与短路等系统计算混合,C0574,电力市场机制与制度设计,,,5
C0174,电力负荷预测与短路等系统计算混合,C0592,电池荷电状态估计,,,5
C0174,电力负荷预测与短路等系统计算混合,C0593,电池健康状态与寿命预测,,,1
C0174,电力负荷预测与短路等系统计算混合,C0597,电动汽车充电负荷预测,,,1
C0174,电力负荷预测与短路等系统计算混合,C0611,电气安全与触电风险,,,1
C0174,电力负荷预测与短路等系统计算混合,C0613,电力系统可靠性评估,,,5
C0174,电力负荷预测与短路等系统计算混合,C0631,电动汽车充电站选址规划,,,1
C0174,电力负荷预测与短路等系统计算混合,C0633,区域供热供冷系统,,,1
C0174,电力负荷预测与短路等系统计算混合,C0636,综合能源系统优化调度,,,1
C0174,电力负荷预测与短路等系统计算混合,C0649,能源电力标准化政策,,,1
C0174,电力负荷预测与短路等系统计算混合,C0654,能源电力教学实验平台,,,3
C0174,电力负荷预测与短路等系统计算混合,C0686,电网灾害韧性与恢复,,,1
C0174,电力负荷预测与短路等系统计算混合,C0690,电力知识图谱,,,32
C0174,电力负荷预测与短路等系统计算混合,C0712,电力负荷预测,,,261
C0174,电力负荷预测与短路等系统计算混合,C0713,电价预测,,,56
C0174,电力负荷预测与短路等系统计算混合,C0718,配电网规划与容量配置,,,5
C0174,电力负荷预测与短路等系统计算混合,C0737,电力系统电压稳定,,,1
C0174,电力负荷预测与短路等系统计算混合,C0741,电网状态估计与相量测量,,,80
C0175,空化流动与水动力,C0515,膜法海水淡化,,,34
C0175,空化流动与水动力,C0516,分离膜污染与清洗,,,32
C0175,空化流动与水动力,C0536,燃料电池水管理,,,1
C0175,空化流动与水动力,C0561,蒸汽压缩制冷循环,,,1
C0175,空化流动与水动力,C0564,波浪能转换装置,,,2
C0175,空化流动与水动力,C0577,质子交换膜水电解制氢,,,2
C0175,空化流动与水动力,C0615,电气绝缘局部放电,,,1
C0175,空化流动与水动力,C0647,电缆绝缘护套与导体结构,,,2
C0175,空化流动与水动力,,,Q.EDITORIAL,封面、索引、勘误等非研究正文,2
C0176,光伏最大功率点跟踪,C0512,无线充电器与装置,,,1
C0176,光伏最大功率点跟踪,C0517,配电网需求响应与柔性调度,,,2
C0176,光伏最大功率点跟踪,C0524,储能运行调度与收益,,,1
C0176,光伏最大功率点跟踪,C0539,配电网谐波与电能质量治理,,,31
C0176,光伏最大功率点跟踪,C0540,配电网电压无功优化,,,8
C0176,光伏最大功率点跟踪,C0542,光伏组件故障与缺陷检测,,,88
C0176,光伏最大功率点跟踪,C0545,电动汽车有序充放电调度,,,1
C0176,光伏最大功率点跟踪,C0552,微电网能量管理与经济调度,,,2
C0176,光伏最大功率点跟踪,C0578,光伏电池与组件模型参数辨识,,,12
C0176,光伏最大功率点跟踪,C0581,微电网下垂控制与功率分配,,,8
C0176,光伏最大功率点跟踪,C0582,微电网孤岛切换与动态控制,,,6
C0176,光伏最大功率点跟踪,C0611,电气安全与触电风险,,,1
C0176,光伏最大功率点跟踪,C0622,谐振与软开关变换器,,,5
C0176,光伏最大功率点跟踪,C0626,屋顶与分布式光伏部署,,,19
C0176,光伏最大功率点跟踪,C0645,电机驱动PWM与谐波控制,,,4
C0176,光伏最大功率点跟踪,C0654,能源电力教学实验平台,,,1
C0176,光伏最大功率点跟踪,C0664,LED照明灯具与配光,,,15
C0176,光伏最大功率点跟踪,C0667,电网频率控制,,,7
C0176,光伏最大功率点跟踪,C0678,聚光太阳能热发电,,,10
C0176,光伏最大功率点跟踪,C0679,FPGA实时控制与硬件实现,,,7
C0176,光伏最大功率点跟踪,C0700,永磁同步电机控制,,,9
C0176,光伏最大功率点跟踪,C0718,配电网规划与容量配置,,,1
C0176,光伏最大功率点跟踪,C0723,光伏光热联合系统,,,35
C0176,光伏最大功率点跟踪,C0733,灌溉水资源优化调度,,,1
C0176,光伏最大功率点跟踪,C0736,电力系统暂态稳定,,,7
C0176,光伏最大功率点跟踪,C0737,电力系统电压稳定,,,10
C0176,光伏最大功率点跟踪,C0746,功率因数校正电路与控制,,,2
C0176,光伏最大功率点跟踪,C0747,网络入侵检测,,,1
C0177,纳米结构输运与器件基础,C0298,场效应晶体管结构与建模,,,9
C0177,纳米结构输运与器件基础,C0501,钠电池电解液与界面,,,1
C0177,纳米结构输运与器件基础,C0530,钙钛矿电池界面、钝化与传输层,,,1
C0177,纳米结构输运与器件基础,C0533,氮化镓功率与结器件,,,1
C0177,纳米结构输运与器件基础,C0567,石墨烯结构复合材料,,,2
C0177,纳米结构输运与器件基础,C0584,聚合物有机太阳能电池,,,1
C0177,纳米结构输运与器件基础,C0601,铜基热电材料,,,1
C0177,纳米结构输运与器件基础,C0602,摩擦纳米发电机,,,1
C0177,纳米结构输运与器件基础,C0671,二氧化碳固体吸附捕集,,,1
C0177,纳米结构输运与器件基础,C0714,层状及富镍锂电正极材料,,,2
C0177,纳米结构输运与器件基础,,,Q.EDITORIAL,封面、索引、勘误等非研究正文,10
C0178,离子液体与电解质基础,C0009,二氧化碳电还原催化,,,30
C0178,离子液体与电解质基础,C0060,超级电容器电极与器件,,,30
C0178,离子液体与电解质基础,C0155,电解水析氧催化,,,5
C0178,离子液体与电解质基础,C0191,固态储氢材料与反应器,,,1
C0178,离子液体与电解质基础,C0233,半导体光电化学水分解,,,3
C0178,离子液体与电解质基础,C0254,电催化析氢与界面调控,,,9
C0178,离子液体与电解质基础,C0257,固体氧化物燃料电池,,,4
C0178,离子液体与电解质基础,C0259,锂硫电池正极与多硫化物调控,,,1
C0178,离子液体与电解质基础,C0278,整体电催化水分解,,,9
C0178,离子液体与电解质基础,C0336,硅碳负极材料与制备,,,2
C0178,离子液体与电解质基础,C0355,染料敏化太阳能电池材料与器件,,,6
C0178,离子液体与电解质基础,C0358,非贵金属氧还原电催化材料,,,1
C0178,离子液体与电解质基础,C0387,有机发光二极管与发光材料,,,3
C0178,离子液体与电解质基础,C0412,质子交换膜燃料电池运行与建模,,,6
C0178,离子液体与电解质基础,C0417,固体氧化物电解池与可逆电化学单元,,,1
C0178,离子液体与电解质基础,C0441,二次电池电解液添加剂与配方,,,19
C0178,离子液体与电解质基础,C0493,光催化制氢,,,2
C0178,离子液体与电解质基础,C0501,钠电池电解液与界面,,,49
C0178,离子液体与电解质基础,C0513,天然气水合物生成与分解,,,7
C0178,离子液体与电解质基础,C0518,电池电极粘结剂,,,1
C0178,离子液体与电解质基础,C0520,凝胶聚合物锂电解质,,,2
C0178,离子液体与电解质基础,C0521,固态聚合物锂电解质,,,7
C0178,离子液体与电解质基础,C0536,燃料电池水管理,,,1
C0178,离子液体与电解质基础,C0537,其他材料光催化污染物降解,,,1
C0178,离子液体与电解质基础,C0556,水系锌离子电池,,,1
C0178,离子液体与电解质基础,C0560,二氧化碳水合物形成与分离,,,12
C0178,离子液体与电解质基础,C0576,碱性水电解制氢,,,87
C0178,离子液体与电解质基础,C0577,质子交换膜水电解制氢,,,34
C0178,离子液体与电解质基础,C0598,锂资源提取与分离,,,1
C0178,离子液体与电解质基础,C0616,锂金属负极界面稳定与枝晶抑制,,,9
C0178,离子液体与电解质基础,C0634,二氧化碳催化加氢与甲烷化,,,1
C0178,离子液体与电解质基础,C0648,锂电石墨负极,,,1
C0178,离子液体与电解质基础,C0670,二氧化碳溶剂吸收捕集,,,15
C0178,离子液体与电解质基础,C0671,二氧化碳固体吸附捕集,,,5
C0178,离子液体与电解质基础,C0673,硫化物固态电解质,,,4
C0178,离子液体与电解质基础,C0693,活性炭制备与孔结构,,,2
C0178,离子液体与电解质基础,C0695,铀钍提取与分离,,,1
C0178,离子液体与电解质基础,C0715,锂电磷酸盐正极材料,,,3
C0178,离子液体与电解质基础,C0727,钠离子电池负极材料,,,6
C0178,离子液体与电解质基础,C0728,钠离子电池正极材料,,,12
C0178,离子液体与电解质基础,C0739,水污染物吸附去除,,,1
C0178,离子液体与电解质基础,C0740,水污染物电化学氧化,,,2
C0178,离子液体与电解质基础,,,Q.EDITORIAL,封面、索引、勘误等非研究正文,24
C0179,超导与量子材料基础,C0533,氮化镓功率与结器件,,,1
C0179,超导与量子材料基础,C0556,水系锌离子电池,,,2
C0179,超导与量子材料基础,C0647,电缆绝缘护套与导体结构,,,2
C0179,超导与量子材料基础,C0653,核聚变装置工程,,,2
C0179,超导与量子材料基础,C0714,层状及富镍锂电正极材料,,,1
C0179,超导与量子材料基础,C0728,钠离子电池正极材料,,,1
C0179,超导与量子材料基础,,,Q.EDITORIAL,封面、索引、勘误等非研究正文,7
C0179,超导与量子材料基础,,,Q.TEMPLATE,仍有模板干扰，待复核,1
C0180,电池组结构均衡与供能电路,C0060,超级电容器电极与器件,,,12
C0180,电池组结构均衡与供能电路,C0481,微生物燃料电池与生物产电,,,1
C0180,电池组结构均衡与供能电路,C0487,电池冷却与散热,,,5
C0180,电池组结构均衡与供能电路,C0500,压电能量采集,,,1
C0180,电池组结构均衡与供能电路,C0511,电池装配工装与制造设备,,,17
C0180,电池组结构均衡与供能电路,C0512,无线充电器与装置,,,4
C0180,电池组结构均衡与供能电路,C0592,电池荷电状态估计,,,12
C0180,电池组结构均衡与供能电路,C0605,电池阻抗表征,,,1
C0180,电池组结构均衡与供能电路,C0637,电流检测与测量电路,,,1
C0180,电池组结构均衡与供能电路,C0640,浪涌与过压保护电路,,,2
C0180,电池组结构均衡与供能电路,C0641,电池盖板、端子与密封结构,,,4
C0180,电池组结构均衡与供能电路,C0657,电池单体均衡控制,,,237
C0180,电池组结构均衡与供能电路,C0683,电池火灾抑制与灭火,,,4
C0180,电池组结构均衡与供能电路,C0684,电池热失控与传播,,,3
C0180,电池组结构均衡与供能电路,C0699,电池模组与电池包装配结构,,,3
C0180,电池组结构均衡与供能电路,C0746,功率因数校正电路与控制,,,6
C0181,聚变装置与粒子束工程,C0060,超级电容器电极与器件,,,2
C0181,聚变装置与粒子束工程,C0257,固体氧化物燃料电池,,,1
C0181,聚变装置与粒子束工程,C0336,硅碳负极材料与制备,,,1
C0181,聚变装置与粒子束工程,C0387,有机发光二极管与发光材料,,,2
C0181,聚变装置与粒子束工程,C0420,碳化硅功率半导体器件,,,2
C0181,聚变装置与粒子束工程,C0472,多电平逆变器拓扑与调制,,,3
C0181,聚变装置与粒子束工程,C0499,电磁能量采集,,,2
C0181,聚变装置与粒子束工程,C0533,氮化镓功率与结器件,,,9
C0181,聚变装置与粒子束工程,C0564,波浪能转换装置,,,1
C0181,聚变装置与粒子束工程,C0596,聚变加热与中性束注入,,,10
C0181,聚变装置与粒子束工程,C0622,谐振与软开关变换器,,,4
C0181,聚变装置与粒子束工程,C0647,电缆绝缘护套与导体结构,,,16
C0181,聚变装置与粒子束工程,C0653,核聚变装置工程,,,118
C0181,聚变装置与粒子束工程,C0666,功率半导体器件,,,1
C0182,导航定位与遥感观测,C0533,氮化镓功率与结器件,,,1
C0182,导航定位与遥感观测,C0548,输配电线路故障检测与定位,,,1
C0182,导航定位与遥感观测,C0549,开关设备故障检测,,,1
C0182,导航定位与遥感观测,C0615,电气绝缘局部放电,,,1
C0182,导航定位与遥感观测,C0653,核聚变装置工程,,,2
C0182,导航定位与遥感观测,C0679,FPGA实时控制与硬件实现,,,2
C0182,导航定位与遥感观测,C0700,永磁同步电机控制,,,1
C0182,导航定位与遥感观测,C0722,变电站巡检机器人,,,2
C0182,导航定位与遥感观测,C0747,网络入侵检测,,,1
C0182,导航定位与遥感观测,,,Q.EDITORIAL,封面、索引、勘误等非研究正文,3
C0182,导航定位与遥感观测,,,Q.INSUFFICIENT,题名摘要不足，待补全,1
C0183,通用控制器与电力控制算法,C0060,超级电容器电极与器件,,,3
C0183,通用控制器与电力控制算法,C0154,无线电能传输电路与系统,,,2
C0183,通用控制器与电力控制算法,C0257,固体氧化物燃料电池,,,2
C0183,通用控制器与电力控制算法,C0386,感应电机运行控制与性能,,,213
C0183,通用控制器与电力控制算法,C0412,质子交换膜燃料电池运行与建模,,,8
C0183,通用控制器与电力控制算法,C0472,多电平逆变器拓扑与调制,,,8
C0183,通用控制器与电力控制算法,C0500,压电能量采集,,,1
C0183,通用控制器与电力控制算法,C0516,分离膜污染与清洗,,,1
C0183,通用控制器与电力控制算法,C0535,燃料电池供气与空压控制,,,4
C0183,通用控制器与电力控制算法,C0539,配电网谐波与电能质量治理,,,3
C0183,通用控制器与电力控制算法,C0552,微电网能量管理与经济调度,,,1
C0183,通用控制器与电力控制算法,C0564,波浪能转换装置,,,72
C0183,通用控制器与电力控制算法,C0581,微电网下垂控制与功率分配,,,20
C0183,通用控制器与电力控制算法,C0582,微电网孤岛切换与动态控制,,,51
C0183,通用控制器与电力控制算法,C0622,谐振与软开关变换器,,,12
C0183,通用控制器与电力控制算法,C0633,区域供热供冷系统,,,1
C0183,通用控制器与电力控制算法,C0645,电机驱动PWM与谐波控制,,,13
C0183,通用控制器与电力控制算法,C0646,电机转矩脉动抑制,,,1
C0183,通用控制器与电力控制算法,C0653,核聚变装置工程,,,5
C0183,通用控制器与电力控制算法,C0667,电网频率控制,,,391
C0183,通用控制器与电力控制算法,C0672,漂浮式海上风电平台,,,1
C0183,通用控制器与电力控制算法,C0679,FPGA实时控制与硬件实现,,,19
C0183,通用控制器与电力控制算法,C0700,永磁同步电机控制,,,594
C0183,通用控制器与电力控制算法,C0711,水轮机性能与设计,,,6
C0183,通用控制器与电力控制算法,C0712,电力负荷预测,,,2
C0183,通用控制器与电力控制算法,C0717,双燃料发动机,,,1
C0183,通用控制器与电力控制算法,C0722,变电站巡检机器人,,,1
C0183,通用控制器与电力控制算法,C0726,风机状态监测与预测性维护,,,1
C0183,通用控制器与电力控制算法,C0736,电力系统暂态稳定,,,24
C0183,通用控制器与电力控制算法,C0741,电网状态估计与相量测量,,,2
C0183,通用控制器与电力控制算法,C0746,功率因数校正电路与控制,,,31
C0183,通用控制器与电力控制算法,,,Q.EDITORIAL,封面、索引、勘误等非研究正文,1
C0184,卤化物钙钛矿结构、光电物性与发光,C0298,场效应晶体管结构与建模,,,6
C0184,卤化物钙钛矿结构、光电物性与发光,C0493,光催化制氢,,,10
C0184,卤化物钙钛矿结构、光电物性与发光,C0500,压电能量采集,,,4
C0184,卤化物钙钛矿结构、光电物性与发光,C0510,光催化二氧化碳还原,,,2
C0184,卤化物钙钛矿结构、光电物性与发光,C0529,钙钛矿吸收层结晶与成膜,,,75
C0184,卤化物钙钛矿结构、光电物性与发光,C0530,钙钛矿电池界面、钝化与传输层,,,207
C0184,卤化物钙钛矿结构、光电物性与发光,C0532,钙钛矿叠层太阳能电池,,,16
C0184,卤化物钙钛矿结构、光电物性与发光,C0537,其他材料光催化污染物降解,,,13
C0184,卤化物钙钛矿结构、光电物性与发光,C0602,摩擦纳米发电机,,,19
C0184,卤化物钙钛矿结构、光电物性与发光,,,Q.EDITORIAL,封面、索引、勘误等非研究正文,33
C0185,风电场运行与功率优化,C0489,海上风电开发与技术经济,,,53
C0185,风电场运行与功率优化,C0490,风能资源评估与选址,,,100
C0185,风电场运行与功率优化,C0499,电磁能量采集,,,2
C0185,风电场运行与功率优化,C0502,潮汐与潮流能开发,,,1
C0185,风电场运行与功率优化,C0517,配电网需求响应与柔性调度,,,1
C0185,风电场运行与功率优化,C0524,储能运行调度与收益,,,43
C0185,风电场运行与功率优化,C0525,储能容量配置与选址,,,2
C0185,风电场运行与功率优化,C0528,可再生能源补贴机制,,,1
C0185,风电场运行与功率优化,C0534,氢能技术经济与生命周期,,,1
C0185,风电场运行与功率优化,C0538,智能电网通信架构,,,1
C0185,风电场运行与功率优化,C0539,配电网谐波与电能质量治理,,,5
C0185,风电场运行与功率优化,C0540,配电网电压无功优化,,,2
C0185,风电场运行与功率优化,C0548,输配电线路故障检测与定位,,,1
C0185,风电场运行与功率优化,C0551,燃气轮机热力性能,,,1
C0185,风电场运行与功率优化,C0564,波浪能转换装置,,,2
C0185,风电场运行与功率优化,C0574,电力市场机制与制度设计,,,1
C0185,风电场运行与功率优化,C0578,光伏电池与组件模型参数辨识,,,1
C0185,风电场运行与功率优化,C0604,电池老化实验与循环寿命,,,1
C0185,风电场运行与功率优化,C0611,电气安全与触电风险,,,1
C0185,风电场运行与功率优化,C0613,电力系统可靠性评估,,,12
C0185,风电场运行与功率优化,C0635,综合能源系统规划配置,,,1
C0185,风电场运行与功率优化,C0636,综合能源系统优化调度,,,7
C0185,风电场运行与功率优化,C0643,电力设施覆冰与除冰,,,1
C0185,风电场运行与功率优化,C0672,漂浮式海上风电平台,,,55
C0185,风电场运行与功率优化,C0675,风电出力预测,,,140
C0185,风电场运行与功率优化,C0676,风速预测,,,34
C0185,风电场运行与功率优化,C0686,电网灾害韧性与恢复,,,6
C0185,风电场运行与功率优化,C0710,水电站运行调度,,,2
C0185,风电场运行与功率优化,C0711,水轮机性能与设计,,,3
C0185,风电场运行与功率优化,C0718,配电网规划与容量配置,,,10
C0185,风电场运行与功率优化,C0726,风机状态监测与预测性维护,,,113
C0185,风电场运行与功率优化,C0736,电力系统暂态稳定,,,5
C0185,风电场运行与功率优化,C0737,电力系统电压稳定,,,4
C0185,风电场运行与功率优化,,,Q.EDITORIAL,封面、索引、勘误等非研究正文,5
C0186,煤热解气化与煤质特性,C0514,煤气化工艺与反应,,,255
C0186,煤热解气化与煤质特性,C0565,二氧化碳干重整制合成气,,,1
C0186,煤热解气化与煤质特性,C0566,蒸汽重整制氢与合成气,,,3
C0186,煤热解气化与煤质特性,C0598,锂资源提取与分离,,,3
C0186,煤热解气化与煤质特性,C0634,二氧化碳催化加氢与甲烷化,,,2
C0186,煤热解气化与煤质特性,C0648,锂电石墨负极,,,1
C0186,煤热解气化与煤质特性,C0671,二氧化碳固体吸附捕集,,,26
C0186,煤热解气化与煤质特性,C0680,生物质气化制合成气,,,14
C0186,煤热解气化与煤质特性,C0681,生物质水热炭化,,,3
C0186,煤热解气化与煤质特性,C0693,活性炭制备与孔结构,,,29
C0186,煤热解气化与煤质特性,C0694,稀土元素提取分离,,,4
C0186,煤热解气化与煤质特性,C0725,废塑料回收与转化,,,2
C0186,煤热解气化与煤质特性,C0739,水污染物吸附去除,,,1
C0186,煤热解气化与煤质特性,,,Q.EDITORIAL,封面、索引、勘误等非研究正文,1
C0187,通用反应分离与气液处理装置,C0009,二氧化碳电还原催化,,,1
C0187,通用反应分离与气液处理装置,C0060,超级电容器电极与器件,,,1
C0187,通用反应分离与气液处理装置,C0063,生物质热解与炭化,,,1
C0187,通用反应分离与气液处理装置,C0191,固态储氢材料与反应器,,,1
C0187,通用反应分离与气液处理装置,C0257,固体氧化物燃料电池,,,6
C0187,通用反应分离与气液处理装置,C0412,质子交换膜燃料电池运行与建模,,,3
C0187,通用反应分离与气液处理装置,C0481,微生物燃料电池与生物产电,,,1
C0187,通用反应分离与气液处理装置,C0497,藻类生物燃料,,,1
C0187,通用反应分离与气液处理装置,C0514,煤气化工艺与反应,,,1
C0187,通用反应分离与气液处理装置,C0536,燃料电池水管理,,,1
C0187,通用反应分离与气液处理装置,C0544,厌氧污水处理反应器,,,1
C0187,通用反应分离与气液处理装置,C0560,二氧化碳水合物形成与分离,,,3
C0187,通用反应分离与气液处理装置,C0565,二氧化碳干重整制合成气,,,1
C0187,通用反应分离与气液处理装置,C0569,餐厨垃圾或污泥厌氧消化,,,3
C0187,通用反应分离与气液处理装置,C0576,碱性水电解制氢,,,1
C0187,通用反应分离与气液处理装置,C0600,直接空气捕碳,,,15
C0187,通用反应分离与气液处理装置,C0644,沼气提纯与生物甲烷升级,,,17
C0187,通用反应分离与气液处理装置,C0662,吸收式制冷循环,,,4
C0187,通用反应分离与气液处理装置,C0671,二氧化碳固体吸附捕集,,,4
C0187,通用反应分离与气液处理装置,C0680,生物质气化制合成气,,,17
C0187,通用反应分离与气液处理装置,C0683,电池火灾抑制与灭火,,,1
C0188,欧洲能源转型与能源政策研究,C0124,电力系统碳计量与低碳调度,,,1
C0188,欧洲能源转型与能源政策研究,C0435,智能电表物联网与用能监测,,,1
C0188,欧洲能源转型与能源政策研究,C0490,风能资源评估与选址,,,4
C0188,欧洲能源转型与能源政策研究,C0498,生物能源生命周期与可持续性,,,1
C0188,欧洲能源转型与能源政策研究,C0502,潮汐与潮流能开发,,,1
C0188,欧洲能源转型与能源政策研究,C0506,石油价格与市场经济,,,2
C0188,欧洲能源转型与能源政策研究,C0527,碳税与环境税费,,,9
C0188,欧洲能源转型与能源政策研究,C0528,可再生能源补贴机制,,,1
C0188,欧洲能源转型与能源政策研究,C0534,氢能技术经济与生命周期,,,1
C0188,欧洲能源转型与能源政策研究,C0564,波浪能转换装置,,,1
C0188,欧洲能源转型与能源政策研究,C0572,碳排放交易机制,,,10
C0188,欧洲能源转型与能源政策研究,C0574,电力市场机制与制度设计,,,9
C0188,欧洲能源转型与能源政策研究,C0575,产消者能源交易,,,30
C0188,欧洲能源转型与能源政策研究,C0594,能源安全与转型战略,,,51
C0188,欧洲能源转型与能源政策研究,C0607,地热供热与发电利用,,,4
C0188,欧洲能源转型与能源政策研究,C0621,工业能源审计与节能评估,,,8
C0188,欧洲能源转型与能源政策研究,C0623,氢能供应链与基础设施规划,,,1
C0188,欧洲能源转型与能源政策研究,C0624,农光互补与农光协同,,,1
C0188,欧洲能源转型与能源政策研究,C0633,区域供热供冷系统,,,28
C0188,欧洲能源转型与能源政策研究,C0642,绿色金融与能源投资,,,6
C0188,欧洲能源转型与能源政策研究,C0654,能源电力教学实验平台,,,2
C0188,欧洲能源转型与能源政策研究,C0719,气候变化适应与风险,,,2
C0188,欧洲能源转型与能源政策研究,C0720,气候变化减缓政策,,,1
C0188,欧洲能源转型与能源政策研究,C0750,能源贫困与能源可及性,,,85
C0188,欧洲能源转型与能源政策研究,,,Q.EDITORIAL,封面、索引、勘误等非研究正文,15
C0189,风力机叶片与气动设计,C0489,海上风电开发与技术经济,,,7
C0189,风力机叶片与气动设计,C0490,风能资源评估与选址,,,12
C0189,风力机叶片与气动设计,C0499,电磁能量采集,,,1
C0189,风力机叶片与气动设计,C0500,压电能量采集,,,5
C0189,风力机叶片与气动设计,C0502,潮汐与潮流能开发,,,7
C0189,风力机叶片与气动设计,C0515,膜法海水淡化,,,2
C0189,风力机叶片与气动设计,C0551,燃气轮机热力性能,,,6
C0189,风力机叶片与气动设计,C0564,波浪能转换装置,,,58
C0189,风力机叶片与气动设计,C0602,摩擦纳米发电机,,,1
C0189,风力机叶片与气动设计,C0629,超临界二氧化碳布雷顿循环,,,2
C0189,风力机叶片与气动设计,C0630,有机朗肯循环发电,,,3
C0189,风力机叶片与气动设计,C0643,电力设施覆冰与除冰,,,43
C0189,风力机叶片与气动设计,C0672,漂浮式海上风电平台,,,1859
C0189,风力机叶片与气动设计,C0675,风电出力预测,,,8
C0189,风力机叶片与气动设计,C0676,风速预测,,,11
C0189,风力机叶片与气动设计,C0678,聚光太阳能热发电,,,1
C0189,风力机叶片与气动设计,C0704,汽轮机运行与热力性能,,,2
C0189,风力机叶片与气动设计,C0707,船舶燃料与能效,,,2
C0189,风力机叶片与气动设计,C0711,水轮机性能与设计,,,176
C0189,风力机叶片与气动设计,C0726,风机状态监测与预测性维护,,,43
C0189,风力机叶片与气动设计,,,Q.EDITORIAL,封面、索引、勘误等非研究正文,2
C0190,充电负荷预测与园区用电调配,C0060,超级电容器电极与器件,,,2
C0190,充电负荷预测与园区用电调配,C0408,配电网重构与优化运行,,,1
C0190,充电负荷预测与园区用电调配,C0412,质子交换膜燃料电池运行与建模,,,1
C0190,充电负荷预测与园区用电调配,C0491,电池电极涂布与辊压,,,1
C0190,充电负荷预测与园区用电调配,C0504,电动汽车充电并网影响,,,7
C0190,充电负荷预测与园区用电调配,C0512,无线充电器与装置,,,1
C0190,充电负荷预测与园区用电调配,C0517,配电网需求响应与柔性调度,,,4
C0190,充电负荷预测与园区用电调配,C0524,储能运行调度与收益,,,3
C0190,充电负荷预测与园区用电调配,C0525,储能容量配置与选址,,,8
C0190,充电负荷预测与园区用电调配,C0545,电动汽车有序充放电调度,,,22
C0190,充电负荷预测与园区用电调配,C0554,电动汽车整车能耗与续航,,,1
C0190,充电负荷预测与园区用电调配,C0591,电池等效电路与参数辨识,,,1
C0190,充电负荷预测与园区用电调配,C0592,电池荷电状态估计,,,5
C0190,充电负荷预测与园区用电调配,C0593,电池健康状态与寿命预测,,,3
C0190,充电负荷预测与园区用电调配,C0597,电动汽车充电负荷预测,,,50
C0190,充电负荷预测与园区用电调配,C0613,电力系统可靠性评估,,,1
C0190,充电负荷预测与园区用电调配,C0623,氢能供应链与基础设施规划,,,1
C0190,充电负荷预测与园区用电调配,C0631,电动汽车充电站选址规划,,,2
C0190,充电负荷预测与园区用电调配,C0657,电池单体均衡控制,,,4
C0190,充电负荷预测与园区用电调配,C0684,电池热失控与传播,,,2
C0190,充电负荷预测与园区用电调配,C0686,电网灾害韧性与恢复,,,1
C0190,充电负荷预测与园区用电调配,C0691,充电基础设施建设政策,,,3
C0190,充电负荷预测与园区用电调配,C0712,电力负荷预测,,,13
C0190,充电负荷预测与园区用电调配,C0713,电价预测,,,1
C0190,充电负荷预测与园区用电调配,C0718,配电网规划与容量配置,,,10
C0190,充电负荷预测与园区用电调配,C0746,功率因数校正电路与控制,,,1
C0191,固态储氢材料与反应器,C0493,光催化制氢,,,2
C0191,固态储氢材料与反应器,C0543,加氢站与氢气加注,,,4
C0191,固态储氢材料与反应器,C0560,二氧化碳水合物形成与分离,,,1
C0191,固态储氢材料与反应器,C0577,质子交换膜水电解制氢,,,1
C0191,固态储氢材料与反应器,C0598,锂资源提取与分离,,,1
C0191,固态储氢材料与反应器,C0623,氢能供应链与基础设施规划,,,5
C0191,固态储氢材料与反应器,C0634,二氧化碳催化加氢与甲烷化,,,2
C0191,固态储氢材料与反应器,C0653,核聚变装置工程,,,6
C0191,固态储氢材料与反应器,C0684,电池热失控与传播,,,1
C0191,固态储氢材料与反应器,C0693,活性炭制备与孔结构,,,2
C0191,固态储氢材料与反应器,C0695,铀钍提取与分离,,,1
C0191,固态储氢材料与反应器,C0707,船舶燃料与能效,,,1
C0191,固态储氢材料与反应器,C0714,层状及富镍锂电正极材料,,,1
C0191,固态储氢材料与反应器,C0715,锂电磷酸盐正极材料,,,1
C0191,固态储氢材料与反应器,C0727,钠离子电池负极材料,,,1
C0191,固态储氢材料与反应器,C0744,潜热储热系统,,,1
C0191,固态储氢材料与反应器,C0745,热化学储热系统,,,1
C0191,固态储氢材料与反应器,,,Q.EDITORIAL,封面、索引、勘误等非研究正文,11
C0192,含锂化合物与锂金属界面,C0060,超级电容器电极与器件,,,2
C0192,含锂化合物与锂金属界面,C0122,热电材料与热电性能优化,,,1
C0192,含锂化合物与锂金属界面,C0155,电解水析氧催化,,,1
C0192,含锂化合物与锂金属界面,C0191,固态储氢材料与反应器,,,3
C0192,含锂化合物与锂金属界面,C0257,固体氧化物燃料电池,,,1
C0192,含锂化合物与锂金属界面,C0259,锂硫电池正极与多硫化物调控,,,117
C0192,含锂化合物与锂金属界面,C0336,硅碳负极材料与制备,,,42
C0192,含锂化合物与锂金属界面,C0387,有机发光二极管与发光材料,,,6
C0192,含锂化合物与锂金属界面,C0441,二次电池电解液添加剂与配方,,,7
C0192,含锂化合物与锂金属界面,C0518,电池电极粘结剂,,,7
C0192,含锂化合物与锂金属界面,C0519,电池隔膜制备与改性,,,2
C0192,含锂化合物与锂金属界面,C0520,凝胶聚合物锂电解质,,,3
C0192,含锂化合物与锂金属界面,C0521,固态聚合物锂电解质,,,17
C0192,含锂化合物与锂金属界面,C0596,聚变加热与中性束注入,,,1
C0192,含锂化合物与锂金属界面,C0598,锂资源提取与分离,,,70
C0192,含锂化合物与锂金属界面,C0604,电池老化实验与循环寿命,,,1
C0192,含锂化合物与锂金属界面,C0605,电池阻抗表征,,,4
C0192,含锂化合物与锂金属界面,C0616,锂金属负极界面稳定与枝晶抑制,,,548
C0192,含锂化合物与锂金属界面,C0673,硫化物固态电解质,,,2
C0192,含锂化合物与锂金属界面,C0684,电池热失控与传播,,,3
C0192,含锂化合物与锂金属界面,C0714,层状及富镍锂电正极材料,,,173
C0192,含锂化合物与锂金属界面,C0715,锂电磷酸盐正极材料,,,65
C0192,含锂化合物与锂金属界面,C0727,钠离子电池负极材料,,,6
C0192,含锂化合物与锂金属界面,C0728,钠离子电池正极材料,,,18
C0192,含锂化合物与锂金属界面,,,Q.EDITORIAL,封面、索引、勘误等非研究正文,11
C0192,含锂化合物与锂金属界面,,,Q.INSUFFICIENT,题名摘要不足，待补全,1
C0193,多设备温控与智能散热,C0257,固体氧化物燃料电池,,,2
C0193,多设备温控与智能散热,C0330,太阳能界面蒸发与海水淡化,,,1
C0193,多设备温控与智能散热,C0412,质子交换膜燃料电池运行与建模,,,4
C0193,多设备温控与智能散热,C0487,电池冷却与散热,,,111
C0193,多设备温控与智能散热,C0488,电池低温预热,,,1
C0193,多设备温控与智能散热,C0509,太阳能热水与供热装置,,,3
C0193,多设备温控与智能散热,C0599,电气设备温度监测与控制,,,2
C0193,多设备温控与智能散热,C0630,有机朗肯循环发电,,,3
C0193,多设备温控与智能散热,C0633,区域供热供冷系统,,,15
C0193,多设备温控与智能散热,C0636,综合能源系统优化调度,,,2
C0193,多设备温控与智能散热,C0643,电力设施覆冰与除冰,,,1
C0193,多设备温控与智能散热,C0650,空气源热泵,,,31
C0193,多设备温控与智能散热,C0651,地源热泵与地埋换热器,,,30
C0193,多设备温控与智能散热,C0657,电池单体均衡控制,,,1
C0193,多设备温控与智能散热,C0661,温度传感与测量装置,,,1
C0193,多设备温控与智能散热,C0662,吸收式制冷循环,,,1
C0193,多设备温控与智能散热,C0665,换热器结构与传热强化,,,1
C0193,多设备温控与智能散热,C0667,电网频率控制,,,1
C0193,多设备温控与智能散热,C0678,聚光太阳能热发电,,,1
C0193,多设备温控与智能散热,C0684,电池热失控与传播,,,8
C0193,多设备温控与智能散热,C0701,电气设备风冷散热,,,1
C0193,多设备温控与智能散热,C0722,变电站巡检机器人,,,1
C0193,多设备温控与智能散热,C0729,建筑暖通空调能耗,,,2
C0193,多设备温控与智能散热,C0744,潜热储热系统,,,5
C0194,股票价格与通用金融预测,C0257,固体氧化物燃料电池,,,1
C0194,股票价格与通用金融预测,C0381,光伏发电功率预测方法与装置,,,2
C0194,股票价格与通用金融预测,C0412,质子交换膜燃料电池运行与建模,,,1
C0194,股票价格与通用金融预测,C0506,石油价格与市场经济,,,225
C0194,股票价格与通用金融预测,C0517,配电网需求响应与柔性调度,,,1
C0194,股票价格与通用金融预测,C0572,碳排放交易机制,,,8
C0194,股票价格与通用金融预测,C0575,产消者能源交易,,,1
C0194,股票价格与通用金融预测,C0597,电动汽车充电负荷预测,,,1
C0194,股票价格与通用金融预测,C0712,电力负荷预测,,,34
C0194,股票价格与通用金融预测,C0713,电价预测,,,18
C0195,碳捕集封存与碳移除系统,C0009,二氧化碳电还原催化,,,18
C0195,碳捕集封存与碳移除系统,C0063,生物质热解与炭化,,,2
C0195,碳捕集封存与碳移除系统,C0124,电力系统碳计量与低碳调度,,,2
C0195,碳捕集封存与碳移除系统,C0151,多孔碳吸附二氧化碳,,,7
C0195,碳捕集封存与碳移除系统,C0473,二氧化碳地质封存与驱油,,,52
C0195,碳捕集封存与碳移除系统,C0497,藻类生物燃料,,,2
C0195,碳捕集封存与碳移除系统,C0498,生物能源生命周期与可持续性,,,7
C0195,碳捕集封存与碳移除系统,C0502,潮汐与潮流能开发,,,1
C0195,碳捕集封存与碳移除系统,C0510,光催化二氧化碳还原,,,3
C0195,碳捕集封存与碳移除系统,C0514,煤气化工艺与反应,,,2
C0195,碳捕集封存与碳移除系统,C0515,膜法海水淡化,,,1
C0195,碳捕集封存与碳移除系统,C0534,氢能技术经济与生命周期,,,2
C0195,碳捕集封存与碳移除系统,C0560,二氧化碳水合物形成与分离,,,2
C0195,碳捕集封存与碳移除系统,C0570,畜禽粪便与农业残余厌氧消化,,,1
C0195,碳捕集封存与碳移除系统,C0572,碳排放交易机制,,,4
C0195,碳捕集封存与碳移除系统,C0575,产消者能源交易,,,1
C0195,碳捕集封存与碳移除系统,C0600,直接空气捕碳,,,89
C0195,碳捕集封存与碳移除系统,C0619,生物炭土壤改良,,,5
C0195,碳捕集封存与碳移除系统,C0629,超临界二氧化碳布雷顿循环,,,4
C0195,碳捕集封存与碳移除系统,C0633,区域供热供冷系统,,,2
C0195,碳捕集封存与碳移除系统,C0634,二氧化碳催化加氢与甲烷化,,,7
C0195,碳捕集封存与碳移除系统,C0635,综合能源系统规划配置,,,1
C0195,碳捕集封存与碳移除系统,C0650,空气源热泵,,,1
C0195,碳捕集封存与碳移除系统,C0651,地源热泵与地埋换热器,,,1
C0195,碳捕集封存与碳移除系统,C0670,二氧化碳溶剂吸收捕集,,,1
C0195,碳捕集封存与碳移除系统,C0671,二氧化碳固体吸附捕集,,,19
C0195,碳捕集封存与碳移除系统,C0674,森林资源经营与碳汇,,,28
C0195,碳捕集封存与碳移除系统,C0678,聚光太阳能热发电,,,1
C0195,碳捕集封存与碳移除系统,C0680,生物质气化制合成气,,,2
C0195,碳捕集封存与碳移除系统,C0693,活性炭制备与孔结构,,,1
C0195,碳捕集封存与碳移除系统,C0720,气候变化减缓政策,,,40
C0195,碳捕集封存与碳移除系统,,,Q.EDITORIAL,封面、索引、勘误等非研究正文,7
C0196,混合动力与整车能量管理,C0487,电池冷却与散热,,,25
C0196,混合动力与整车能量管理,C0488,电池低温预热,,,2
C0196,混合动力与整车能量管理,C0499,电磁能量采集,,,2
C0196,混合动力与整车能量管理,C0500,压电能量采集,,,9
C0196,混合动力与整车能量管理,C0504,电动汽车充电并网影响,,,8
C0196,混合动力与整车能量管理,C0525,储能容量配置与选址,,,13
C0196,混合动力与整车能量管理,C0534,氢能技术经济与生命周期,,,1
C0196,混合动力与整车能量管理,C0535,燃料电池供气与空压控制,,,3
C0196,混合动力与整车能量管理,C0543,加氢站与氢气加注,,,2
C0196,混合动力与整车能量管理,C0545,电动汽车有序充放电调度,,,2
C0196,混合动力与整车能量管理,C0546,永磁电机磁路与结构设计,,,1
C0196,混合动力与整车能量管理,C0551,燃气轮机热力性能,,,4
C0196,混合动力与整车能量管理,C0552,微电网能量管理与经济调度,,,9
C0196,混合动力与整车能量管理,C0553,电动汽车推广与购买行为,,,5
C0196,混合动力与整车能量管理,C0554,电动汽车整车能耗与续航,,,144
C0196,混合动力与整车能量管理,C0581,微电网下垂控制与功率分配,,,1
C0196,混合动力与整车能量管理,C0591,电池等效电路与参数辨识,,,1
C0196,混合动力与整车能量管理,C0592,电池荷电状态估计,,,17
C0196,混合动力与整车能量管理,C0630,有机朗肯循环发电,,,3
C0196,混合动力与整车能量管理,C0632,电动汽车路径与补能规划,,,41
C0196,混合动力与整车能量管理,C0635,综合能源系统规划配置,,,1
C0196,混合动力与整车能量管理,C0636,综合能源系统优化调度,,,5
C0196,混合动力与整车能量管理,C0645,电机驱动PWM与谐波控制,,,1
C0196,混合动力与整车能量管理,C0657,电池单体均衡控制,,,1
C0196,混合动力与整车能量管理,C0684,电池热失控与传播,,,1
C0196,混合动力与整车能量管理,C0700,永磁同步电机控制,,,16
C0196,混合动力与整车能量管理,C0707,船舶燃料与能效,,,2
C0196,混合动力与整车能量管理,C0748,储能系统集成与安全装置,,,2
C0197,铜基热电及功能复合材料,C0009,二氧化碳电还原催化,,,31
C0197,铜基热电及功能复合材料,C0060,超级电容器电极与器件,,,55
C0197,铜基热电及功能复合材料,C0122,热电材料与热电性能优化,,,36
C0197,铜基热电及功能复合材料,C0191,固态储氢材料与反应器,,,3
C0197,铜基热电及功能复合材料,C0254,电催化析氢与界面调控,,,1
C0197,铜基热电及功能复合材料,C0257,固体氧化物燃料电池,,,85
C0197,铜基热电及功能复合材料,C0355,染料敏化太阳能电池材料与器件,,,3
C0197,铜基热电及功能复合材料,C0387,有机发光二极管与发光材料,,,2
C0197,铜基热电及功能复合材料,C0417,固体氧化物电解池与可逆电化学单元,,,2
C0197,铜基热电及功能复合材料,C0518,电池电极粘结剂,,,1
C0197,铜基热电及功能复合材料,C0530,钙钛矿电池界面、钝化与传输层,,,5
C0197,铜基热电及功能复合材料,C0571,光伏电池与组件制造工艺,,,1
C0197,铜基热电及功能复合材料,C0583,碳化硅陶瓷结构材料,,,2
C0197,铜基热电及功能复合材料,C0601,铜基热电材料,,,319
C0197,铜基热电及功能复合材料,C0616,锂金属负极界面稳定与枝晶抑制,,,4
C0197,铜基热电及功能复合材料,C0634,二氧化碳催化加氢与甲烷化,,,2
C0197,铜基热电及功能复合材料,C0647,电缆绝缘护套与导体结构,,,1
C0197,铜基热电及功能复合材料,C0671,二氧化碳固体吸附捕集,,,16
C0197,铜基热电及功能复合材料,C0678,聚光太阳能热发电,,,2
C0197,铜基热电及功能复合材料,C0693,活性炭制备与孔结构,,,1
C0197,铜基热电及功能复合材料,C0714,层状及富镍锂电正极材料,,,25
C0197,铜基热电及功能复合材料,C0723,光伏光热联合系统,,,2
C0197,铜基热电及功能复合材料,C0727,钠离子电池负极材料,,,3
C0197,铜基热电及功能复合材料,C0728,钠离子电池正极材料,,,5
C0197,铜基热电及功能复合材料,C0739,水污染物吸附去除,,,2
C0197,铜基热电及功能复合材料,C0744,潜热储热系统,,,9
C0197,铜基热电及功能复合材料,C0745,热化学储热系统,,,10
C0197,铜基热电及功能复合材料,,,Q.EDITORIAL,封面、索引、勘误等非研究正文,6
C0198,电池负极活性材料与电池器件,C0336,硅碳负极材料与制备,,,7
C0198,电池负极活性材料与电池器件,C0491,电池电极涂布与辊压,,,3
C0198,电池负极活性材料与电池器件,C0511,电池装配工装与制造设备,,,1
C0198,电池负极活性材料与电池器件,C0518,电池电极粘结剂,,,10
C0198,电池负极活性材料与电池器件,C0519,电池隔膜制备与改性,,,12
C0198,电池负极活性材料与电池器件,C0648,锂电石墨负极,,,6
C0198,电池负极活性材料与电池器件,C0715,锂电磷酸盐正极材料,,,1
C0198,电池负极活性材料与电池器件,C0727,钠离子电池负极材料,,,28
C0198,电池负极活性材料与电池器件,C0728,钠离子电池正极材料,,,1
C0199,交直流供电与储备能源控制,C0060,超级电容器电极与器件,,,10
C0199,交直流供电与储备能源控制,C0154,无线电能传输电路与系统,,,3
C0199,交直流供电与储备能源控制,C0246,虚拟电厂资源聚合与调度,,,1
C0199,交直流供电与储备能源控制,C0257,固体氧化物燃料电池,,,1
C0199,交直流供电与储备能源控制,C0412,质子交换膜燃料电池运行与建模,,,2
C0199,交直流供电与储备能源控制,C0435,智能电表物联网与用能监测,,,1
C0199,交直流供电与储备能源控制,C0472,多电平逆变器拓扑与调制,,,2
C0199,交直流供电与储备能源控制,C0500,压电能量采集,,,1
C0199,交直流供电与储备能源控制,C0542,光伏组件故障与缺陷检测,,,1
C0199,交直流供电与储备能源控制,C0564,波浪能转换装置,,,1
C0199,交直流供电与储备能源控制,C0581,微电网下垂控制与功率分配,,,2
C0199,交直流供电与储备能源控制,C0602,摩擦纳米发电机,,,2
C0199,交直流供电与储备能源控制,C0626,屋顶与分布式光伏部署,,,1
C0199,交直流供电与储备能源控制,C0664,LED照明灯具与配光,,,1
C0199,交直流供电与储备能源控制,C0667,电网频率控制,,,1
C0199,交直流供电与储备能源控制,C0678,聚光太阳能热发电,,,1
C0199,交直流供电与储备能源控制,C0686,电网灾害韧性与恢复,,,1
C0199,交直流供电与储备能源控制,C0721,光伏清扫机器人,,,1
C0199,交直流供电与储备能源控制,C0737,电力系统电压稳定,,,1
C0199,交直流供电与储备能源控制,C0748,储能系统集成与安全装置,,,2
C0200,直流输电保护与故障限流,C0298,场效应晶体管结构与建模,,,1
C0200,直流输电保护与故障限流,C0512,无线充电器与装置,,,16
C0200,直流输电保护与故障限流,C0517,配电网需求响应与柔性调度,,,2
C0200,直流输电保护与故障限流,C0533,氮化镓功率与结器件,,,3
C0200,直流输电保护与故障限流,C0539,配电网谐波与电能质量治理,,,2
C0200,直流输电保护与故障限流,C0542,光伏组件故障与缺陷检测,,,10
C0200,直流输电保护与故障限流,C0548,输配电线路故障检测与定位,,,19
C0200,直流输电保护与故障限流,C0549,开关设备故障检测,,,3
C0200,直流输电保护与故障限流,C0550,变压器故障诊断,,,4
C0200,直流输电保护与故障限流,C0581,微电网下垂控制与功率分配,,,3
C0200,直流输电保护与故障限流,C0582,微电网孤岛切换与动态控制,,,1
C0200,直流输电保护与故障限流,C0588,电网接地与地网安全,,,9
C0200,直流输电保护与故障限流,C0608,隔离型DC-DC变换器,,,15
C0200,直流输电保护与故障限流,C0609,非隔离DC-DC变换器,,,8
C0200,直流输电保护与故障限流,C0611,电气安全与触电风险,,,4
C0200,直流输电保护与故障限流,C0613,电力系统可靠性评估,,,4
C0200,直流输电保护与故障限流,C0615,电气绝缘局部放电,,,1
C0200,直流输电保护与故障限流,C0622,谐振与软开关变换器,,,22
C0200,直流输电保护与故障限流,C0639,漏电与剩余电流保护,,,16
C0200,直流输电保护与故障限流,C0645,电机驱动PWM与谐波控制,,,5
C0200,直流输电保护与故障限流,C0647,电缆绝缘护套与导体结构,,,25
C0200,直流输电保护与故障限流,C0653,核聚变装置工程,,,1
C0200,直流输电保护与故障限流,C0686,电网灾害韧性与恢复,,,1
C0200,直流输电保护与故障限流,C0700,永磁同步电机控制,,,22
C0200,直流输电保护与故障限流,C0737,电力系统电压稳定,,,4
C0200,直流输电保护与故障限流,C0746,功率因数校正电路与控制,,,62
C0201,电化学电极与摩擦电材料混合,C0009,二氧化碳电还原催化,,,18
C0201,电化学电极与摩擦电材料混合,C0060,超级电容器电极与器件,,,588
C0201,电化学电极与摩擦电材料混合,C0155,电解水析氧催化,,,9
C0201,电化学电极与摩擦电材料混合,C0226,过硫酸盐活化与高级氧化,,,1
C0201,电化学电极与摩擦电材料混合,C0254,电催化析氢与界面调控,,,4
C0201,电化学电极与摩擦电材料混合,C0257,固体氧化物燃料电池,,,48
C0201,电化学电极与摩擦电材料混合,C0278,整体电催化水分解,,,3
C0201,电化学电极与摩擦电材料混合,C0298,场效应晶体管结构与建模,,,1
C0201,电化学电极与摩擦电材料混合,C0336,硅碳负极材料与制备,,,1
C0201,电化学电极与摩擦电材料混合,C0355,染料敏化太阳能电池材料与器件,,,6
C0201,电化学电极与摩擦电材料混合,C0358,非贵金属氧还原电催化材料,,,2
C0201,电化学电极与摩擦电材料混合,C0387,有机发光二极管与发光材料,,,2
C0201,电化学电极与摩擦电材料混合,C0407,水系锌电池负极及界面稳定,,,1
C0201,电化学电极与摩擦电材料混合,C0412,质子交换膜燃料电池运行与建模,,,23
C0201,电化学电极与摩擦电材料混合,C0417,固体氧化物电解池与可逆电化学单元,,,10
C0201,电化学电极与摩擦电材料混合,C0441,二次电池电解液添加剂与配方,,,1
C0201,电化学电极与摩擦电材料混合,C0481,微生物燃料电池与生物产电,,,5
C0201,电化学电极与摩擦电材料混合,C0487,电池冷却与散热,,,2
C0201,电化学电极与摩擦电材料混合,C0500,压电能量采集,,,9
C0201,电化学电极与摩擦电材料混合,C0501,钠电池电解液与界面,,,4
C0201,电化学电极与摩擦电材料混合,C0516,分离膜污染与清洗,,,2
C0201,电化学电极与摩擦电材料混合,C0518,电池电极粘结剂,,,4
C0201,电化学电极与摩擦电材料混合,C0519,电池隔膜制备与改性,,,1
C0201,电化学电极与摩擦电材料混合,C0520,凝胶聚合物锂电解质,,,1
C0201,电化学电极与摩擦电材料混合,C0521,固态聚合物锂电解质,,,7
C0201,电化学电极与摩擦电材料混合,C0537,其他材料光催化污染物降解,,,1
C0201,电化学电极与摩擦电材料混合,C0555,锌空气电池,,,2
C0201,电化学电极与摩擦电材料混合,C0556,水系锌离子电池,,,4
C0201,电化学电极与摩擦电材料混合,C0557,TiO₂光催化污染物降解,,,1
C0201,电化学电极与摩擦电材料混合,C0567,石墨烯结构复合材料,,,3
C0201,电化学电极与摩擦电材料混合,C0576,碱性水电解制氢,,,1
C0201,电化学电极与摩擦电材料混合,C0583,碳化硅陶瓷结构材料,,,1
C0201,电化学电极与摩擦电材料混合,C0584,聚合物有机太阳能电池,,,2
C0201,电化学电极与摩擦电材料混合,C0601,铜基热电材料,,,4
C0201,电化学电极与摩擦电材料混合,C0602,摩擦纳米发电机,,,302
C0201,电化学电极与摩擦电材料混合,C0647,电缆绝缘护套与导体结构,,,1
C0201,电化学电极与摩擦电材料混合,C0648,锂电石墨负极,,,1
C0201,电化学电极与摩擦电材料混合,C0671,二氧化碳固体吸附捕集,,,2
C0201,电化学电极与摩擦电材料混合,C0687,染料敏化电池对电极,,,16
C0201,电化学电极与摩擦电材料混合,C0693,活性炭制备与孔结构,,,2
C0201,电化学电极与摩擦电材料混合,C0695,铀钍提取与分离,,,1
C0201,电化学电极与摩擦电材料混合,C0714,层状及富镍锂电正极材料,,,3
C0201,电化学电极与摩擦电材料混合,C0715,锂电磷酸盐正极材料,,,24
C0201,电化学电极与摩擦电材料混合,C0724,电子废物回收,,,1
C0201,电化学电极与摩擦电材料混合,C0727,钠离子电池负极材料,,,9
C0201,电化学电极与摩擦电材料混合,C0728,钠离子电池正极材料,,,4
C0201,电化学电极与摩擦电材料混合,C0739,水污染物吸附去除,,,4
C0201,电化学电极与摩擦电材料混合,C0744,潜热储热系统,,,1
C0202,氧化锌复合光催化材料,C0493,光催化制氢,,,557
C0202,氧化锌复合光催化材料,C0510,光催化二氧化碳还原,,,131
C0202,氧化锌复合光催化材料,C0530,钙钛矿电池界面、钝化与传输层,,,2
C0202,氧化锌复合光催化材料,C0537,其他材料光催化污染物降解,,,2323
C0202,氧化锌复合光催化材料,C0556,水系锌离子电池,,,5
C0202,氧化锌复合光催化材料,C0557,TiO₂光催化污染物降解,,,101
C0202,氧化锌复合光催化材料,C0584,聚合物有机太阳能电池,,,1
C0202,氧化锌复合光催化材料,C0603,ZnO光催化污染物降解,,,2007
C0202,氧化锌复合光催化材料,C0687,染料敏化电池对电极,,,1
C0202,氧化锌复合光催化材料,C0688,染料敏化电池光阳极,,,13
C0202,氧化锌复合光催化材料,C0689,染料敏化电池敏化剂,,,21
C0202,氧化锌复合光催化材料,,,Q.EDITORIAL,封面、索引、勘误等非研究正文,8
C0203,纳米表征与光学传感材料,C0501,钠电池电解液与界面,,,1
C0203,纳米表征与光学传感材料,C0518,电池电极粘结剂,,,1
C0203,纳米表征与光学传感材料,C0537,其他材料光催化污染物降解,,,17
C0203,纳米表征与光学传感材料,C0583,碳化硅陶瓷结构材料,,,1
C0203,纳米表征与光学传感材料,C0584,聚合物有机太阳能电池,,,1
C0203,纳米表征与光学传感材料,C0585,有机光伏印刷与规模制造,,,2
C0203,纳米表征与光学传感材料,C0616,锂金属负极界面稳定与枝晶抑制,,,2
C0203,纳米表征与光学传感材料,C0689,染料敏化电池敏化剂,,,2
C0203,纳米表征与光学传感材料,C0693,活性炭制备与孔结构,,,1
C0203,纳米表征与光学传感材料,C0694,稀土元素提取分离,,,1
C0203,纳米表征与光学传感材料,C0714,层状及富镍锂电正极材料,,,1
C0203,纳米表征与光学传感材料,C0715,锂电磷酸盐正极材料,,,2
C0203,纳米表征与光学传感材料,C0724,电子废物回收,,,2
C0203,纳米表征与光学传感材料,C0727,钠离子电池负极材料,,,1
C0203,纳米表征与光学传感材料,C0728,钠离子电池正极材料,,,2
C0203,纳米表征与光学传感材料,C0739,水污染物吸附去除,,,1
C0203,纳米表征与光学传感材料,,,Q.EDITORIAL,封面、索引、勘误等非研究正文,15
C0204,发电项目电价结算及清单政策,C0522,销售电价与用户电费政策,,,8
C0204,发电项目电价结算及清单政策,C0523,输配电价监管政策,,,1
C0204,发电项目电价结算及清单政策,C0528,可再生能源补贴机制,,,2
C0204,发电项目电价结算及清单政策,C0621,工业能源审计与节能评估,,,1
C0204,发电项目电价结算及清单政策,C0626,屋顶与分布式光伏部署,,,1
C0204,发电项目电价结算及清单政策,,,Q.EDITORIAL,封面、索引、勘误等非研究正文,1
C0205,电池测试表征与性能评估,C0060,超级电容器电极与器件,,,105
C0205,电池测试表征与性能评估,C0257,固体氧化物燃料电池,,,1
C0205,电池测试表征与性能评估,C0259,锂硫电池正极与多硫化物调控,,,1
C0205,电池测试表征与性能评估,C0386,感应电机运行控制与性能,,,1
C0205,电池测试表征与性能评估,C0412,质子交换膜燃料电池运行与建模,,,1
C0205,电池测试表征与性能评估,C0472,多电平逆变器拓扑与调制,,,1
C0205,电池测试表征与性能评估,C0487,电池冷却与散热,,,716
C0205,电池测试表征与性能评估,C0488,电池低温预热,,,35
C0205,电池测试表征与性能评估,C0500,压电能量采集,,,2
C0205,电池测试表征与性能评估,C0512,无线充电器与装置,,,6
C0205,电池测试表征与性能评估,C0518,电池电极粘结剂,,,4
C0205,电池测试表征与性能评估,C0519,电池隔膜制备与改性,,,29
C0205,电池测试表征与性能评估,C0525,储能容量配置与选址,,,1
C0205,电池测试表征与性能评估,C0545,电动汽车有序充放电调度,,,3
C0205,电池测试表征与性能评估,C0552,微电网能量管理与经济调度,,,4
C0205,电池测试表征与性能评估,C0554,电动汽车整车能耗与续航,,,1
C0205,电池测试表征与性能评估,C0555,锌空气电池,,,2
C0205,电池测试表征与性能评估,C0581,微电网下垂控制与功率分配,,,1
C0205,电池测试表征与性能评估,C0582,微电网孤岛切换与动态控制,,,1
C0205,电池测试表征与性能评估,C0591,电池等效电路与参数辨识,,,80
C0205,电池测试表征与性能评估,C0592,电池荷电状态估计,,,732
C0205,电池测试表征与性能评估,C0593,电池健康状态与寿命预测,,,109
C0205,电池测试表征与性能评估,C0604,电池老化实验与循环寿命,,,123
C0205,电池测试表征与性能评估,C0605,电池阻抗表征,,,20
C0205,电池测试表征与性能评估,C0608,隔离型DC-DC变换器,,,1
C0205,电池测试表征与性能评估,C0611,电气安全与触电风险,,,1
C0205,电池测试表征与性能评估,C0630,有机朗肯循环发电,,,3
C0205,电池测试表征与性能评估,C0638,电压检测与测量电路,,,2
C0205,电池测试表征与性能评估,C0656,动力电池梯次利用,,,22
C0205,电池测试表征与性能评估,C0657,电池单体均衡控制,,,148
C0205,电池测试表征与性能评估,C0667,电网频率控制,,,3
C0205,电池测试表征与性能评估,C0675,风电出力预测,,,1
C0205,电池测试表征与性能评估,C0683,电池火灾抑制与灭火,,,3
C0205,电池测试表征与性能评估,C0684,电池热失控与传播,,,102
C0205,电池测试表征与性能评估,C0699,电池模组与电池包装配结构,,,18
C0205,电池测试表征与性能评估,C0714,层状及富镍锂电正极材料,,,1
C0205,电池测试表征与性能评估,C0718,配电网规划与容量配置,,,1
C0205,电池测试表征与性能评估,C0723,光伏光热联合系统,,,1
C0205,电池测试表征与性能评估,C0727,钠离子电池负极材料,,,1
C0205,电池测试表征与性能评估,C0744,潜热储热系统,,,1
C0205,电池测试表征与性能评估,C0746,功率因数校正电路与控制,,,18
C0205,电池测试表征与性能评估,,,Q.EDITORIAL,封面、索引、勘误等非研究正文,2
C0206,激子量子点与发光机理,C0521,固态聚合物锂电解质,,,2
C0206,激子量子点与发光机理,C0533,氮化镓功率与结器件,,,4
C0206,激子量子点与发光机理,C0564,波浪能转换装置,,,1
C0206,激子量子点与发光机理,C0590,非钙钛矿多结太阳能电池,,,7
C0206,激子量子点与发光机理,C0689,染料敏化电池敏化剂,,,3
C0206,激子量子点与发光机理,,,Q.EDITORIAL,封面、索引、勘误等非研究正文,14
C0207,组件边框与通用结构材料,C0060,超级电容器电极与器件,,,8
C0207,组件边框与通用结构材料,C0257,固体氧化物燃料电池,,,4
C0207,组件边框与通用结构材料,C0519,电池隔膜制备与改性,,,1
C0207,组件边框与通用结构材料,C0571,光伏电池与组件制造工艺,,,25
C0207,组件边框与通用结构材料,C0580,电机定子结构与制造,,,15
C0207,组件边框与通用结构材料,C0641,电池盖板、端子与密封结构,,,37
C0207,组件边框与通用结构材料,C0647,电缆绝缘护套与导体结构,,,5
C0207,组件边框与通用结构材料,C0666,功率半导体器件,,,5
C0207,组件边框与通用结构材料,C0699,电池模组与电池包装配结构,,,4
C0207,组件边框与通用结构材料,C0708,电缆桥架与线束支撑,,,1
C0207,组件边框与通用结构材料,C0730,建筑节能改造,,,1
C0207,组件边框与通用结构材料,C0744,潜热储热系统,,,1
C0208,能源企业组织投资与管理,C0060,超级电容器电极与器件,,,1
C0208,能源企业组织投资与管理,C0505,石油产业投资与经营,,,3
C0208,能源企业组织投资与管理,C0553,电动汽车推广与购买行为,,,1
C0208,能源企业组织投资与管理,C0621,工业能源审计与节能评估,,,4
C0208,能源企业组织投资与管理,C0624,农光互补与农光协同,,,3
C0208,能源企业组织投资与管理,C0654,能源电力教学实验平台,,,1
C0208,能源企业组织投资与管理,C0674,森林资源经营与碳汇,,,1
C0208,能源企业组织投资与管理,C0729,建筑暖通空调能耗,,,1
C0208,能源企业组织投资与管理,C0738,木材加工与干燥,,,1
C0209,有机半导体光物理与光电响应,C0298,场效应晶体管结构与建模,,,1
C0209,有机半导体光物理与光电响应,C0493,光催化制氢,,,35
C0209,有机半导体光物理与光电响应,C0510,光催化二氧化碳还原,,,1
C0209,有机半导体光物理与光电响应,C0520,凝胶聚合物锂电解质,,,1
C0209,有机半导体光物理与光电响应,C0530,钙钛矿电池界面、钝化与传输层,,,5
C0209,有机半导体光物理与光电响应,C0532,钙钛矿叠层太阳能电池,,,1
C0209,有机半导体光物理与光电响应,C0537,其他材料光催化污染物降解,,,82
C0209,有机半导体光物理与光电响应,C0557,TiO₂光催化污染物降解,,,2
C0209,有机半导体光物理与光电响应,C0584,聚合物有机太阳能电池,,,19
C0209,有机半导体光物理与光电响应,C0586,小分子有机太阳能电池,,,4
C0209,有机半导体光物理与光电响应,C0601,铜基热电材料,,,1
C0209,有机半导体光物理与光电响应,C0602,摩擦纳米发电机,,,1
C0209,有机半导体光物理与光电响应,C0688,染料敏化电池光阳极,,,6
C0209,有机半导体光物理与光电响应,C0689,染料敏化电池敏化剂,,,35
C0209,有机半导体光物理与光电响应,C0714,层状及富镍锂电正极材料,,,1
C0209,有机半导体光物理与光电响应,,,Q.EDITORIAL,封面、索引、勘误等非研究正文,18
C0210,地热资源开发与换热,C0606,地热资源勘探与储层建模,,,1315
C0210,地热资源开发与换热,C0607,地热供热与发电利用,,,398
C0210,地热资源开发与换热,C0629,超临界二氧化碳布雷顿循环,,,2
C0210,地热资源开发与换热,C0630,有机朗肯循环发电,,,66
C0210,地热资源开发与换热,C0633,区域供热供冷系统,,,12
C0210,地热资源开发与换热,C0636,综合能源系统优化调度,,,1
C0210,地热资源开发与换热,C0651,地源热泵与地埋换热器,,,290
C0210,地热资源开发与换热,C0665,换热器结构与传热强化,,,8
C0210,地热资源开发与换热,C0678,聚光太阳能热发电,,,1
C0210,地热资源开发与换热,C0680,生物质气化制合成气,,,1
C0210,地热资源开发与换热,C0682,生物质水热液化,,,2
C0210,地热资源开发与换热,C0744,潜热储热系统,,,2
C0210,地热资源开发与换热,C0745,热化学储热系统,,,1
C0210,地热资源开发与换热,,,Q.EDITORIAL,封面、索引、勘误等非研究正文,7
C0211,直流变换器拓扑与设计,C0298,场效应晶体管结构与建模,,,1
C0211,直流变换器拓扑与设计,C0512,无线充电器与装置,,,8
C0211,直流变换器拓扑与设计,C0539,配电网谐波与电能质量治理,,,1
C0211,直流变换器拓扑与设计,C0581,微电网下垂控制与功率分配,,,18
C0211,直流变换器拓扑与设计,C0582,微电网孤岛切换与动态控制,,,3
C0211,直流变换器拓扑与设计,C0602,摩擦纳米发电机,,,4
C0211,直流变换器拓扑与设计,C0608,隔离型DC-DC变换器,,,596
C0211,直流变换器拓扑与设计,C0609,非隔离DC-DC变换器,,,403
C0211,直流变换器拓扑与设计,C0622,谐振与软开关变换器,,,1060
C0211,直流变换器拓扑与设计,C0627,永磁材料与磁性设计,,,1
C0211,直流变换器拓扑与设计,C0645,电机驱动PWM与谐波控制,,,28
C0211,直流变换器拓扑与设计,C0646,电机转矩脉动抑制,,,11
C0211,直流变换器拓扑与设计,C0657,电池单体均衡控制,,,6
C0211,直流变换器拓扑与设计,C0664,LED照明灯具与配光,,,17
C0211,直流变换器拓扑与设计,C0679,FPGA实时控制与硬件实现,,,3
C0211,直流变换器拓扑与设计,C0700,永磁同步电机控制,,,5
C0211,直流变换器拓扑与设计,C0718,配电网规划与容量配置,,,1
C0211,直流变换器拓扑与设计,C0737,电力系统电压稳定,,,4
C0211,直流变换器拓扑与设计,C0746,功率因数校正电路与控制,,,415
C0211,直流变换器拓扑与设计,C0748,储能系统集成与安全装置,,,2
C0211,直流变换器拓扑与设计,,,Q.EDITORIAL,封面、索引、勘误等非研究正文,3
C0212,等离子体波与高能粒子作用,C0298,场效应晶体管结构与建模,,,1
C0212,等离子体波与高能粒子作用,C0533,氮化镓功率与结器件,,,27
C0212,等离子体波与高能粒子作用,C0564,波浪能转换装置,,,1
C0212,等离子体波与高能粒子作用,C0577,质子交换膜水电解制氢,,,1
C0212,等离子体波与高能粒子作用,C0596,聚变加热与中性束注入,,,61
C0212,等离子体波与高能粒子作用,C0614,电晕放电与电晕损耗,,,3
C0212,等离子体波与高能粒子作用,C0653,核聚变装置工程,,,27
C0212,等离子体波与高能粒子作用,C0669,磁约束等离子体MHD稳定性,,,5
C0212,等离子体波与高能粒子作用,C0709,核结构材料辐照损伤,,,1
C0212,等离子体波与高能粒子作用,C0731,天体等离子体与磁重联,,,21
C0212,等离子体波与高能粒子作用,,,Q.EDITORIAL,封面、索引、勘误等非研究正文,6
C0213,电力电缆绝缘与运行诊断,C0542,光伏组件故障与缺陷检测,,,1
C0213,电力电缆绝缘与运行诊断,C0548,输配电线路故障检测与定位,,,10
C0213,电力电缆绝缘与运行诊断,C0563,电力线载波通信,,,21
C0213,电力电缆绝缘与运行诊断,C0615,电气绝缘局部放电,,,114
C0213,电力电缆绝缘与运行诊断,C0647,电缆绝缘护套与导体结构,,,1025
C0213,电力电缆绝缘与运行诊断,C0737,电力系统电压稳定,,,1
C0213,电力电缆绝缘与运行诊断,,,Q.EDITORIAL,封面、索引、勘误等非研究正文,5
C0214,通信网络路由与拓扑,C0298,场效应晶体管结构与建模,,,2
C0214,通信网络路由与拓扑,C0517,配电网需求响应与柔性调度,,,4
C0214,通信网络路由与拓扑,C0538,智能电网通信架构,,,96
C0214,通信网络路由与拓扑,C0548,输配电线路故障检测与定位,,,5
C0214,通信网络路由与拓扑,C0563,电力线载波通信,,,71
C0214,通信网络路由与拓扑,C0575,产消者能源交易,,,1
C0214,通信网络路由与拓扑,C0679,FPGA实时控制与硬件实现,,,1
C0214,通信网络路由与拓扑,C0718,配电网规划与容量配置,,,1
C0214,通信网络路由与拓扑,C0746,功率因数校正电路与控制,,,1
C0214,通信网络路由与拓扑,C0747,网络入侵检测,,,1
C0215,电池极耳焊接及耳机等混合部件,C0487,电池冷却与散热,,,2
C0215,电池极耳焊接及耳机等混合部件,C0491,电池电极涂布与辊压,,,2
C0215,电池极耳焊接及耳机等混合部件,C0511,电池装配工装与制造设备,,,7
C0215,电池极耳焊接及耳机等混合部件,C0512,无线充电器与装置,,,3
C0215,电池极耳焊接及耳机等混合部件,C0519,电池隔膜制备与改性,,,4
C0215,电池极耳焊接及耳机等混合部件,C0602,摩擦纳米发电机,,,1
C0215,电池极耳焊接及耳机等混合部件,C0610,电池极耳焊接,,,8
C0215,电池极耳焊接及耳机等混合部件,C0641,电池盖板、端子与密封结构,,,21
C0215,电池极耳焊接及耳机等混合部件,C0699,电池模组与电池包装配结构,,,6
C0216,电力可靠性与电气安全,C0060,超级电容器电极与器件,,,3
C0216,电力可靠性与电气安全,C0386,感应电机运行控制与性能,,,1
C0216,电力可靠性与电气安全,C0408,配电网重构与优化运行,,,1
C0216,电力可靠性与电气安全,C0420,碳化硅功率半导体器件,,,3
C0216,电力可靠性与电气安全,C0435,智能电表物联网与用能监测,,,1
C0216,电力可靠性与电气安全,C0472,多电平逆变器拓扑与调制,,,1
C0216,电力可靠性与电气安全,C0500,压电能量采集,,,1
C0216,电力可靠性与电气安全,C0512,无线充电器与装置,,,1
C0216,电力可靠性与电气安全,C0517,配电网需求响应与柔性调度,,,1
C0216,电力可靠性与电气安全,C0533,氮化镓功率与结器件,,,3
C0216,电力可靠性与电气安全,C0539,配电网谐波与电能质量治理,,,9
C0216,电力可靠性与电气安全,C0542,光伏组件故障与缺陷检测,,,7
C0216,电力可靠性与电气安全,C0548,输配电线路故障检测与定位,,,4
C0216,电力可靠性与电气安全,C0549,开关设备故障检测,,,3
C0216,电力可靠性与电气安全,C0550,变压器故障诊断,,,82
C0216,电力可靠性与电气安全,C0564,波浪能转换装置,,,4
C0216,电力可靠性与电气安全,C0588,电网接地与地网安全,,,3
C0216,电力可靠性与电气安全,C0589,输电线路雷击与防雷,,,1
C0216,电力可靠性与电气安全,C0595,电网短路电流计算,,,1
C0216,电力可靠性与电气安全,C0611,电气安全与触电风险,,,313
C0216,电力可靠性与电气安全,C0613,电力系统可靠性评估,,,166
C0216,电力可靠性与电气安全,C0615,电气绝缘局部放电,,,6
C0216,电力可靠性与电气安全,C0637,电流检测与测量电路,,,3
C0216,电力可靠性与电气安全,C0638,电压检测与测量电路,,,3
C0216,电力可靠性与电气安全,C0639,漏电与剩余电流保护,,,18
C0216,电力可靠性与电气安全,C0647,电缆绝缘护套与导体结构,,,2
C0216,电力可靠性与电气安全,C0654,能源电力教学实验平台,,,4
C0216,电力可靠性与电气安全,C0683,电池火灾抑制与灭火,,,1
C0216,电力可靠性与电气安全,C0686,电网灾害韧性与恢复,,,94
C0216,电力可靠性与电气安全,C0712,电力负荷预测,,,1
C0216,电力可靠性与电气安全,C0718,配电网规划与容量配置,,,4
C0216,电力可靠性与电气安全,C0723,光伏光热联合系统,,,1
C0216,电力可靠性与电气安全,C0732,电力设备风险预警,,,1
C0216,电力可靠性与电气安全,C0737,电力系统电压稳定,,,24
C0216,电力可靠性与电气安全,C0741,电网状态估计与相量测量,,,10
C0216,电力可靠性与电气安全,C0746,功率因数校正电路与控制,,,8
C0216,电力可靠性与电气安全,,,Q.EDITORIAL,封面、索引、勘误等非研究正文,4
C0217,离子液体萃取与金属分离,C0516,分离膜污染与清洗,,,10
C0217,离子液体萃取与金属分离,C0558,油水分离界面与膜材料,,,1
C0217,离子液体萃取与金属分离,C0560,二氧化碳水合物形成与分离,,,3
C0217,离子液体萃取与金属分离,C0576,碱性水电解制氢,,,1
C0217,离子液体萃取与金属分离,C0577,质子交换膜水电解制氢,,,3
C0217,离子液体萃取与金属分离,C0598,锂资源提取与分离,,,80
C0217,离子液体萃取与金属分离,C0616,锂金属负极界面稳定与枝晶抑制,,,2
C0217,离子液体萃取与金属分离,C0660,废旧电池湿法回收,,,1
C0217,离子液体萃取与金属分离,C0662,吸收式制冷循环,,,1
C0217,离子液体萃取与金属分离,C0670,二氧化碳溶剂吸收捕集,,,13
C0217,离子液体萃取与金属分离,C0671,二氧化碳固体吸附捕集,,,9
C0217,离子液体萃取与金属分离,C0694,稀土元素提取分离,,,80
C0217,离子液体萃取与金属分离,C0695,铀钍提取与分离,,,6
C0217,离子液体萃取与金属分离,C0714,层状及富镍锂电正极材料,,,2
C0217,离子液体萃取与金属分离,C0715,锂电磷酸盐正极材料,,,3
C0217,离子液体萃取与金属分离,C0724,电子废物回收,,,3
C0217,离子液体萃取与金属分离,C0727,钠离子电池负极材料,,,1
C0217,离子液体萃取与金属分离,C0739,水污染物吸附去除,,,90
C0218,气候变化治理与国际政策,C0498,生物能源生命周期与可持续性,,,1
C0218,气候变化治理与国际政策,C0509,太阳能热水与供热装置,,,1
C0218,气候变化治理与国际政策,C0527,碳税与环境税费,,,5
C0218,气候变化治理与国际政策,C0572,碳排放交易机制,,,13
C0218,气候变化治理与国际政策,C0594,能源安全与转型战略,,,2
C0218,气候变化治理与国际政策,C0612,国际气候协定与治理,,,327
C0218,气候变化治理与国际政策,C0642,绿色金融与能源投资,,,12
C0218,气候变化治理与国际政策,C0668,中国区域低碳经济与碳效率,,,1
C0218,气候变化治理与国际政策,C0674,森林资源经营与碳汇,,,2
C0218,气候变化治理与国际政策,C0719,气候变化适应与风险,,,506
C0218,气候变化治理与国际政策,C0720,气候变化减缓政策,,,573
C0218,气候变化治理与国际政策,,,Q.EDITORIAL,封面、索引、勘误等非研究正文,4
C0219,系统可靠性及暂态稳定混合,C0060,超级电容器电极与器件,,,12
C0219,系统可靠性及暂态稳定混合,C0257,固体氧化物燃料电池,,,2
C0219,系统可靠性及暂态稳定混合,C0298,场效应晶体管结构与建模,,,1
C0219,系统可靠性及暂态稳定混合,C0386,感应电机运行控制与性能,,,2
C0219,系统可靠性及暂态稳定混合,C0408,配电网重构与优化运行,,,8
C0219,系统可靠性及暂态稳定混合,C0412,质子交换膜燃料电池运行与建模,,,4
C0219,系统可靠性及暂态稳定混合,C0472,多电平逆变器拓扑与调制,,,4
C0219,系统可靠性及暂态稳定混合,C0514,煤气化工艺与反应,,,1
C0219,系统可靠性及暂态稳定混合,C0517,配电网需求响应与柔性调度,,,2
C0219,系统可靠性及暂态稳定混合,C0525,储能容量配置与选址,,,1
C0219,系统可靠性及暂态稳定混合,C0549,开关设备故障检测,,,2
C0219,系统可靠性及暂态稳定混合,C0550,变压器故障诊断,,,2
C0219,系统可靠性及暂态稳定混合,C0564,波浪能转换装置,,,2
C0219,系统可靠性及暂态稳定混合,C0581,微电网下垂控制与功率分配,,,3
C0219,系统可靠性及暂态稳定混合,C0582,微电网孤岛切换与动态控制,,,2
C0219,系统可靠性及暂态稳定混合,C0588,电网接地与地网安全,,,1
C0219,系统可靠性及暂态稳定混合,C0593,电池健康状态与寿命预测,,,8
C0219,系统可靠性及暂态稳定混合,C0613,电力系统可靠性评估,,,34
C0219,系统可靠性及暂态稳定混合,C0622,谐振与软开关变换器,,,1
C0219,系统可靠性及暂态稳定混合,C0630,有机朗肯循环发电,,,2
C0219,系统可靠性及暂态稳定混合,C0636,综合能源系统优化调度,,,2
C0219,系统可靠性及暂态稳定混合,C0653,核聚变装置工程,,,2
C0219,系统可靠性及暂态稳定混合,C0664,LED照明灯具与配光,,,1
C0219,系统可靠性及暂态稳定混合,C0667,电网频率控制,,,2
C0219,系统可靠性及暂态稳定混合,C0679,FPGA实时控制与硬件实现,,,1
C0219,系统可靠性及暂态稳定混合,C0686,电网灾害韧性与恢复,,,60
C0219,系统可靠性及暂态稳定混合,C0700,永磁同步电机控制,,,9
C0219,系统可靠性及暂态稳定混合,C0712,电力负荷预测,,,7
C0219,系统可靠性及暂态稳定混合,C0718,配电网规划与容量配置,,,18
C0219,系统可靠性及暂态稳定混合,C0736,电力系统暂态稳定,,,84
C0219,系统可靠性及暂态稳定混合,C0737,电力系统电压稳定,,,2
C0219,系统可靠性及暂态稳定混合,C0741,电网状态估计与相量测量,,,14
C0219,系统可靠性及暂态稳定混合,C0746,功率因数校正电路与控制,,,3
C0219,系统可靠性及暂态稳定混合,C0747,网络入侵检测,,,2
C0220,局部放电电晕与放电物理,C0060,超级电容器电极与器件,,,1
C0220,局部放电电晕与放电物理,C0257,固体氧化物燃料电池,,,2
C0220,局部放电电晕与放电物理,C0386,感应电机运行控制与性能,,,1
C0220,局部放电电晕与放电物理,C0387,有机发光二极管与发光材料,,,1
C0220,局部放电电晕与放电物理,C0412,质子交换膜燃料电池运行与建模,,,2
C0220,局部放电电晕与放电物理,C0533,氮化镓功率与结器件,,,9
C0220,局部放电电晕与放电物理,C0542,光伏组件故障与缺陷检测,,,2
C0220,局部放电电晕与放电物理,C0549,开关设备故障检测,,,1
C0220,局部放电电晕与放电物理,C0550,变压器故障诊断,,,4
C0220,局部放电电晕与放电物理,C0564,波浪能转换装置,,,1
C0220,局部放电电晕与放电物理,C0589,输电线路雷击与防雷,,,2
C0220,局部放电电晕与放电物理,C0592,电池荷电状态估计,,,1
C0220,局部放电电晕与放电物理,C0614,电晕放电与电晕损耗,,,772
C0220,局部放电电晕与放电物理,C0615,电气绝缘局部放电,,,1098
C0220,局部放电电晕与放电物理,C0637,电流检测与测量电路,,,4
C0220,局部放电电晕与放电物理,C0638,电压检测与测量电路,,,11
C0220,局部放电电晕与放电物理,C0645,电机驱动PWM与谐波控制,,,1
C0220,局部放电电晕与放电物理,C0647,电缆绝缘护套与导体结构,,,9
C0220,局部放电电晕与放电物理,C0746,功率因数校正电路与控制,,,1
C0221,锂金属沉积与含锂电极材料,C0060,超级电容器电极与器件,,,1
C0221,锂金属沉积与含锂电极材料,C0191,固态储氢材料与反应器,,,6
C0221,锂金属沉积与含锂电极材料,C0259,锂硫电池正极与多硫化物调控,,,102
C0221,锂金属沉积与含锂电极材料,C0336,硅碳负极材料与制备,,,58
C0221,锂金属沉积与含锂电极材料,C0358,非贵金属氧还原电催化材料,,,1
C0221,锂金属沉积与含锂电极材料,C0387,有机发光二极管与发光材料,,,3
C0221,锂金属沉积与含锂电极材料,C0441,二次电池电解液添加剂与配方,,,4
C0221,锂金属沉积与含锂电极材料,C0500,压电能量采集,,,1
C0221,锂金属沉积与含锂电极材料,C0501,钠电池电解液与界面,,,18
C0221,锂金属沉积与含锂电极材料,C0518,电池电极粘结剂,,,44
C0221,锂金属沉积与含锂电极材料,C0519,电池隔膜制备与改性,,,1
C0221,锂金属沉积与含锂电极材料,C0520,凝胶聚合物锂电解质,,,2
C0221,锂金属沉积与含锂电极材料,C0521,固态聚合物锂电解质,,,18
C0221,锂金属沉积与含锂电极材料,C0556,水系锌离子电池,,,3
C0221,锂金属沉积与含锂电极材料,C0592,电池荷电状态估计,,,1
C0221,锂金属沉积与含锂电极材料,C0598,锂资源提取与分离,,,1178
C0221,锂金属沉积与含锂电极材料,C0604,电池老化实验与循环寿命,,,3
C0221,锂金属沉积与含锂电极材料,C0605,电池阻抗表征,,,17
C0221,锂金属沉积与含锂电极材料,C0616,锂金属负极界面稳定与枝晶抑制,,,640
C0221,锂金属沉积与含锂电极材料,C0648,锂电石墨负极,,,6
C0221,锂金属沉积与含锂电极材料,C0653,核聚变装置工程,,,3
C0221,锂金属沉积与含锂电极材料,C0673,硫化物固态电解质,,,5
C0221,锂金属沉积与含锂电极材料,C0684,电池热失控与传播,,,4
C0221,锂金属沉积与含锂电极材料,C0696,镁铝钙多价离子电池,,,1
C0221,锂金属沉积与含锂电极材料,C0697,钾离子电池,,,3
C0221,锂金属沉积与含锂电极材料,C0714,层状及富镍锂电正极材料,,,124
C0221,锂金属沉积与含锂电极材料,C0715,锂电磷酸盐正极材料,,,109
C0221,锂金属沉积与含锂电极材料,C0727,钠离子电池负极材料,,,30
C0221,锂金属沉积与含锂电极材料,C0728,钠离子电池正极材料,,,12
C0221,锂金属沉积与含锂电极材料,C0742,氮气电还原制氨,,,1
C0221,锂金属沉积与含锂电极材料,,,Q.EDITORIAL,封面、索引、勘误等非研究正文,28
C0221,锂金属沉积与含锂电极材料,,,Q.INSUFFICIENT,题名摘要不足，待补全,1
C0222,木质纤维素预处理与生化转化,C0063,生物质热解与炭化,,,722
C0222,木质纤维素预处理与生化转化,C0129,生物质与污泥厌氧消化产气,,,34
C0222,木质纤维素预处理与生化转化,C0226,过硫酸盐活化与高级氧化,,,52
C0222,木质纤维素预处理与生化转化,C0481,微生物燃料电池与生物产电,,,14
C0222,木质纤维素预处理与生化转化,C0497,藻类生物燃料,,,4
C0222,木质纤维素预处理与生化转化,C0498,生物能源生命周期与可持续性,,,33
C0222,木质纤维素预处理与生化转化,C0508,污泥脱水与调理,,,1
C0222,木质纤维素预处理与生化转化,C0513,天然气水合物生成与分解,,,1
C0222,木质纤维素预处理与生化转化,C0514,煤气化工艺与反应,,,3
C0222,木质纤维素预处理与生化转化,C0526,厌氧发酵生物制氢,,,146
C0222,木质纤维素预处理与生化转化,C0534,氢能技术经济与生命周期,,,1
C0222,木质纤维素预处理与生化转化,C0566,蒸汽重整制氢与合成气,,,3
C0222,木质纤维素预处理与生化转化,C0570,畜禽粪便与农业残余厌氧消化,,,1
C0222,木质纤维素预处理与生化转化,C0598,锂资源提取与分离,,,1
C0222,木质纤维素预处理与生化转化,C0617,木质纤维素生物乙醇,,,91
C0222,木质纤维素预处理与生化转化,C0618,木质纤维素预处理,,,116
C0222,木质纤维素预处理与生化转化,C0619,生物炭土壤改良,,,2
C0222,木质纤维素预处理与生化转化,C0634,二氧化碳催化加氢与甲烷化,,,1
C0222,木质纤维素预处理与生化转化,C0644,沼气提纯与生物甲烷升级,,,9
C0222,木质纤维素预处理与生化转化,C0671,二氧化碳固体吸附捕集,,,7
C0222,木质纤维素预处理与生化转化,C0680,生物质气化制合成气,,,19
C0222,木质纤维素预处理与生化转化,C0681,生物质水热炭化,,,4
C0222,木质纤维素预处理与生化转化,C0682,生物质水热液化,,,28
C0222,木质纤维素预处理与生化转化,C0693,活性炭制备与孔结构,,,10
C0222,木质纤维素预处理与生化转化,C0725,废塑料回收与转化,,,6
C0222,木质纤维素预处理与生化转化,C0739,水污染物吸附去除,,,1
C0222,木质纤维素预处理与生化转化,C0744,潜热储热系统,,,1
C0222,木质纤维素预处理与生化转化,,,Q.EDITORIAL,封面、索引、勘误等非研究正文,2
C0223,泵水轮机与水力机械流动,C0502,潮汐与潮流能开发,,,1
C0223,泵水轮机与水力机械流动,C0533,氮化镓功率与结器件,,,1
C0223,泵水轮机与水力机械流动,C0551,燃气轮机热力性能,,,6
C0223,泵水轮机与水力机械流动,C0561,蒸汽压缩制冷循环,,,1
C0223,泵水轮机与水力机械流动,C0564,波浪能转换装置,,,10
C0223,泵水轮机与水力机械流动,C0577,质子交换膜水电解制氢,,,1
C0223,泵水轮机与水力机械流动,C0622,谐振与软开关变换器,,,1
C0223,泵水轮机与水力机械流动,C0630,有机朗肯循环发电,,,2
C0223,泵水轮机与水力机械流动,C0647,电缆绝缘护套与导体结构,,,1
C0223,泵水轮机与水力机械流动,C0677,太阳能集热器传热设计,,,1
C0223,泵水轮机与水力机械流动,C0704,汽轮机运行与热力性能,,,5
C0223,泵水轮机与水力机械流动,C0711,水轮机性能与设计,,,132
C0223,泵水轮机与水力机械流动,C0734,液压泵性能与控制,,,4
C0223,泵水轮机与水力机械流动,C0736,电力系统暂态稳定,,,1
C0224,生物炭制备与环境应用,C0063,生物质热解与炭化,,,86
C0224,生物炭制备与环境应用,C0129,生物质与污泥厌氧消化产气,,,64
C0224,生物炭制备与环境应用,C0151,多孔碳吸附二氧化碳,,,2
C0224,生物炭制备与环境应用,C0226,过硫酸盐活化与高级氧化,,,1
C0224,生物炭制备与环境应用,C0259,锂硫电池正极与多硫化物调控,,,1
C0224,生物炭制备与环境应用,C0481,微生物燃料电池与生物产电,,,33
C0224,生物炭制备与环境应用,C0497,藻类生物燃料,,,13
C0224,生物炭制备与环境应用,C0498,生物能源生命周期与可持续性,,,51
C0224,生物炭制备与环境应用,C0526,厌氧发酵生物制氢,,,7
C0224,生物炭制备与环境应用,C0537,其他材料光催化污染物降解,,,1
C0224,生物炭制备与环境应用,C0569,餐厨垃圾或污泥厌氧消化,,,7
C0224,生物炭制备与环境应用,C0570,畜禽粪便与农业残余厌氧消化,,,3
C0224,生物炭制备与环境应用,C0617,木质纤维素生物乙醇,,,8
C0224,生物炭制备与环境应用,C0618,木质纤维素预处理,,,12
C0224,生物炭制备与环境应用,C0619,生物炭土壤改良,,,287
C0224,生物炭制备与环境应用,C0620,生物炭水污染物去除,,,4
C0224,生物炭制备与环境应用,C0624,农光互补与农光协同,,,1
C0224,生物炭制备与环境应用,C0644,沼气提纯与生物甲烷升级,,,14
C0224,生物炭制备与环境应用,C0671,二氧化碳固体吸附捕集,,,7
C0224,生物炭制备与环境应用,C0674,森林资源经营与碳汇,,,3
C0224,生物炭制备与环境应用,C0680,生物质气化制合成气,,,20
C0224,生物炭制备与环境应用,C0681,生物质水热炭化,,,1
C0224,生物炭制备与环境应用,C0693,活性炭制备与孔结构,,,3
C0224,生物炭制备与环境应用,C0739,水污染物吸附去除,,,4
C0224,生物炭制备与环境应用,,,Q.EDITORIAL,封面、索引、勘误等非研究正文,2
C0225,离子导电及功能聚合物,C0495,聚合物电气绝缘,,,1
C0225,离子导电及功能聚合物,C0501,钠电池电解液与界面,,,2
C0225,离子导电及功能聚合物,C0516,分离膜污染与清洗,,,18
C0225,离子导电及功能聚合物,C0518,电池电极粘结剂,,,9
C0225,离子导电及功能聚合物,C0520,凝胶聚合物锂电解质,,,42
C0225,离子导电及功能聚合物,C0521,固态聚合物锂电解质,,,79
C0225,离子导电及功能聚合物,C0529,钙钛矿吸收层结晶与成膜,,,1
C0225,离子导电及功能聚合物,C0530,钙钛矿电池界面、钝化与传输层,,,3
C0225,离子导电及功能聚合物,C0536,燃料电池水管理,,,1
C0225,离子导电及功能聚合物,C0558,油水分离界面与膜材料,,,6
C0225,离子导电及功能聚合物,C0560,二氧化碳水合物形成与分离,,,1
C0225,离子导电及功能聚合物,C0567,石墨烯结构复合材料,,,4
C0225,离子导电及功能聚合物,C0568,石墨烯分离膜,,,1
C0225,离子导电及功能聚合物,C0576,碱性水电解制氢,,,5
C0225,离子导电及功能聚合物,C0583,碳化硅陶瓷结构材料,,,3
C0225,离子导电及功能聚合物,C0584,聚合物有机太阳能电池,,,63
C0225,离子导电及功能聚合物,C0600,直接空气捕碳,,,2
C0225,离子导电及功能聚合物,C0602,摩擦纳米发电机,,,2
C0225,离子导电及功能聚合物,C0647,电缆绝缘护套与导体结构,,,2
C0225,离子导电及功能聚合物,C0671,二氧化碳固体吸附捕集,,,15
C0225,离子导电及功能聚合物,C0714,层状及富镍锂电正极材料,,,4
C0225,离子导电及功能聚合物,C0715,锂电磷酸盐正极材料,,,8
C0225,离子导电及功能聚合物,C0725,废塑料回收与转化,,,7
C0225,离子导电及功能聚合物,C0728,钠离子电池正极材料,,,1
C0225,离子导电及功能聚合物,C0739,水污染物吸附去除,,,8
C0225,离子导电及功能聚合物,C0744,潜热储热系统,,,6
C0225,离子导电及功能聚合物,C0745,热化学储热系统,,,1
C0225,离子导电及功能聚合物,,,Q.EDITORIAL,封面、索引、勘误等非研究正文,8
C0226,过硫酸盐活化与高级氧化,C0493,光催化制氢,,,2
C0226,过硫酸盐活化与高级氧化,C0537,其他材料光催化污染物降解,,,92
C0226,过硫酸盐活化与高级氧化,C0557,TiO₂光催化污染物降解,,,9
C0226,过硫酸盐活化与高级氧化,C0598,锂资源提取与分离,,,1
C0226,过硫酸盐活化与高级氧化,C0603,ZnO光催化污染物降解,,,6
C0226,过硫酸盐活化与高级氧化,C0619,生物炭土壤改良,,,1
C0226,过硫酸盐活化与高级氧化,C0634,二氧化碳催化加氢与甲烷化,,,2
C0226,过硫酸盐活化与高级氧化,C0644,沼气提纯与生物甲烷升级,,,1
C0226,过硫酸盐活化与高级氧化,C0670,二氧化碳溶剂吸收捕集,,,4
C0226,过硫酸盐活化与高级氧化,C0671,二氧化碳固体吸附捕集,,,12
C0226,过硫酸盐活化与高级氧化,C0693,活性炭制备与孔结构,,,5
C0226,过硫酸盐活化与高级氧化,C0695,铀钍提取与分离,,,4
C0226,过硫酸盐活化与高级氧化,C0714,层状及富镍锂电正极材料,,,6
C0226,过硫酸盐活化与高级氧化,C0715,锂电磷酸盐正极材料,,,2
C0226,过硫酸盐活化与高级氧化,C0725,废塑料回收与转化,,,2
C0226,过硫酸盐活化与高级氧化,C0727,钠离子电池负极材料,,,1
C0226,过硫酸盐活化与高级氧化,C0728,钠离子电池正极材料,,,1
C0226,过硫酸盐活化与高级氧化,C0739,水污染物吸附去除,,,20
C0226,过硫酸盐活化与高级氧化,C0742,氮气电还原制氨,,,3
C0227,空调通风与空气处理,C0487,电池冷却与散热,,,42
C0227,空调通风与空气处理,C0509,太阳能热水与供热装置,,,1
C0227,空调通风与空气处理,C0515,膜法海水淡化,,,1
C0227,空调通风与空气处理,C0535,燃料电池供气与空压控制,,,4
C0227,空调通风与空气处理,C0547,建筑冷却与被动降温,,,9
C0227,空调通风与空气处理,C0551,燃气轮机热力性能,,,12
C0227,空调通风与空气处理,C0554,电动汽车整车能耗与续航,,,1
C0227,空调通风与空气处理,C0561,蒸汽压缩制冷循环,,,16
C0227,空调通风与空气处理,C0562,制冷工质及其热物性,,,2
C0227,空调通风与空气处理,C0564,波浪能转换装置,,,2
C0227,空调通风与空气处理,C0600,直接空气捕碳,,,25
C0227,空调通风与空气处理,C0630,有机朗肯循环发电,,,3
C0227,空调通风与空气处理,C0633,区域供热供冷系统,,,7
C0227,空调通风与空气处理,C0636,综合能源系统优化调度,,,1
C0227,空调通风与空气处理,C0650,空气源热泵,,,21
C0227,空调通风与空气处理,C0651,地源热泵与地埋换热器,,,17
C0227,空调通风与空气处理,C0662,吸收式制冷循环,,,27
C0227,空调通风与空气处理,C0663,吸附式制冷循环,,,7
C0227,空调通风与空气处理,C0665,换热器结构与传热强化,,,13
C0227,空调通风与空气处理,C0671,二氧化碳固体吸附捕集,,,1
C0227,空调通风与空气处理,C0677,太阳能集热器传热设计,,,1
C0227,空调通风与空气处理,C0684,电池热失控与传播,,,1
C0227,空调通风与空气处理,C0701,电气设备风冷散热,,,1
C0227,空调通风与空气处理,C0704,汽轮机运行与热力性能,,,1
C0227,空调通风与空气处理,C0723,光伏光热联合系统,,,3
C0227,空调通风与空气处理,C0729,建筑暖通空调能耗,,,63
C0227,空调通风与空气处理,C0744,潜热储热系统,,,5
C0228,能源审计与综合节能评估,C0435,智能电表物联网与用能监测,,,2
C0228,能源审计与综合节能评估,C0502,潮汐与潮流能开发,,,1
C0228,能源审计与综合节能评估,C0564,波浪能转换装置,,,9
C0228,能源审计与综合节能评估,C0575,产消者能源交易,,,18
C0228,能源审计与综合节能评估,C0594,能源安全与转型战略,,,14
C0228,能源审计与综合节能评估,C0602,摩擦纳米发电机,,,1
C0228,能源审计与综合节能评估,C0621,工业能源审计与节能评估,,,127
C0228,能源审计与综合节能评估,C0630,有机朗肯循环发电,,,1
C0228,能源审计与综合节能评估,C0633,区域供热供冷系统,,,1
C0228,能源审计与综合节能评估,C0635,综合能源系统规划配置,,,2
C0228,能源审计与综合节能评估,C0636,综合能源系统优化调度,,,2
C0228,能源审计与综合节能评估,C0642,绿色金融与能源投资,,,4
C0228,能源审计与综合节能评估,C0654,能源电力教学实验平台,,,4
C0228,能源审计与综合节能评估,C0664,LED照明灯具与配光,,,1
C0228,能源审计与综合节能评估,C0748,储能系统集成与安全装置,,,1
C0228,能源审计与综合节能评估,C0750,能源贫困与能源可及性,,,121
C0228,能源审计与综合节能评估,,,Q.EDITORIAL,封面、索引、勘误等非研究正文,36
C0229,通用安装固定与机电结构,C0060,超级电容器电极与器件,,,3
C0229,通用安装固定与机电结构,C0257,固体氧化物燃料电池,,,1
C0229,通用安装固定与机电结构,C0496,集成电路与功率模块封装,,,1
C0229,通用安装固定与机电结构,C0511,电池装配工装与制造设备,,,1
C0229,通用安装固定与机电结构,C0512,无线充电器与装置,,,1
C0229,通用安装固定与机电结构,C0548,输配电线路故障检测与定位,,,1
C0229,通用安装固定与机电结构,C0573,电连接器与接线端子,,,9
C0229,通用安装固定与机电结构,C0579,电机转子结构与制造,,,9
C0229,通用安装固定与机电结构,C0580,电机定子结构与制造,,,18
C0229,通用安装固定与机电结构,C0639,漏电与剩余电流保护,,,3
C0229,通用安装固定与机电结构,C0641,电池盖板、端子与密封结构,,,4
C0229,通用安装固定与机电结构,C0643,电力设施覆冰与除冰,,,1
C0229,通用安装固定与机电结构,C0647,电缆绝缘护套与导体结构,,,4
C0229,通用安装固定与机电结构,C0666,功率半导体器件,,,1
C0229,通用安装固定与机电结构,C0708,电缆桥架与线束支撑,,,14
C0229,通用安装固定与机电结构,C0749,电机绕组与线圈制造,,,7
C0230,高温钢材蠕变腐蚀与焊接,C0298,场效应晶体管结构与建模,,,1
C0230,高温钢材蠕变腐蚀与焊接,C0500,压电能量采集,,,2
C0230,高温钢材蠕变腐蚀与焊接,C0509,太阳能热水与供热装置,,,1
C0230,高温钢材蠕变腐蚀与焊接,C0533,氮化镓功率与结器件,,,2
C0230,高温钢材蠕变腐蚀与焊接,C0551,燃气轮机热力性能,,,2
C0230,高温钢材蠕变腐蚀与焊接,C0583,碳化硅陶瓷结构材料,,,10
C0230,高温钢材蠕变腐蚀与焊接,C0628,软磁材料与磁损耗,,,1
C0230,高温钢材蠕变腐蚀与焊接,C0647,电缆绝缘护套与导体结构,,,25
C0230,高温钢材蠕变腐蚀与焊接,C0651,地源热泵与地埋换热器,,,4
C0230,高温钢材蠕变腐蚀与焊接,C0653,核聚变装置工程,,,6
C0230,高温钢材蠕变腐蚀与焊接,C0684,电池热失控与传播,,,1
C0230,高温钢材蠕变腐蚀与焊接,C0709,核结构材料辐照损伤,,,2
C0230,高温钢材蠕变腐蚀与焊接,C0714,层状及富镍锂电正极材料,,,2
C0230,高温钢材蠕变腐蚀与焊接,C0744,潜热储热系统,,,1
C0230,高温钢材蠕变腐蚀与焊接,,,Q.EDITORIAL,封面、索引、勘误等非研究正文,1
C0231,专利权利要求格式与杂项器件,C0487,电池冷却与散热,,,5
C0231,专利权利要求格式与杂项器件,C0511,电池装配工装与制造设备,,,1
C0231,专利权利要求格式与杂项器件,C0571,光伏电池与组件制造工艺,,,1
C0231,专利权利要求格式与杂项器件,C0576,碱性水电解制氢,,,1
C0231,专利权利要求格式与杂项器件,C0579,电机转子结构与制造,,,2
C0231,专利权利要求格式与杂项器件,C0580,电机定子结构与制造,,,15
C0231,专利权利要求格式与杂项器件,C0641,电池盖板、端子与密封结构,,,7
C0231,专利权利要求格式与杂项器件,C0647,电缆绝缘护套与导体结构,,,3
C0231,专利权利要求格式与杂项器件,C0666,功率半导体器件,,,8
C0231,专利权利要求格式与杂项器件,C0699,电池模组与电池包装配结构,,,1
C0231,专利权利要求格式与杂项器件,C0708,电缆桥架与线束支撑,,,6
C0232,多种掺杂氧化物及功能化合物,C0060,超级电容器电极与器件,,,1
C0232,多种掺杂氧化物及功能化合物,C0122,热电材料与热电性能优化,,,4
C0232,多种掺杂氧化物及功能化合物,C0155,电解水析氧催化,,,2
C0232,多种掺杂氧化物及功能化合物,C0191,固态储氢材料与反应器,,,22
C0232,多种掺杂氧化物及功能化合物,C0226,过硫酸盐活化与高级氧化,,,1
C0232,多种掺杂氧化物及功能化合物,C0254,电催化析氢与界面调控,,,1
C0232,多种掺杂氧化物及功能化合物,C0257,固体氧化物燃料电池,,,17
C0232,多种掺杂氧化物及功能化合物,C0259,锂硫电池正极与多硫化物调控,,,1
C0232,多种掺杂氧化物及功能化合物,C0417,固体氧化物电解池与可逆电化学单元,,,3
C0232,多种掺杂氧化物及功能化合物,C0493,光催化制氢,,,1
C0232,多种掺杂氧化物及功能化合物,C0501,钠电池电解液与界面,,,1
C0232,多种掺杂氧化物及功能化合物,C0533,氮化镓功率与结器件,,,1
C0232,多种掺杂氧化物及功能化合物,C0537,其他材料光催化污染物降解,,,2
C0232,多种掺杂氧化物及功能化合物,C0556,水系锌离子电池,,,10
C0232,多种掺杂氧化物及功能化合物,C0576,碱性水电解制氢,,,1
C0232,多种掺杂氧化物及功能化合物,C0598,锂资源提取与分离,,,1
C0232,多种掺杂氧化物及功能化合物,C0671,二氧化碳固体吸附捕集,,,1
C0232,多种掺杂氧化物及功能化合物,C0714,层状及富镍锂电正极材料,,,7
C0232,多种掺杂氧化物及功能化合物,C0715,锂电磷酸盐正极材料,,,4
C0232,多种掺杂氧化物及功能化合物,C0727,钠离子电池负极材料,,,3
C0232,多种掺杂氧化物及功能化合物,C0728,钠离子电池正极材料,,,17
C0232,多种掺杂氧化物及功能化合物,C0745,热化学储热系统,,,1
C0232,多种掺杂氧化物及功能化合物,,,Q.EDITORIAL,封面、索引、勘误等非研究正文,17
C0232,多种掺杂氧化物及功能化合物,,,Q.INSUFFICIENT,题名摘要不足，待补全,1
C0233,半导体光电化学水分解,C0493,光催化制氢,,,185
C0233,半导体光电化学水分解,C0510,光催化二氧化碳还原,,,35
C0233,半导体光电化学水分解,C0516,分离膜污染与清洗,,,7
C0233,半导体光电化学水分解,C0532,钙钛矿叠层太阳能电池,,,1
C0233,半导体光电化学水分解,C0537,其他材料光催化污染物降解,,,281
C0233,半导体光电化学水分解,C0557,TiO₂光催化污染物降解,,,14
C0233,半导体光电化学水分解,C0558,油水分离界面与膜材料,,,1
C0233,半导体光电化学水分解,C0598,锂资源提取与分离,,,4
C0233,半导体光电化学水分解,C0600,直接空气捕碳,,,1
C0233,半导体光电化学水分解,C0602,摩擦纳米发电机,,,2
C0233,半导体光电化学水分解,C0603,ZnO光催化污染物降解,,,14
C0233,半导体光电化学水分解,C0671,二氧化碳固体吸附捕集,,,1
C0233,半导体光电化学水分解,C0695,铀钍提取与分离,,,4
C0233,半导体光电化学水分解,C0739,水污染物吸附去除,,,1
C0233,半导体光电化学水分解,C0742,氮气电还原制氨,,,1
C0233,半导体光电化学水分解,,,Q.EDITORIAL,封面、索引、勘误等非研究正文,23
C0234,软开关谐振与交流变换器,C0060,超级电容器电极与器件,,,2
C0234,软开关谐振与交流变换器,C0154,无线电能传输电路与系统,,,11
C0234,软开关谐振与交流变换器,C0386,感应电机运行控制与性能,,,6
C0234,软开关谐振与交流变换器,C0420,碳化硅功率半导体器件,,,3
C0234,软开关谐振与交流变换器,C0472,多电平逆变器拓扑与调制,,,20
C0234,软开关谐振与交流变换器,C0500,压电能量采集,,,4
C0234,软开关谐振与交流变换器,C0533,氮化镓功率与结器件,,,12
C0234,软开关谐振与交流变换器,C0539,配电网谐波与电能质量治理,,,2
C0234,软开关谐振与交流变换器,C0540,配电网电压无功优化,,,2
C0234,软开关谐振与交流变换器,C0550,变压器故障诊断,,,2
C0234,软开关谐振与交流变换器,C0564,波浪能转换装置,,,45
C0234,软开关谐振与交流变换器,C0608,隔离型DC-DC变换器,,,11
C0234,软开关谐振与交流变换器,C0609,非隔离DC-DC变换器,,,2
C0234,软开关谐振与交流变换器,C0615,电气绝缘局部放电,,,1
C0234,软开关谐振与交流变换器,C0622,谐振与软开关变换器,,,2425
C0234,软开关谐振与交流变换器,C0637,电流检测与测量电路,,,1
C0234,软开关谐振与交流变换器,C0645,电机驱动PWM与谐波控制,,,16
C0234,软开关谐振与交流变换器,C0646,电机转矩脉动抑制,,,2
C0234,软开关谐振与交流变换器,C0664,LED照明灯具与配光,,,13
C0234,软开关谐振与交流变换器,C0666,功率半导体器件,,,45
C0234,软开关谐振与交流变换器,C0700,永磁同步电机控制,,,3
C0234,软开关谐振与交流变换器,C0746,功率因数校正电路与控制,,,489
C0234,软开关谐振与交流变换器,,,Q.EDITORIAL,封面、索引、勘误等非研究正文,1
C0235,热电发电器件与热设计,C0298,场效应晶体管结构与建模,,,38
C0235,热电发电器件与热设计,C0487,电池冷却与散热,,,92
C0235,热电发电器件与热设计,C0488,电池低温预热,,,4
C0235,热电发电器件与热设计,C0500,压电能量采集,,,5
C0235,热电发电器件与热设计,C0512,无线充电器与装置,,,1
C0235,热电发电器件与热设计,C0533,氮化镓功率与结器件,,,170
C0235,热电发电器件与热设计,C0546,永磁电机磁路与结构设计,,,2
C0235,热电发电器件与热设计,C0551,燃气轮机热力性能,,,1
C0235,热电发电器件与热设计,C0592,电池荷电状态估计,,,1
C0235,热电发电器件与热设计,C0596,聚变加热与中性束注入,,,8
C0235,热电发电器件与热设计,C0599,电气设备温度监测与控制,,,2
C0235,热电发电器件与热设计,C0601,铜基热电材料,,,1
C0235,热电发电器件与热设计,C0611,电气安全与触电风险,,,1
C0235,热电发电器件与热设计,C0615,电气绝缘局部放电,,,1
C0235,热电发电器件与热设计,C0622,谐振与软开关变换器,,,2
C0235,热电发电器件与热设计,C0630,有机朗肯循环发电,,,2
C0235,热电发电器件与热设计,C0647,电缆绝缘护套与导体结构,,,69
C0235,热电发电器件与热设计,C0651,地源热泵与地埋换热器,,,1
C0235,热电发电器件与热设计,C0653,核聚变装置工程,,,2
C0235,热电发电器件与热设计,C0664,LED照明灯具与配光,,,1
C0235,热电发电器件与热设计,C0665,换热器结构与传热强化,,,10
C0235,热电发电器件与热设计,C0677,太阳能集热器传热设计,,,1
C0235,热电发电器件与热设计,C0683,电池火灾抑制与灭火,,,1
C0235,热电发电器件与热设计,C0684,电池热失控与传播,,,44
C0235,热电发电器件与热设计,C0700,永磁同步电机控制,,,1
C0235,热电发电器件与热设计,C0701,电气设备风冷散热,,,2
C0235,热电发电器件与热设计,C0702,电气设备液冷散热,,,4
C0235,热电发电器件与热设计,C0723,光伏光热联合系统,,,16
C0235,热电发电器件与热设计,C0744,潜热储热系统,,,9
C0235,热电发电器件与热设计,C0746,功率因数校正电路与控制,,,1
C0235,热电发电器件与热设计,,,Q.EDITORIAL,封面、索引、勘误等非研究正文,1
C0236,氢能供给加氢与系统集成,C0060,超级电容器电极与器件,,,8
C0236,氢能供给加氢与系统集成,C0063,生物质热解与炭化,,,1
C0236,氢能供给加氢与系统集成,C0191,固态储氢材料与反应器,,,86
C0236,氢能供给加氢与系统集成,C0233,半导体光电化学水分解,,,2
C0236,氢能供给加氢与系统集成,C0246,虚拟电厂资源聚合与调度,,,3
C0236,氢能供给加氢与系统集成,C0254,电催化析氢与界面调控,,,1
C0236,氢能供给加氢与系统集成,C0257,固体氧化物燃料电池,,,16
C0236,氢能供给加氢与系统集成,C0330,太阳能界面蒸发与海水淡化,,,2
C0236,氢能供给加氢与系统集成,C0381,光伏发电功率预测方法与装置,,,1
C0236,氢能供给加氢与系统集成,C0387,有机发光二极管与发光材料,,,1
C0236,氢能供给加氢与系统集成,C0412,质子交换膜燃料电池运行与建模,,,34
C0236,氢能供给加氢与系统集成,C0417,固体氧化物电解池与可逆电化学单元,,,12
C0236,氢能供给加氢与系统集成,C0487,电池冷却与散热,,,2
C0236,氢能供给加氢与系统集成,C0489,海上风电开发与技术经济,,,1
C0236,氢能供给加氢与系统集成,C0490,风能资源评估与选址,,,2
C0236,氢能供给加氢与系统集成,C0493,光催化制氢,,,1
C0236,氢能供给加氢与系统集成,C0498,生物能源生命周期与可持续性,,,1
C0236,氢能供给加氢与系统集成,C0524,储能运行调度与收益,,,6
C0236,氢能供给加氢与系统集成,C0525,储能容量配置与选址,,,3
C0236,氢能供给加氢与系统集成,C0526,厌氧发酵生物制氢,,,1
C0236,氢能供给加氢与系统集成,C0534,氢能技术经济与生命周期,,,197
C0236,氢能供给加氢与系统集成,C0535,燃料电池供气与空压控制,,,6
C0236,氢能供给加氢与系统集成,C0536,燃料电池水管理,,,2
C0236,氢能供给加氢与系统集成,C0543,加氢站与氢气加注,,,308
C0236,氢能供给加氢与系统集成,C0551,燃气轮机热力性能,,,13
C0236,氢能供给加氢与系统集成,C0552,微电网能量管理与经济调度,,,41
C0236,氢能供给加氢与系统集成,C0564,波浪能转换装置,,,2
C0236,氢能供给加氢与系统集成,C0566,蒸汽重整制氢与合成气,,,28
C0236,氢能供给加氢与系统集成,C0572,碳排放交易机制,,,7
C0236,氢能供给加氢与系统集成,C0576,碱性水电解制氢,,,29
C0236,氢能供给加氢与系统集成,C0577,质子交换膜水电解制氢,,,1
C0236,氢能供给加氢与系统集成,C0581,微电网下垂控制与功率分配,,,1
C0236,氢能供给加氢与系统集成,C0582,微电网孤岛切换与动态控制,,,2
C0236,氢能供给加氢与系统集成,C0598,锂资源提取与分离,,,2
C0236,氢能供给加氢与系统集成,C0607,地热供热与发电利用,,,3
C0236,氢能供给加氢与系统集成,C0622,谐振与软开关变换器,,,1
C0236,氢能供给加氢与系统集成,C0623,氢能供应链与基础设施规划,,,165
C0236,氢能供给加氢与系统集成,C0630,有机朗肯循环发电,,,2
C0236,氢能供给加氢与系统集成,C0634,二氧化碳催化加氢与甲烷化,,,2
C0236,氢能供给加氢与系统集成,C0635,综合能源系统规划配置,,,13
C0236,氢能供给加氢与系统集成,C0636,综合能源系统优化调度,,,56
C0236,氢能供给加氢与系统集成,C0644,沼气提纯与生物甲烷升级,,,2
C0236,氢能供给加氢与系统集成,C0653,核聚变装置工程,,,2
C0236,氢能供给加氢与系统集成,C0672,漂浮式海上风电平台,,,1
C0236,氢能供给加氢与系统集成,C0675,风电出力预测,,,1
C0236,氢能供给加氢与系统集成,C0678,聚光太阳能热发电,,,8
C0236,氢能供给加氢与系统集成,C0680,生物质气化制合成气,,,12
C0236,氢能供给加氢与系统集成,C0684,电池热失控与传播,,,1
C0236,氢能供给加氢与系统集成,C0707,船舶燃料与能效,,,48
C0236,氢能供给加氢与系统集成,C0717,双燃料发动机,,,2
C0236,氢能供给加氢与系统集成,C0718,配电网规划与容量配置,,,2
C0236,氢能供给加氢与系统集成,C0723,光伏光热联合系统,,,8
C0236,氢能供给加氢与系统集成,C0748,储能系统集成与安全装置,,,3
C0236,氢能供给加氢与系统集成,,,Q.EDITORIAL,封面、索引、勘误等非研究正文,4
C0237,分布式光伏部署与技术经济,C0063,生物质热解与炭化,,,4
C0237,分布式光伏部署与技术经济,C0330,太阳能界面蒸发与海水淡化,,,6
C0237,分布式光伏部署与技术经济,C0355,染料敏化太阳能电池材料与器件,,,2
C0237,分布式光伏部署与技术经济,C0381,光伏发电功率预测方法与装置,,,5
C0237,分布式光伏部署与技术经济,C0435,智能电表物联网与用能监测,,,1
C0237,分布式光伏部署与技术经济,C0509,太阳能热水与供热装置,,,122
C0237,分布式光伏部署与技术经济,C0528,可再生能源补贴机制,,,22
C0237,分布式光伏部署与技术经济,C0534,氢能技术经济与生命周期,,,1
C0237,分布式光伏部署与技术经济,C0541,光伏组件退化与寿命,,,23
C0237,分布式光伏部署与技术经济,C0553,电动汽车推广与购买行为,,,3
C0237,分布式光伏部署与技术经济,C0559,大气集水与雾水采集,,,1
C0237,分布式光伏部署与技术经济,C0571,光伏电池与组件制造工艺,,,50
C0237,分布式光伏部署与技术经济,C0575,产消者能源交易,,,3
C0237,分布式光伏部署与技术经济,C0587,太阳辐照度预测估算,,,1
C0237,分布式光伏部署与技术经济,C0590,非钙钛矿多结太阳能电池,,,2
C0237,分布式光伏部署与技术经济,C0594,能源安全与转型战略,,,1
C0237,分布式光伏部署与技术经济,C0606,地热资源勘探与储层建模,,,1
C0237,分布式光伏部署与技术经济,C0607,地热供热与发电利用,,,1
C0237,分布式光伏部署与技术经济,C0624,农光互补与农光协同,,,286
C0237,分布式光伏部署与技术经济,C0625,光伏技术经济与投资,,,289
C0237,分布式光伏部署与技术经济,C0626,屋顶与分布式光伏部署,,,234
C0237,分布式光伏部署与技术经济,C0633,区域供热供冷系统,,,1
C0237,分布式光伏部署与技术经济,C0651,地源热泵与地埋换热器,,,1
C0237,分布式光伏部署与技术经济,C0664,LED照明灯具与配光,,,6
C0237,分布式光伏部署与技术经济,C0677,太阳能集热器传热设计,,,11
C0237,分布式光伏部署与技术经济,C0678,聚光太阳能热发电,,,567
C0237,分布式光伏部署与技术经济,C0686,电网灾害韧性与恢复,,,1
C0237,分布式光伏部署与技术经济,C0718,配电网规划与容量配置,,,1
C0237,分布式光伏部署与技术经济,C0723,光伏光热联合系统,,,67
C0237,分布式光伏部署与技术经济,C0733,灌溉水资源优化调度,,,2
C0237,分布式光伏部署与技术经济,C0750,能源贫困与能源可及性,,,55
C0237,分布式光伏部署与技术经济,,,Q.EDITORIAL,封面、索引、勘误等非研究正文,14
C0238,农业农村经济与资源发展,C0527,碳税与环境税费,,,1
C0238,农业农村经济与资源发展,C0624,农光互补与农光协同,,,3
C0238,农业农村经济与资源发展,C0642,绿色金融与能源投资,,,35
C0238,农业农村经济与资源发展,C0694,稀土元素提取分离,,,1
C0238,农业农村经济与资源发展,C0718,配电网规划与容量配置,,,1
C0238,农业农村经济与资源发展,C0719,气候变化适应与风险,,,3
C0238,农业农村经济与资源发展,C0750,能源贫困与能源可及性,,,1
C0239,高温及绝缘陶瓷制备,C0009,二氧化碳电还原催化,,,1
C0239,高温及绝缘陶瓷制备,C0122,热电材料与热电性能优化,,,15
C0239,高温及绝缘陶瓷制备,C0257,固体氧化物燃料电池,,,30
C0239,高温及绝缘陶瓷制备,C0407,水系锌电池负极及界面稳定,,,2
C0239,高温及绝缘陶瓷制备,C0500,压电能量采集,,,3
C0239,高温及绝缘陶瓷制备,C0533,氮化镓功率与结器件,,,3
C0239,高温及绝缘陶瓷制备,C0537,其他材料光催化污染物降解,,,1
C0239,高温及绝缘陶瓷制备,C0560,二氧化碳水合物形成与分离,,,1
C0239,高温及绝缘陶瓷制备,C0583,碳化硅陶瓷结构材料,,,554
C0239,高温及绝缘陶瓷制备,C0601,铜基热电材料,,,1
C0239,高温及绝缘陶瓷制备,C0603,ZnO光催化污染物降解,,,2
C0239,高温及绝缘陶瓷制备,C0671,二氧化碳固体吸附捕集,,,2
C0239,高温及绝缘陶瓷制备,C0714,层状及富镍锂电正极材料,,,24
C0239,高温及绝缘陶瓷制备,C0715,锂电磷酸盐正极材料,,,4
C0239,高温及绝缘陶瓷制备,C0728,钠离子电池正极材料,,,1
C0239,高温及绝缘陶瓷制备,C0739,水污染物吸附去除,,,2
C0239,高温及绝缘陶瓷制备,C0744,潜热储热系统,,,13
C0239,高温及绝缘陶瓷制备,C0745,热化学储热系统,,,7
C0239,高温及绝缘陶瓷制备,,,Q.EDITORIAL,封面、索引、勘误等非研究正文,3
C0240,薄膜晶体管与有机电子器件,C0298,场效应晶体管结构与建模,,,24
C0240,薄膜晶体管与有机电子器件,C0495,聚合物电气绝缘,,,7
C0240,薄膜晶体管与有机电子器件,C0500,压电能量采集,,,3
C0240,薄膜晶体管与有机电子器件,C0521,固态聚合物锂电解质,,,1
C0240,薄膜晶体管与有机电子器件,C0584,聚合物有机太阳能电池,,,24
C0240,薄膜晶体管与有机电子器件,C0585,有机光伏印刷与规模制造,,,2
C0240,薄膜晶体管与有机电子器件,C0602,摩擦纳米发电机,,,19
C0240,薄膜晶体管与有机电子器件,,,Q.EDITORIAL,封面、索引、勘误等非研究正文,6
C0241,有机半导体供受体与分子器件材料,C0298,场效应晶体管结构与建模,,,31
C0241,有机半导体供受体与分子器件材料,C0493,光催化制氢,,,6
C0241,有机半导体供受体与分子器件材料,C0495,聚合物电气绝缘,,,1
C0241,有机半导体供受体与分子器件材料,C0496,集成电路与功率模块封装,,,1
C0241,有机半导体供受体与分子器件材料,C0501,钠电池电解液与界面,,,4
C0241,有机半导体供受体与分子器件材料,C0518,电池电极粘结剂,,,8
C0241,有机半导体供受体与分子器件材料,C0521,固态聚合物锂电解质,,,8
C0241,有机半导体供受体与分子器件材料,C0529,钙钛矿吸收层结晶与成膜,,,2
C0241,有机半导体供受体与分子器件材料,C0530,钙钛矿电池界面、钝化与传输层,,,192
C0241,有机半导体供受体与分子器件材料,C0532,钙钛矿叠层太阳能电池,,,2
C0241,有机半导体供受体与分子器件材料,C0584,聚合物有机太阳能电池,,,370
C0241,有机半导体供受体与分子器件材料,C0586,小分子有机太阳能电池,,,18
C0241,有机半导体供受体与分子器件材料,C0616,锂金属负极界面稳定与枝晶抑制,,,3
C0241,有机半导体供受体与分子器件材料,C0689,染料敏化电池敏化剂,,,4
C0241,有机半导体供受体与分子器件材料,C0714,层状及富镍锂电正极材料,,,1
C0241,有机半导体供受体与分子器件材料,C0727,钠离子电池负极材料,,,1
C0241,有机半导体供受体与分子器件材料,C0728,钠离子电池正极材料,,,1
C0241,有机半导体供受体与分子器件材料,,,Q.EDITORIAL,封面、索引、勘误等非研究正文,23
C0242,文摘索引与教学资料记录,C0009,二氧化碳电还原催化,,,2
C0242,文摘索引与教学资料记录,C0060,超级电容器电极与器件,,,4
C0242,文摘索引与教学资料记录,C0122,热电材料与热电性能优化,,,1
C0242,文摘索引与教学资料记录,C0191,固态储氢材料与反应器,,,17
C0242,文摘索引与教学资料记录,C0257,固体氧化物燃料电池,,,41
C0242,文摘索引与教学资料记录,C0266,燃料电池质子交换膜,,,1
C0242,文摘索引与教学资料记录,C0336,硅碳负极材料与制备,,,1
C0242,文摘索引与教学资料记录,C0355,染料敏化太阳能电池材料与器件,,,6
C0242,文摘索引与教学资料记录,C0387,有机发光二极管与发光材料,,,7
C0242,文摘索引与教学资料记录,C0412,质子交换膜燃料电池运行与建模,,,2
C0242,文摘索引与教学资料记录,C0481,微生物燃料电池与生物产电,,,2
C0242,文摘索引与教学资料记录,C0487,电池冷却与散热,,,1
C0242,文摘索引与教学资料记录,C0537,其他材料光催化污染物降解,,,2
C0242,文摘索引与教学资料记录,C0583,碳化硅陶瓷结构材料,,,2
C0242,文摘索引与教学资料记录,C0598,锂资源提取与分离,,,3
C0242,文摘索引与教学资料记录,C0627,永磁材料与磁性设计,,,1
C0242,文摘索引与教学资料记录,C0634,二氧化碳催化加氢与甲烷化,,,2
C0242,文摘索引与教学资料记录,C0670,二氧化碳溶剂吸收捕集,,,1
C0242,文摘索引与教学资料记录,C0689,染料敏化电池敏化剂,,,8
C0242,文摘索引与教学资料记录,C0693,活性炭制备与孔结构,,,1
C0242,文摘索引与教学资料记录,C0695,铀钍提取与分离,,,1
C0242,文摘索引与教学资料记录,C0715,锂电磷酸盐正极材料,,,5
C0242,文摘索引与教学资料记录,,,Q.EDITORIAL,封面、索引、勘误等非研究正文,114
C0242,文摘索引与教学资料记录,,,Q.INSUFFICIENT,题名摘要不足，待补全,1
C0242,文摘索引与教学资料记录,,,Q.TEMPLATE,仍有模板干扰，待复核,34
C0243,生物油热解与燃料升级,C0498,生物能源生命周期与可持续性,,,4
C0243,生物油热解与燃料升级,C0513,天然气水合物生成与分解,,,3
C0243,生物油热解与燃料升级,C0534,氢能技术经济与生命周期,,,3
C0243,生物油热解与燃料升级,C0537,其他材料光催化污染物降解,,,2
C0243,生物油热解与燃料升级,C0551,燃气轮机热力性能,,,2
C0243,生物油热解与燃料升级,C0557,TiO₂光催化污染物降解,,,1
C0243,生物油热解与燃料升级,C0558,油水分离界面与膜材料,,,2
C0243,生物油热解与燃料升级,C0565,二氧化碳干重整制合成气,,,1
C0243,生物油热解与燃料升级,C0566,蒸汽重整制氢与合成气,,,17
C0243,生物油热解与燃料升级,C0618,木质纤维素预处理,,,1
C0243,生物油热解与燃料升级,C0630,有机朗肯循环发电,,,114
C0243,生物油热解与燃料升级,C0634,二氧化碳催化加氢与甲烷化,,,1
C0243,生物油热解与燃料升级,C0644,沼气提纯与生物甲烷升级,,,1
C0243,生物油热解与燃料升级,C0648,锂电石墨负极,,,2
C0243,生物油热解与燃料升级,C0670,二氧化碳溶剂吸收捕集,,,1
C0243,生物油热解与燃料升级,C0671,二氧化碳固体吸附捕集,,,1
C0243,生物油热解与燃料升级,C0680,生物质气化制合成气,,,17
C0243,生物油热解与燃料升级,C0681,生物质水热炭化,,,3
C0243,生物油热解与燃料升级,C0682,生物质水热液化,,,3
C0243,生物油热解与燃料升级,C0693,活性炭制备与孔结构,,,1
C0243,生物油热解与燃料升级,C0715,锂电磷酸盐正极材料,,,1
C0243,生物油热解与燃料升级,C0716,柴油机燃烧与排放,,,40
C0243,生物油热解与燃料升级,C0725,废塑料回收与转化,,,477
C0243,生物油热解与燃料升级,C0744,潜热储热系统,,,1
C0243,生物油热解与燃料升级,,,Q.EDITORIAL,封面、索引、勘误等非研究正文,4
C0244,电驱控制器与机电集成装置,C0472,多电平逆变器拓扑与调制,,,1
C0244,电驱控制器与机电集成装置,C0491,电池电极涂布与辊压,,,1
C0244,电驱控制器与机电集成装置,C0496,集成电路与功率模块封装,,,1
C0244,电驱控制器与机电集成装置,C0512,无线充电器与装置,,,1
C0244,电驱控制器与机电集成装置,C0573,电连接器与接线端子,,,2
C0244,电驱控制器与机电集成装置,C0579,电机转子结构与制造,,,1
C0244,电驱控制器与机电集成装置,C0580,电机定子结构与制造,,,2
C0244,电驱控制器与机电集成装置,C0637,电流检测与测量电路,,,1
C0244,电驱控制器与机电集成装置,C0666,功率半导体器件,,,1
C0244,电驱控制器与机电集成装置,C0702,电气设备液冷散热,,,1
C0244,电驱控制器与机电集成装置,C0721,光伏清扫机器人,,,1
C0245,碳基超级电容器电极,C0498,生物能源生命周期与可持续性,,,15
C0245,碳基超级电容器电极,C0514,煤气化工艺与反应,,,2
C0245,碳基超级电容器电极,C0671,二氧化碳固体吸附捕集,,,8
C0245,碳基超级电容器电极,C0693,活性炭制备与孔结构,,,13
C0245,碳基超级电容器电极,C0727,钠离子电池负极材料,,,8
C0245,碳基超级电容器电极,C0728,钠离子电池正极材料,,,3
C0245,碳基超级电容器电极,,,Q.EDITORIAL,封面、索引、勘误等非研究正文,17
C0246,虚拟电厂资源聚合与调度,C0435,智能电表物联网与用能监测,,,2
C0246,虚拟电厂资源聚合与调度,C0524,储能运行调度与收益,,,1
C0246,虚拟电厂资源聚合与调度,C0539,配电网谐波与电能质量治理,,,1
C0246,虚拟电厂资源聚合与调度,C0575,产消者能源交易,,,3
C0246,虚拟电厂资源聚合与调度,C0633,区域供热供冷系统,,,1
C0246,虚拟电厂资源聚合与调度,C0667,电网频率控制,,,1
C0247,镍锰及多种无机功能材料,C0009,二氧化碳电还原催化,,,7
C0247,镍锰及多种无机功能材料,C0060,超级电容器电极与器件,,,31
C0247,镍锰及多种无机功能材料,C0122,热电材料与热电性能优化,,,4
C0247,镍锰及多种无机功能材料,C0155,电解水析氧催化,,,35
C0247,镍锰及多种无机功能材料,C0191,固态储氢材料与反应器,,,48
C0247,镍锰及多种无机功能材料,C0254,电催化析氢与界面调控,,,58
C0247,镍锰及多种无机功能材料,C0257,固体氧化物燃料电池,,,87
C0247,镍锰及多种无机功能材料,C0278,整体电催化水分解,,,3
C0247,镍锰及多种无机功能材料,C0336,硅碳负极材料与制备,,,18
C0247,镍锰及多种无机功能材料,C0355,染料敏化太阳能电池材料与器件,,,4
C0247,镍锰及多种无机功能材料,C0358,非贵金属氧还原电催化材料,,,1
C0247,镍锰及多种无机功能材料,C0387,有机发光二极管与发光材料,,,2
C0247,镍锰及多种无机功能材料,C0407,水系锌电池负极及界面稳定,,,1
C0247,镍锰及多种无机功能材料,C0417,固体氧化物电解池与可逆电化学单元,,,26
C0247,镍锰及多种无机功能材料,C0420,碳化硅功率半导体器件,,,2
C0247,镍锰及多种无机功能材料,C0441,二次电池电解液添加剂与配方,,,7
C0247,镍锰及多种无机功能材料,C0501,钠电池电解液与界面,,,57
C0247,镍锰及多种无机功能材料,C0518,电池电极粘结剂,,,1
C0247,镍锰及多种无机功能材料,C0519,电池隔膜制备与改性,,,1
C0247,镍锰及多种无机功能材料,C0530,钙钛矿电池界面、钝化与传输层,,,4
C0247,镍锰及多种无机功能材料,C0533,氮化镓功率与结器件,,,7
C0247,镍锰及多种无机功能材料,C0537,其他材料光催化污染物降解,,,1
C0247,镍锰及多种无机功能材料,C0556,水系锌离子电池,,,56
C0247,镍锰及多种无机功能材料,C0576,碱性水电解制氢,,,13
C0247,镍锰及多种无机功能材料,C0577,质子交换膜水电解制氢,,,1
C0247,镍锰及多种无机功能材料,C0598,锂资源提取与分离,,,5
C0247,镍锰及多种无机功能材料,C0605,电池阻抗表征,,,1
C0247,镍锰及多种无机功能材料,C0616,锂金属负极界面稳定与枝晶抑制,,,6
C0247,镍锰及多种无机功能材料,C0648,锂电石墨负极,,,2
C0247,镍锰及多种无机功能材料,C0684,电池热失控与传播,,,1
C0247,镍锰及多种无机功能材料,C0687,染料敏化电池对电极,,,2
C0247,镍锰及多种无机功能材料,C0714,层状及富镍锂电正极材料,,,383
C0247,镍锰及多种无机功能材料,C0715,锂电磷酸盐正极材料,,,4
C0247,镍锰及多种无机功能材料,C0727,钠离子电池负极材料,,,58
C0247,镍锰及多种无机功能材料,C0728,钠离子电池正极材料,,,331
C0247,镍锰及多种无机功能材料,,,Q.EDITORIAL,封面、索引、勘误等非研究正文,12
C0248,电力安全生产与应急政策,C0611,电气安全与触电风险,,,39
C0248,电力安全生产与应急政策,C0649,能源电力标准化政策,,,4
C0248,电力安全生产与应急政策,C0686,电网灾害韧性与恢复,,,2
C0249,磁性材料磁路与磁场基础,C0009,二氧化碳电还原催化,,,2
C0249,磁性材料磁路与磁场基础,C0060,超级电容器电极与器件,,,9
C0249,磁性材料磁路与磁场基础,C0122,热电材料与热电性能优化,,,3
C0249,磁性材料磁路与磁场基础,C0154,无线电能传输电路与系统,,,2
C0249,磁性材料磁路与磁场基础,C0298,场效应晶体管结构与建模,,,1
C0249,磁性材料磁路与磁场基础,C0387,有机发光二极管与发光材料,,,3
C0249,磁性材料磁路与磁场基础,C0499,电磁能量采集,,,12
C0249,磁性材料磁路与磁场基础,C0500,压电能量采集,,,16
C0249,磁性材料磁路与磁场基础,C0530,钙钛矿电池界面、钝化与传输层,,,1
C0249,磁性材料磁路与磁场基础,C0602,摩擦纳米发电机,,,5
C0249,磁性材料磁路与磁场基础,C0627,永磁材料与磁性设计,,,377
C0249,磁性材料磁路与磁场基础,C0628,软磁材料与磁损耗,,,24
C0249,磁性材料磁路与磁场基础,C0647,电缆绝缘护套与导体结构,,,2
C0249,磁性材料磁路与磁场基础,C0653,核聚变装置工程,,,3
C0249,磁性材料磁路与磁场基础,C0694,稀土元素提取分离,,,7
C0249,磁性材料磁路与磁场基础,C0714,层状及富镍锂电正极材料,,,1
C0249,磁性材料磁路与磁场基础,C0715,锂电磷酸盐正极材料,,,1
C0249,磁性材料磁路与磁场基础,C0724,电子废物回收,,,1
C0249,磁性材料磁路与磁场基础,C0731,天体等离子体与磁重联,,,4
C0249,磁性材料磁路与磁场基础,,,Q.EDITORIAL,封面、索引、勘误等非研究正文,6
C0250,热力循环余热与联供系统,C0009,二氧化碳电还原催化,,,3
C0250,热力循环余热与联供系统,C0063,生物质热解与炭化,,,1
C0250,热力循环余热与联供系统,C0124,电力系统碳计量与低碳调度,,,3
C0250,热力循环余热与联供系统,C0257,固体氧化物燃料电池,,,137
C0250,热力循环余热与联供系统,C0330,太阳能界面蒸发与海水淡化,,,1
C0250,热力循环余热与联供系统,C0412,质子交换膜燃料电池运行与建模,,,15
C0250,热力循环余热与联供系统,C0481,微生物燃料电池与生物产电,,,1
C0250,热力循环余热与联供系统,C0487,电池冷却与散热,,,1
C0250,热力循环余热与联供系统,C0498,生物能源生命周期与可持续性,,,9
C0250,热力循环余热与联供系统,C0502,潮汐与潮流能开发,,,1
C0250,热力循环余热与联供系统,C0509,太阳能热水与供热装置,,,1
C0250,热力循环余热与联供系统,C0514,煤气化工艺与反应,,,2
C0250,热力循环余热与联供系统,C0515,膜法海水淡化,,,8
C0250,热力循环余热与联供系统,C0524,储能运行调度与收益,,,1
C0250,热力循环余热与联供系统,C0525,储能容量配置与选址,,,1
C0250,热力循环余热与联供系统,C0534,氢能技术经济与生命周期,,,5
C0250,热力循环余热与联供系统,C0541,光伏组件退化与寿命,,,1
C0250,热力循环余热与联供系统,C0543,加氢站与氢气加注,,,1
C0250,热力循环余热与联供系统,C0551,燃气轮机热力性能,,,126
C0250,热力循环余热与联供系统,C0561,蒸汽压缩制冷循环,,,2
C0250,热力循环余热与联供系统,C0564,波浪能转换装置,,,9
C0250,热力循环余热与联供系统,C0572,碳排放交易机制,,,7
C0250,热力循环余热与联供系统,C0600,直接空气捕碳,,,2
C0250,热力循环余热与联供系统,C0607,地热供热与发电利用,,,34
C0250,热力循环余热与联供系统,C0621,工业能源审计与节能评估,,,40
C0250,热力循环余热与联供系统,C0629,超临界二氧化碳布雷顿循环,,,114
C0250,热力循环余热与联供系统,C0630,有机朗肯循环发电,,,464
C0250,热力循环余热与联供系统,C0633,区域供热供冷系统,,,39
C0250,热力循环余热与联供系统,C0635,综合能源系统规划配置,,,10
C0250,热力循环余热与联供系统,C0636,综合能源系统优化调度,,,27
C0250,热力循环余热与联供系统,C0650,空气源热泵,,,3
C0250,热力循环余热与联供系统,C0651,地源热泵与地埋换热器,,,13
C0250,热力循环余热与联供系统,C0662,吸收式制冷循环,,,5
C0250,热力循环余热与联供系统,C0670,二氧化碳溶剂吸收捕集,,,2
C0250,热力循环余热与联供系统,C0678,聚光太阳能热发电,,,14
C0250,热力循环余热与联供系统,C0680,生物质气化制合成气,,,42
C0250,热力循环余热与联供系统,C0704,汽轮机运行与热力性能,,,2
C0250,热力循环余热与联供系统,C0718,配电网规划与容量配置,,,1
C0250,热力循环余热与联供系统,C0723,光伏光热联合系统,,,5
C0250,热力循环余热与联供系统,C0724,电子废物回收,,,1
C0250,热力循环余热与联供系统,C0725,废塑料回收与转化,,,1
C0250,热力循环余热与联供系统,C0729,建筑暖通空调能耗,,,2
C0250,热力循环余热与联供系统,C0744,潜热储热系统,,,2
C0250,热力循环余热与联供系统,C0748,储能系统集成与安全装置,,,1
C0251,充电站选址与充电调度,C0435,智能电表物联网与用能监测,,,1
C0251,充电站选址与充电调度,C0487,电池冷却与散热,,,1
C0251,充电站选址与充电调度,C0504,电动汽车充电并网影响,,,277
C0251,充电站选址与充电调度,C0512,无线充电器与装置,,,86
C0251,充电站选址与充电调度,C0524,储能运行调度与收益,,,3
C0251,充电站选址与充电调度,C0540,配电网电压无功优化,,,2
C0251,充电站选址与充电调度,C0543,加氢站与氢气加注,,,1
C0251,充电站选址与充电调度,C0545,电动汽车有序充放电调度,,,630
C0251,充电站选址与充电调度,C0552,微电网能量管理与经济调度,,,2
C0251,充电站选址与充电调度,C0553,电动汽车推广与购买行为,,,64
C0251,充电站选址与充电调度,C0554,电动汽车整车能耗与续航,,,11
C0251,充电站选址与充电调度,C0574,电力市场机制与制度设计,,,1
C0251,充电站选址与充电调度,C0592,电池荷电状态估计,,,23
C0251,充电站选址与充电调度,C0597,电动汽车充电负荷预测,,,279
C0251,充电站选址与充电调度,C0631,电动汽车充电站选址规划,,,600
C0251,充电站选址与充电调度,C0632,电动汽车路径与补能规划,,,281
C0251,充电站选址与充电调度,C0636,综合能源系统优化调度,,,1
C0251,充电站选址与充电调度,C0691,充电基础设施建设政策,,,1
C0251,充电站选址与充电调度,C0699,电池模组与电池包装配结构,,,1
C0251,充电站选址与充电调度,C0713,电价预测,,,3
C0251,充电站选址与充电调度,C0718,配电网规划与容量配置,,,37
C0251,充电站选址与充电调度,C0747,网络入侵检测,,,1
C0251,充电站选址与充电调度,,,Q.EDITORIAL,封面、索引、勘误等非研究正文,4
C0252,热泵与区域供热供冷,C0060,超级电容器电极与器件,,,1
C0252,热泵与区域供热供冷,C0257,固体氧化物燃料电池,,,1
C0252,热泵与区域供热供冷,C0330,太阳能界面蒸发与海水淡化,,,3
C0252,热泵与区域供热供冷,C0412,质子交换膜燃料电池运行与建模,,,1
C0252,热泵与区域供热供冷,C0435,智能电表物联网与用能监测,,,1
C0252,热泵与区域供热供冷,C0487,电池冷却与散热,,,14
C0252,热泵与区域供热供冷,C0509,太阳能热水与供热装置,,,6
C0252,热泵与区域供热供冷,C0524,储能运行调度与收益,,,4
C0252,热泵与区域供热供冷,C0525,储能容量配置与选址,,,1
C0252,热泵与区域供热供冷,C0547,建筑冷却与被动降温,,,2
C0252,热泵与区域供热供冷,C0552,微电网能量管理与经济调度,,,2
C0252,热泵与区域供热供冷,C0575,产消者能源交易,,,1
C0252,热泵与区域供热供冷,C0607,地热供热与发电利用,,,17
C0252,热泵与区域供热供冷,C0621,工业能源审计与节能评估,,,1
C0252,热泵与区域供热供冷,C0630,有机朗肯循环发电,,,4
C0252,热泵与区域供热供冷,C0633,区域供热供冷系统,,,2320
C0252,热泵与区域供热供冷,C0635,综合能源系统规划配置,,,6
C0252,热泵与区域供热供冷,C0636,综合能源系统优化调度,,,14
C0252,热泵与区域供热供冷,C0650,空气源热泵,,,95
C0252,热泵与区域供热供冷,C0651,地源热泵与地埋换热器,,,748
C0252,热泵与区域供热供冷,C0661,温度传感与测量装置,,,2
C0252,热泵与区域供热供冷,C0662,吸收式制冷循环,,,2
C0252,热泵与区域供热供冷,C0665,换热器结构与传热强化,,,16
C0252,热泵与区域供热供冷,C0677,太阳能集热器传热设计,,,1
C0252,热泵与区域供热供冷,C0678,聚光太阳能热发电,,,5
C0252,热泵与区域供热供冷,C0680,生物质气化制合成气,,,1
C0252,热泵与区域供热供冷,C0712,电力负荷预测,,,2
C0252,热泵与区域供热供冷,C0719,气候变化适应与风险,,,1
C0252,热泵与区域供热供冷,C0723,光伏光热联合系统,,,24
C0252,热泵与区域供热供冷,C0729,建筑暖通空调能耗,,,30
C0252,热泵与区域供热供冷,C0744,潜热储热系统,,,31
C0252,热泵与区域供热供冷,,,Q.EDITORIAL,封面、索引、勘误等非研究正文,9
C0253,二氧化碳加氢与多类催化反应,C0009,二氧化碳电还原催化,,,1630
C0253,二氧化碳加氢与多类催化反应,C0060,超级电容器电极与器件,,,1
C0253,二氧化碳加氢与多类催化反应,C0063,生物质热解与炭化,,,3
C0253,二氧化碳加氢与多类催化反应,C0151,多孔碳吸附二氧化碳,,,3
C0253,二氧化碳加氢与多类催化反应,C0155,电解水析氧催化,,,71
C0253,二氧化碳加氢与多类催化反应,C0226,过硫酸盐活化与高级氧化,,,4
C0253,二氧化碳加氢与多类催化反应,C0254,电催化析氢与界面调控,,,219
C0253,二氧化碳加氢与多类催化反应,C0257,固体氧化物燃料电池,,,10
C0253,二氧化碳加氢与多类催化反应,C0278,整体电催化水分解,,,2
C0253,二氧化碳加氢与多类催化反应,C0358,非贵金属氧还原电催化材料,,,34
C0253,二氧化碳加氢与多类催化反应,C0412,质子交换膜燃料电池运行与建模,,,1
C0253,二氧化碳加氢与多类催化反应,C0417,固体氧化物电解池与可逆电化学单元,,,7
C0253,二氧化碳加氢与多类催化反应,C0481,微生物燃料电池与生物产电,,,3
C0253,二氧化碳加氢与多类催化反应,C0493,光催化制氢,,,5
C0253,二氧化碳加氢与多类催化反应,C0510,光催化二氧化碳还原,,,85
C0253,二氧化碳加氢与多类催化反应,C0514,煤气化工艺与反应,,,5
C0253,二氧化碳加氢与多类催化反应,C0534,氢能技术经济与生命周期,,,1
C0253,二氧化碳加氢与多类催化反应,C0557,TiO₂光催化污染物降解,,,1
C0253,二氧化碳加氢与多类催化反应,C0560,二氧化碳水合物形成与分离,,,7
C0253,二氧化碳加氢与多类催化反应,C0565,二氧化碳干重整制合成气,,,39
C0253,二氧化碳加氢与多类催化反应,C0566,蒸汽重整制氢与合成气,,,6
C0253,二氧化碳加氢与多类催化反应,C0576,碱性水电解制氢,,,1
C0253,二氧化碳加氢与多类催化反应,C0600,直接空气捕碳,,,1
C0253,二氧化碳加氢与多类催化反应,C0634,二氧化碳催化加氢与甲烷化,,,886
C0253,二氧化碳加氢与多类催化反应,C0670,二氧化碳溶剂吸收捕集,,,72
C0253,二氧化碳加氢与多类催化反应,C0671,二氧化碳固体吸附捕集,,,325
C0253,二氧化碳加氢与多类催化反应,C0680,生物质气化制合成气,,,18
C0253,二氧化碳加氢与多类催化反应,C0693,活性炭制备与孔结构,,,11
C0253,二氧化碳加氢与多类催化反应,C0714,层状及富镍锂电正极材料,,,2
C0253,二氧化碳加氢与多类催化反应,C0742,氮气电还原制氨,,,14
C0253,二氧化碳加氢与多类催化反应,C0743,硝酸盐电还原制氨,,,1
C0253,二氧化碳加氢与多类催化反应,,,Q.EDITORIAL,封面、索引、勘误等非研究正文,16
C0254,电催化析氢与界面调控,C0493,光催化制氢,,,107
C0254,电催化析氢与界面调控,C0510,光催化二氧化碳还原,,,3
C0254,电催化析氢与界面调控,C0513,天然气水合物生成与分解,,,1
C0254,电催化析氢与界面调控,C0530,钙钛矿电池界面、钝化与传输层,,,1
C0254,电催化析氢与界面调控,C0537,其他材料光催化污染物降解,,,1
C0254,电催化析氢与界面调控,C0560,二氧化碳水合物形成与分离,,,2
C0254,电催化析氢与界面调控,C0566,蒸汽重整制氢与合成气,,,6
C0254,电催化析氢与界面调控,C0576,碱性水电解制氢,,,55
C0254,电催化析氢与界面调控,C0577,质子交换膜水电解制氢,,,50
C0254,电催化析氢与界面调控,C0586,小分子有机太阳能电池,,,1
C0254,电催化析氢与界面调控,C0634,二氧化碳催化加氢与甲烷化,,,223
C0254,电催化析氢与界面调控,C0670,二氧化碳溶剂吸收捕集,,,4
C0254,电催化析氢与界面调控,C0671,二氧化碳固体吸附捕集,,,7
C0254,电催化析氢与界面调控,C0680,生物质气化制合成气,,,1
C0254,电催化析氢与界面调控,C0695,铀钍提取与分离,,,1
C0254,电催化析氢与界面调控,C0714,层状及富镍锂电正极材料,,,1
C0254,电催化析氢与界面调控,C0728,钠离子电池正极材料,,,1
C0254,电催化析氢与界面调控,,,Q.EDITORIAL,封面、索引、勘误等非研究正文,45
C0254,电催化析氢与界面调控,,,Q.INSUFFICIENT,题名摘要不足，待补全,1
C0255,锂离子电池电极材料,C0009,二氧化碳电还原催化,,,1
C0255,锂离子电池电极材料,C0060,超级电容器电极与器件,,,8
C0255,锂离子电池电极材料,C0155,电解水析氧催化,,,2
C0255,锂离子电池电极材料,C0254,电催化析氢与界面调控,,,1
C0255,锂离子电池电极材料,C0257,固体氧化物燃料电池,,,3
C0255,锂离子电池电极材料,C0259,锂硫电池正极与多硫化物调控,,,368
C0255,锂离子电池电极材料,C0336,硅碳负极材料与制备,,,22
C0255,锂离子电池电极材料,C0358,非贵金属氧还原电催化材料,,,2
C0255,锂离子电池电极材料,C0441,二次电池电解液添加剂与配方,,,72
C0255,锂离子电池电极材料,C0487,电池冷却与散热,,,5
C0255,锂离子电池电极材料,C0488,电池低温预热,,,1
C0255,锂离子电池电极材料,C0501,钠电池电解液与界面,,,20
C0255,锂离子电池电极材料,C0518,电池电极粘结剂,,,87
C0255,锂离子电池电极材料,C0519,电池隔膜制备与改性,,,13
C0255,锂离子电池电极材料,C0521,固态聚合物锂电解质,,,2
C0255,锂离子电池电极材料,C0533,氮化镓功率与结器件,,,1
C0255,锂离子电池电极材料,C0556,水系锌离子电池,,,4
C0255,锂离子电池电极材料,C0592,电池荷电状态估计,,,3
C0255,锂离子电池电极材料,C0598,锂资源提取与分离,,,6
C0255,锂离子电池电极材料,C0604,电池老化实验与循环寿命,,,22
C0255,锂离子电池电极材料,C0605,电池阻抗表征,,,8
C0255,锂离子电池电极材料,C0616,锂金属负极界面稳定与枝晶抑制,,,41
C0255,锂离子电池电极材料,C0657,电池单体均衡控制,,,1
C0255,锂离子电池电极材料,C0660,废旧电池湿法回收,,,1
C0255,锂离子电池电极材料,C0684,电池热失控与传播,,,11
C0255,锂离子电池电极材料,C0696,镁铝钙多价离子电池,,,76
C0255,锂离子电池电极材料,C0697,钾离子电池,,,204
C0255,锂离子电池电极材料,C0714,层状及富镍锂电正极材料,,,422
C0255,锂离子电池电极材料,C0715,锂电磷酸盐正极材料,,,76
C0255,锂离子电池电极材料,C0727,钠离子电池负极材料,,,179
C0255,锂离子电池电极材料,C0728,钠离子电池正极材料,,,1380
C0255,锂离子电池电极材料,,,Q.EDITORIAL,封面、索引、勘误等非研究正文,15
C0256,磁电耦合与自旋极化基础,C0298,场效应晶体管结构与建模,,,2
C0256,磁电耦合与自旋极化基础,C0493,光催化制氢,,,1
C0256,磁电耦合与自旋极化基础,C0500,压电能量采集,,,1
C0256,磁电耦合与自旋极化基础,C0501,钠电池电解液与界面,,,1
C0256,磁电耦合与自旋极化基础,C0521,固态聚合物锂电解质,,,1
C0256,磁电耦合与自旋极化基础,C0533,氮化镓功率与结器件,,,3
C0256,磁电耦合与自旋极化基础,C0556,水系锌离子电池,,,2
C0256,磁电耦合与自旋极化基础,C0647,电缆绝缘护套与导体结构,,,1
C0256,磁电耦合与自旋极化基础,C0728,钠离子电池正极材料,,,1
C0256,磁电耦合与自旋极化基础,,,Q.EDITORIAL,封面、索引、勘误等非研究正文,13
C0257,固体氧化物燃料电池,C0513,天然气水合物生成与分解,,,1
C0257,固体氧化物燃料电池,C0560,二氧化碳水合物形成与分离,,,1
C0257,固体氧化物燃料电池,C0566,蒸汽重整制氢与合成气,,,2
C0257,固体氧化物燃料电池,C0630,有机朗肯循环发电,,,1
C0257,固体氧化物燃料电池,C0693,活性炭制备与孔结构,,,1
C0257,固体氧化物燃料电池,C0715,锂电磷酸盐正极材料,,,4
C0257,固体氧化物燃料电池,C0716,柴油机燃烧与排放,,,1
C0257,固体氧化物燃料电池,C0725,废塑料回收与转化,,,1
C0257,固体氧化物燃料电池,,,Q.EDITORIAL,封面、索引、勘误等非研究正文,11
C0258,综合能源系统协同管理与优化调度,C0060,超级电容器电极与器件,,,3
C0258,综合能源系统协同管理与优化调度,C0124,电力系统碳计量与低碳调度,,,8
C0258,综合能源系统协同管理与优化调度,C0156,电力交易竞价与市场优化,,,25
C0258,综合能源系统协同管理与优化调度,C0246,虚拟电厂资源聚合与调度,,,111
C0258,综合能源系统协同管理与优化调度,C0257,固体氧化物燃料电池,,,2
C0258,综合能源系统协同管理与优化调度,C0381,光伏发电功率预测方法与装置,,,1
C0258,综合能源系统协同管理与优化调度,C0408,配电网重构与优化运行,,,1
C0258,综合能源系统协同管理与优化调度,C0435,智能电表物联网与用能监测,,,20
C0258,综合能源系统协同管理与优化调度,C0472,多电平逆变器拓扑与调制,,,1
C0258,综合能源系统协同管理与优化调度,C0481,微生物燃料电池与生物产电,,,1
C0258,综合能源系统协同管理与优化调度,C0487,电池冷却与散热,,,1
C0258,综合能源系统协同管理与优化调度,C0504,电动汽车充电并网影响,,,8
C0258,综合能源系统协同管理与优化调度,C0514,煤气化工艺与反应,,,1
C0258,综合能源系统协同管理与优化调度,C0515,膜法海水淡化,,,1
C0258,综合能源系统协同管理与优化调度,C0517,配电网需求响应与柔性调度,,,5
C0258,综合能源系统协同管理与优化调度,C0524,储能运行调度与收益,,,102
C0258,综合能源系统协同管理与优化调度,C0525,储能容量配置与选址,,,10
C0258,综合能源系统协同管理与优化调度,C0527,碳税与环境税费,,,1
C0258,综合能源系统协同管理与优化调度,C0534,氢能技术经济与生命周期,,,1
C0258,综合能源系统协同管理与优化调度,C0538,智能电网通信架构,,,3
C0258,综合能源系统协同管理与优化调度,C0539,配电网谐波与电能质量治理,,,3
C0258,综合能源系统协同管理与优化调度,C0540,配电网电压无功优化,,,8
C0258,综合能源系统协同管理与优化调度,C0542,光伏组件故障与缺陷检测,,,1
C0258,综合能源系统协同管理与优化调度,C0543,加氢站与氢气加注,,,1
C0258,综合能源系统协同管理与优化调度,C0545,电动汽车有序充放电调度,,,1
C0258,综合能源系统协同管理与优化调度,C0551,燃气轮机热力性能,,,2
C0258,综合能源系统协同管理与优化调度,C0552,微电网能量管理与经济调度,,,233
C0258,综合能源系统协同管理与优化调度,C0554,电动汽车整车能耗与续航,,,1
C0258,综合能源系统协同管理与优化调度,C0564,波浪能转换装置,,,2
C0258,综合能源系统协同管理与优化调度,C0572,碳排放交易机制,,,40
C0258,综合能源系统协同管理与优化调度,C0574,电力市场机制与制度设计,,,7
C0258,综合能源系统协同管理与优化调度,C0575,产消者能源交易,,,275
C0258,综合能源系统协同管理与优化调度,C0581,微电网下垂控制与功率分配,,,1
C0258,综合能源系统协同管理与优化调度,C0582,微电网孤岛切换与动态控制,,,3
C0258,综合能源系统协同管理与优化调度,C0592,电池荷电状态估计,,,1
C0258,综合能源系统协同管理与优化调度,C0594,能源安全与转型战略,,,1
C0258,综合能源系统协同管理与优化调度,C0607,地热供热与发电利用,,,2
C0258,综合能源系统协同管理与优化调度,C0613,电力系统可靠性评估,,,1
C0258,综合能源系统协同管理与优化调度,C0621,工业能源审计与节能评估,,,6
C0258,综合能源系统协同管理与优化调度,C0624,农光互补与农光协同,,,1
C0258,综合能源系统协同管理与优化调度,C0626,屋顶与分布式光伏部署,,,1
C0258,综合能源系统协同管理与优化调度,C0630,有机朗肯循环发电,,,3
C0258,综合能源系统协同管理与优化调度,C0632,电动汽车路径与补能规划,,,1
C0258,综合能源系统协同管理与优化调度,C0633,区域供热供冷系统,,,26
C0258,综合能源系统协同管理与优化调度,C0635,综合能源系统规划配置,,,236
C0258,综合能源系统协同管理与优化调度,C0636,综合能源系统优化调度,,,655
C0258,综合能源系统协同管理与优化调度,C0651,地源热泵与地埋换热器,,,1
C0258,综合能源系统协同管理与优化调度,C0654,能源电力教学实验平台,,,6
C0258,综合能源系统协同管理与优化调度,C0675,风电出力预测,,,2
C0258,综合能源系统协同管理与优化调度,C0678,聚光太阳能热发电,,,2
C0258,综合能源系统协同管理与优化调度,C0680,生物质气化制合成气,,,2
C0258,综合能源系统协同管理与优化调度,C0686,电网灾害韧性与恢复,,,19
C0258,综合能源系统协同管理与优化调度,C0690,电力知识图谱,,,1
C0258,综合能源系统协同管理与优化调度,C0705,天然气管网优化运行,,,2
C0258,综合能源系统协同管理与优化调度,C0710,水电站运行调度,,,20
C0258,综合能源系统协同管理与优化调度,C0712,电力负荷预测,,,25
C0258,综合能源系统协同管理与优化调度,C0713,电价预测,,,2
C0258,综合能源系统协同管理与优化调度,C0718,配电网规划与容量配置,,,59
C0258,综合能源系统协同管理与优化调度,C0723,光伏光热联合系统,,,2
C0258,综合能源系统协同管理与优化调度,C0726,风机状态监测与预测性维护,,,1
C0258,综合能源系统协同管理与优化调度,C0729,建筑暖通空调能耗,,,12
C0258,综合能源系统协同管理与优化调度,C0736,电力系统暂态稳定,,,2
C0258,综合能源系统协同管理与优化调度,C0748,储能系统集成与安全装置,,,5
C0258,综合能源系统协同管理与优化调度,C0750,能源贫困与能源可及性,,,1
C0258,综合能源系统协同管理与优化调度,,,Q.EDITORIAL,封面、索引、勘误等非研究正文,12
C0259,锂硫电池正极与多硫化物调控,C0487,电池冷却与散热,,,2
C0259,锂硫电池正极与多硫化物调控,C0501,钠电池电解液与界面,,,6
C0259,锂硫电池正极与多硫化物调控,C0518,电池电极粘结剂,,,17
C0259,锂硫电池正极与多硫化物调控,C0519,电池隔膜制备与改性,,,4
C0259,锂硫电池正极与多硫化物调控,C0520,凝胶聚合物锂电解质,,,1
C0259,锂硫电池正极与多硫化物调控,C0521,固态聚合物锂电解质,,,3
C0259,锂硫电池正极与多硫化物调控,C0555,锌空气电池,,,2
C0259,锂硫电池正极与多硫化物调控,C0556,水系锌离子电池,,,3
C0259,锂硫电池正极与多硫化物调控,C0598,锂资源提取与分离,,,7
C0259,锂硫电池正极与多硫化物调控,C0604,电池老化实验与循环寿命,,,3
C0259,锂硫电池正极与多硫化物调控,C0616,锂金属负极界面稳定与枝晶抑制,,,3
C0259,锂硫电池正极与多硫化物调控,C0653,核聚变装置工程,,,1
C0259,锂硫电池正极与多硫化物调控,C0660,废旧电池湿法回收,,,1
C0259,锂硫电池正极与多硫化物调控,C0671,二氧化碳固体吸附捕集,,,1
C0259,锂硫电池正极与多硫化物调控,C0673,硫化物固态电解质,,,29
C0259,锂硫电池正极与多硫化物调控,C0684,电池热失控与传播,,,4
C0259,锂硫电池正极与多硫化物调控,C0697,钾离子电池,,,2
C0259,锂硫电池正极与多硫化物调控,C0714,层状及富镍锂电正极材料,,,29
C0259,锂硫电池正极与多硫化物调控,C0715,锂电磷酸盐正极材料,,,13
C0259,锂硫电池正极与多硫化物调控,C0727,钠离子电池负极材料,,,114
C0259,锂硫电池正极与多硫化物调控,C0728,钠离子电池正极材料,,,38
C0259,锂硫电池正极与多硫化物调控,C0744,潜热储热系统,,,1
C0259,锂硫电池正极与多硫化物调控,C0745,热化学储热系统,,,1
C0259,锂硫电池正极与多硫化物调控,,,Q.EDITORIAL,封面、索引、勘误等非研究正文,13
C0260,电压电流检测与校验电路,C0386,感应电机运行控制与性能,,,1
C0260,电压电流检测与校验电路,C0435,智能电表物联网与用能监测,,,3
C0260,电压电流检测与校验电路,C0511,电池装配工装与制造设备,,,1
C0260,电压电流检测与校验电路,C0512,无线充电器与装置,,,4
C0260,电压电流检测与校验电路,C0542,光伏组件故障与缺陷检测,,,2
C0260,电压电流检测与校验电路,C0548,输配电线路故障检测与定位,,,5
C0260,电压电流检测与校验电路,C0549,开关设备故障检测,,,2
C0260,电压电流检测与校验电路,C0550,变压器故障诊断,,,9
C0260,电压电流检测与校验电路,C0563,电力线载波通信,,,4
C0260,电压电流检测与校验电路,C0573,电连接器与接线端子,,,1
C0260,电压电流检测与校验电路,C0611,电气安全与触电风险,,,2
C0260,电压电流检测与校验电路,C0615,电气绝缘局部放电,,,56
C0260,电压电流检测与校验电路,C0637,电流检测与测量电路,,,124
C0260,电压电流检测与校验电路,C0638,电压检测与测量电路,,,114
C0260,电压电流检测与校验电路,C0639,漏电与剩余电流保护,,,11
C0260,电压电流检测与校验电路,C0647,电缆绝缘护套与导体结构,,,13
C0260,电压电流检测与校验电路,C0666,功率半导体器件,,,1
C0260,电压电流检测与校验电路,C0700,永磁同步电机控制,,,1
C0260,电压电流检测与校验电路,C0746,功率因数校正电路与控制,,,2
C0261,保护电路与开关控制,C0060,超级电容器电极与器件,,,1
C0261,保护电路与开关控制,C0154,无线电能传输电路与系统,,,1
C0261,保护电路与开关控制,C0512,无线充电器与装置,,,2
C0261,保护电路与开关控制,C0533,氮化镓功率与结器件,,,1
C0261,保护电路与开关控制,C0563,电力线载波通信,,,4
C0261,保护电路与开关控制,C0608,隔离型DC-DC变换器,,,1
C0261,保护电路与开关控制,C0611,电气安全与触电风险,,,7
C0261,保护电路与开关控制,C0615,电气绝缘局部放电,,,1
C0261,保护电路与开关控制,C0622,谐振与软开关变换器,,,5
C0261,保护电路与开关控制,C0638,电压检测与测量电路,,,2
C0261,保护电路与开关控制,C0639,漏电与剩余电流保护,,,41
C0261,保护电路与开关控制,C0640,浪涌与过压保护电路,,,61
C0261,保护电路与开关控制,C0647,电缆绝缘护套与导体结构,,,2
C0261,保护电路与开关控制,C0664,LED照明灯具与配光,,,1
C0261,保护电路与开关控制,C0666,功率半导体器件,,,5
C0261,保护电路与开关控制,C0700,永磁同步电机控制,,,1
C0261,保护电路与开关控制,C0746,功率因数校正电路与控制,,,10
C0262,电池外壳盖板与封装,C0487,电池冷却与散热,,,2
C0262,电池外壳盖板与封装,C0491,电池电极涂布与辊压,,,10
C0262,电池外壳盖板与封装,C0511,电池装配工装与制造设备,,,53
C0262,电池外壳盖板与封装,C0519,电池隔膜制备与改性,,,38
C0262,电池外壳盖板与封装,C0641,电池盖板、端子与密封结构,,,693
C0262,电池外壳盖板与封装,C0699,电池模组与电池包装配结构,,,142
C0263,碳基氧还原及单原子催化,C0009,二氧化碳电还原催化,,,430
C0263,碳基氧还原及单原子催化,C0060,超级电容器电极与器件,,,26
C0263,碳基氧还原及单原子催化,C0063,生物质热解与炭化,,,1
C0263,碳基氧还原及单原子催化,C0151,多孔碳吸附二氧化碳,,,9
C0263,碳基氧还原及单原子催化,C0155,电解水析氧催化,,,593
C0263,碳基氧还原及单原子催化,C0226,过硫酸盐活化与高级氧化,,,76
C0263,碳基氧还原及单原子催化,C0233,半导体光电化学水分解,,,3
C0263,碳基氧还原及单原子催化,C0254,电催化析氢与界面调控,,,453
C0263,碳基氧还原及单原子催化,C0257,固体氧化物燃料电池,,,8
C0263,碳基氧还原及单原子催化,C0259,锂硫电池正极与多硫化物调控,,,53
C0263,碳基氧还原及单原子催化,C0278,整体电催化水分解,,,15
C0263,碳基氧还原及单原子催化,C0355,染料敏化太阳能电池材料与器件,,,4
C0263,碳基氧还原及单原子催化,C0358,非贵金属氧还原电催化材料,,,450
C0263,碳基氧还原及单原子催化,C0417,固体氧化物电解池与可逆电化学单元,,,16
C0263,碳基氧还原及单原子催化,C0481,微生物燃料电池与生物产电,,,32
C0263,碳基氧还原及单原子催化,C0493,光催化制氢,,,76
C0263,碳基氧还原及单原子催化,C0498,生物能源生命周期与可持续性,,,3
C0263,碳基氧还原及单原子催化,C0501,钠电池电解液与界面,,,2
C0263,碳基氧还原及单原子催化,C0510,光催化二氧化碳还原,,,45
C0263,碳基氧还原及单原子催化,C0514,煤气化工艺与反应,,,1
C0263,碳基氧还原及单原子催化,C0537,其他材料光催化污染物降解,,,56
C0263,碳基氧还原及单原子催化,C0555,锌空气电池,,,215
C0263,碳基氧还原及单原子催化,C0556,水系锌离子电池,,,6
C0263,碳基氧还原及单原子催化,C0557,TiO₂光催化污染物降解,,,2
C0263,碳基氧还原及单原子催化,C0560,二氧化碳水合物形成与分离,,,3
C0263,碳基氧还原及单原子催化,C0565,二氧化碳干重整制合成气,,,2
C0263,碳基氧还原及单原子催化,C0577,质子交换膜水电解制氢,,,1
C0263,碳基氧还原及单原子催化,C0616,锂金属负极界面稳定与枝晶抑制,,,1
C0263,碳基氧还原及单原子催化,C0634,二氧化碳催化加氢与甲烷化,,,30
C0263,碳基氧还原及单原子催化,C0670,二氧化碳溶剂吸收捕集,,,4
C0263,碳基氧还原及单原子催化,C0671,二氧化碳固体吸附捕集,,,59
C0263,碳基氧还原及单原子催化,C0687,染料敏化电池对电极,,,8
C0263,碳基氧还原及单原子催化,C0693,活性炭制备与孔结构,,,75
C0263,碳基氧还原及单原子催化,C0714,层状及富镍锂电正极材料,,,5
C0263,碳基氧还原及单原子催化,C0715,锂电磷酸盐正极材料,,,7
C0263,碳基氧还原及单原子催化,C0725,废塑料回收与转化,,,1
C0263,碳基氧还原及单原子催化,C0727,钠离子电池负极材料,,,62
C0263,碳基氧还原及单原子催化,C0728,钠离子电池正极材料,,,5
C0263,碳基氧还原及单原子催化,C0739,水污染物吸附去除,,,14
C0263,碳基氧还原及单原子催化,C0742,氮气电还原制氨,,,8
C0263,碳基氧还原及单原子催化,C0743,硝酸盐电还原制氨,,,4
C0263,碳基氧还原及单原子催化,,,Q.EDITORIAL,封面、索引、勘误等非研究正文,2
C0264,绿色发展可持续性与绿色金融,C0498,生物能源生命周期与可持续性,,,46
C0264,绿色发展可持续性与绿色金融,C0505,石油产业投资与经营,,,1
C0264,绿色发展可持续性与绿色金融,C0506,石油价格与市场经济,,,1
C0264,绿色发展可持续性与绿色金融,C0527,碳税与环境税费,,,308
C0264,绿色发展可持续性与绿色金融,C0528,可再生能源补贴机制,,,1
C0264,绿色发展可持续性与绿色金融,C0572,碳排放交易机制,,,7
C0264,绿色发展可持续性与绿色金融,C0598,锂资源提取与分离,,,3
C0264,绿色发展可持续性与绿色金融,C0621,工业能源审计与节能评估,,,1
C0264,绿色发展可持续性与绿色金融,C0624,农光互补与农光协同,,,4
C0264,绿色发展可持续性与绿色金融,C0642,绿色金融与能源投资,,,574
C0264,绿色发展可持续性与绿色金融,C0668,中国区域低碳经济与碳效率,,,1
C0264,绿色发展可持续性与绿色金融,C0674,森林资源经营与碳汇,,,2
C0264,绿色发展可持续性与绿色金融,C0719,气候变化适应与风险,,,1
C0264,绿色发展可持续性与绿色金融,C0720,气候变化减缓政策,,,6
C0264,绿色发展可持续性与绿色金融,C0750,能源贫困与能源可及性,,,1
C0264,绿色发展可持续性与绿色金融,,,Q.EDITORIAL,封面、索引、勘误等非研究正文,2
C0264,绿色发展可持续性与绿色金融,,,Q.INSUFFICIENT,题名摘要不足，待补全,1
C0265,覆冰冻结与除冰传热,C0060,超级电容器电极与器件,,,1
C0265,覆冰冻结与除冰传热,C0514,煤气化工艺与反应,,,2
C0265,覆冰冻结与除冰传热,C0564,波浪能转换装置,,,1
C0265,覆冰冻结与除冰传热,C0588,电网接地与地网安全,,,2
C0265,覆冰冻结与除冰传热,C0589,输电线路雷击与防雷,,,2
C0265,覆冰冻结与除冰传热,C0606,地热资源勘探与储层建模,,,1
C0265,覆冰冻结与除冰传热,C0633,区域供热供冷系统,,,3
C0265,覆冰冻结与除冰传热,C0643,电力设施覆冰与除冰,,,35
C0265,覆冰冻结与除冰传热,C0651,地源热泵与地埋换热器,,,17
C0265,覆冰冻结与除冰传热,C0665,换热器结构与传热强化,,,6
C0265,覆冰冻结与除冰传热,C0686,电网灾害韧性与恢复,,,2
C0265,覆冰冻结与除冰传热,C0744,潜热储热系统,,,2
C0266,燃料电池质子交换膜,C0515,膜法海水淡化,,,2
C0266,燃料电池质子交换膜,C0516,分离膜污染与清洗,,,2
C0266,燃料电池质子交换膜,C0535,燃料电池供气与空压控制,,,4
C0266,燃料电池质子交换膜,C0536,燃料电池水管理,,,81
C0266,燃料电池质子交换膜,C0577,质子交换膜水电解制氢,,,8
C0266,燃料电池质子交换膜,C0744,潜热储热系统,,,1
C0266,燃料电池质子交换膜,,,Q.EDITORIAL,封面、索引、勘误等非研究正文,8
C0267,通用数学方程与数值方法,C0298,场效应晶体管结构与建模,,,5
C0267,通用数学方程与数值方法,C0500,压电能量采集,,,1
C0267,通用数学方程与数值方法,C0548,输配电线路故障检测与定位,,,1
C0267,通用数学方程与数值方法,C0564,波浪能转换装置,,,3
C0267,通用数学方程与数值方法,C0622,谐振与软开关变换器,,,1
C0267,通用数学方程与数值方法,C0653,核聚变装置工程,,,10
C0267,通用数学方程与数值方法,C0736,电力系统暂态稳定,,,2
C0267,通用数学方程与数值方法,C0746,功率因数校正电路与控制,,,3
C0267,通用数学方程与数值方法,,,Q.EDITORIAL,封面、索引、勘误等非研究正文,4
C0268,液冷流体通道与杂项机电装置,C0060,超级电容器电极与器件,,,4
C0268,液冷流体通道与杂项机电装置,C0487,电池冷却与散热,,,8
C0268,液冷流体通道与杂项机电装置,C0503,充电设施散热,,,3
C0268,液冷流体通道与杂项机电装置,C0509,太阳能热水与供热装置,,,1
C0268,液冷流体通道与杂项机电装置,C0511,电池装配工装与制造设备,,,1
C0268,液冷流体通道与杂项机电装置,C0551,燃气轮机热力性能,,,1
C0268,液冷流体通道与杂项机电装置,C0579,电机转子结构与制造,,,2
C0268,液冷流体通道与杂项机电装置,C0641,电池盖板、端子与密封结构,,,3
C0268,液冷流体通道与杂项机电装置,C0644,沼气提纯与生物甲烷升级,,,1
C0268,液冷流体通道与杂项机电装置,C0651,地源热泵与地埋换热器,,,7
C0268,液冷流体通道与杂项机电装置,C0683,电池火灾抑制与灭火,,,1
C0268,液冷流体通道与杂项机电装置,C0699,电池模组与电池包装配结构,,,2
C0268,液冷流体通道与杂项机电装置,C0702,电气设备液冷散热,,,1
C0269,有机发光与分子光物理材料,C0298,场效应晶体管结构与建模,,,4
C0269,有机发光与分子光物理材料,C0493,光催化制氢,,,22
C0269,有机发光与分子光物理材料,C0530,钙钛矿电池界面、钝化与传输层,,,10
C0269,有机发光与分子光物理材料,C0537,其他材料光催化污染物降解,,,25
C0269,有机发光与分子光物理材料,C0556,水系锌离子电池,,,1
C0269,有机发光与分子光物理材料,C0557,TiO₂光催化污染物降解,,,1
C0269,有机发光与分子光物理材料,C0584,聚合物有机太阳能电池,,,40
C0269,有机发光与分子光物理材料,C0586,小分子有机太阳能电池,,,27
C0269,有机发光与分子光物理材料,C0689,染料敏化电池敏化剂,,,283
C0269,有机发光与分子光物理材料,C0727,钠离子电池负极材料,,,1
C0269,有机发光与分子光物理材料,,,Q.EDITORIAL,封面、索引、勘误等非研究正文,14
C0270,翼型螺旋桨与航空气动,C0499,电磁能量采集,,,1
C0270,翼型螺旋桨与航空气动,C0500,压电能量采集,,,1
C0270,翼型螺旋桨与航空气动,C0502,潮汐与潮流能开发,,,1
C0270,翼型螺旋桨与航空气动,C0535,燃料电池供气与空压控制,,,1
C0270,翼型螺旋桨与航空气动,C0564,波浪能转换装置,,,13
C0270,翼型螺旋桨与航空气动,C0643,电力设施覆冰与除冰,,,1
C0270,翼型螺旋桨与航空气动,C0646,电机转矩脉动抑制,,,1
C0270,翼型螺旋桨与航空气动,C0672,漂浮式海上风电平台,,,32
C0270,翼型螺旋桨与航空气动,C0707,船舶燃料与能效,,,1
C0270,翼型螺旋桨与航空气动,C0711,水轮机性能与设计,,,1
C0270,翼型螺旋桨与航空气动,,,Q.EDITORIAL,封面、索引、勘误等非研究正文,1
C0271,沼气及多路线生物燃料,C0063,生物质热解与炭化,,,154
C0271,沼气及多路线生物燃料,C0129,生物质与污泥厌氧消化产气,,,244
C0271,沼气及多路线生物燃料,C0257,固体氧化物燃料电池,,,68
C0271,沼气及多路线生物燃料,C0412,质子交换膜燃料电池运行与建模,,,1
C0271,沼气及多路线生物燃料,C0481,微生物燃料电池与生物产电,,,129
C0271,沼气及多路线生物燃料,C0497,藻类生物燃料,,,104
C0271,沼气及多路线生物燃料,C0498,生物能源生命周期与可持续性,,,484
C0271,沼气及多路线生物燃料,C0513,天然气水合物生成与分解,,,2
C0271,沼气及多路线生物燃料,C0526,厌氧发酵生物制氢,,,33
C0271,沼气及多路线生物燃料,C0534,氢能技术经济与生命周期,,,20
C0271,沼气及多路线生物燃料,C0552,微电网能量管理与经济调度,,,1
C0271,沼气及多路线生物燃料,C0565,二氧化碳干重整制合成气,,,1
C0271,沼气及多路线生物燃料,C0566,蒸汽重整制氢与合成气,,,5
C0271,沼气及多路线生物燃料,C0569,餐厨垃圾或污泥厌氧消化,,,4
C0271,沼气及多路线生物燃料,C0570,畜禽粪便与农业残余厌氧消化,,,2
C0271,沼气及多路线生物燃料,C0572,碳排放交易机制,,,1
C0271,沼气及多路线生物燃料,C0600,直接空气捕碳,,,1
C0271,沼气及多路线生物燃料,C0617,木质纤维素生物乙醇,,,13
C0271,沼气及多路线生物燃料,C0618,木质纤维素预处理,,,10
C0271,沼气及多路线生物燃料,C0619,生物炭土壤改良,,,2
C0271,沼气及多路线生物燃料,C0630,有机朗肯循环发电,,,12
C0271,沼气及多路线生物燃料,C0634,二氧化碳催化加氢与甲烷化,,,4
C0271,沼气及多路线生物燃料,C0636,综合能源系统优化调度,,,2
C0271,沼气及多路线生物燃料,C0644,沼气提纯与生物甲烷升级,,,492
C0271,沼气及多路线生物燃料,C0651,地源热泵与地埋换热器,,,1
C0271,沼气及多路线生物燃料,C0670,二氧化碳溶剂吸收捕集,,,1
C0271,沼气及多路线生物燃料,C0671,二氧化碳固体吸附捕集,,,6
C0271,沼气及多路线生物燃料,C0680,生物质气化制合成气,,,491
C0271,沼气及多路线生物燃料,C0681,生物质水热炭化,,,4
C0271,沼气及多路线生物燃料,C0693,活性炭制备与孔结构,,,1
C0271,沼气及多路线生物燃料,C0716,柴油机燃烧与排放,,,3
C0271,沼气及多路线生物燃料,C0720,气候变化减缓政策,,,2
C0271,沼气及多路线生物燃料,C0725,废塑料回收与转化,,,2
C0271,沼气及多路线生物燃料,,,Q.EDITORIAL,封面、索引、勘误等非研究正文,8
C0272,高分子绝缘与复合材料混合,C0060,超级电容器电极与器件,,,4
C0272,高分子绝缘与复合材料混合,C0257,固体氧化物燃料电池,,,7
C0272,高分子绝缘与复合材料混合,C0298,场效应晶体管结构与建模,,,1
C0272,高分子绝缘与复合材料混合,C0336,硅碳负极材料与制备,,,2
C0272,高分子绝缘与复合材料混合,C0387,有机发光二极管与发光材料,,,2
C0272,高分子绝缘与复合材料混合,C0412,质子交换膜燃料电池运行与建模,,,15
C0272,高分子绝缘与复合材料混合,C0420,碳化硅功率半导体器件,,,2
C0272,高分子绝缘与复合材料混合,C0495,聚合物电气绝缘,,,2
C0272,高分子绝缘与复合材料混合,C0500,压电能量采集,,,3
C0272,高分子绝缘与复合材料混合,C0518,电池电极粘结剂,,,1
C0272,高分子绝缘与复合材料混合,C0530,钙钛矿电池界面、钝化与传输层,,,1
C0272,高分子绝缘与复合材料混合,C0533,氮化镓功率与结器件,,,1
C0272,高分子绝缘与复合材料混合,C0541,光伏组件退化与寿命,,,4
C0272,高分子绝缘与复合材料混合,C0567,石墨烯结构复合材料,,,1
C0272,高分子绝缘与复合材料混合,C0571,光伏电池与组件制造工艺,,,3
C0272,高分子绝缘与复合材料混合,C0577,质子交换膜水电解制氢,,,1
C0272,高分子绝缘与复合材料混合,C0583,碳化硅陶瓷结构材料,,,4
C0272,高分子绝缘与复合材料混合,C0602,摩擦纳米发电机,,,2
C0272,高分子绝缘与复合材料混合,C0604,电池老化实验与循环寿命,,,1
C0272,高分子绝缘与复合材料混合,C0615,电气绝缘局部放电,,,6
C0272,高分子绝缘与复合材料混合,C0647,电缆绝缘护套与导体结构,,,91
C0272,高分子绝缘与复合材料混合,C0648,锂电石墨负极,,,2
C0272,高分子绝缘与复合材料混合,C0693,活性炭制备与孔结构,,,1
C0272,高分子绝缘与复合材料混合,C0699,电池模组与电池包装配结构,,,1
C0272,高分子绝缘与复合材料混合,C0714,层状及富镍锂电正极材料,,,4
C0272,高分子绝缘与复合材料混合,C0715,锂电磷酸盐正极材料,,,2
C0272,高分子绝缘与复合材料混合,C0738,木材加工与干燥,,,1
C0272,高分子绝缘与复合材料混合,,,Q.EDITORIAL,封面、索引、勘误等非研究正文,2
C0273,电机调制谐波与转矩控制,C0060,超级电容器电极与器件,,,1
C0273,电机调制谐波与转矩控制,C0154,无线电能传输电路与系统,,,7
C0273,电机调制谐波与转矩控制,C0386,感应电机运行控制与性能,,,2
C0273,电机调制谐波与转矩控制,C0472,多电平逆变器拓扑与调制,,,3
C0273,电机调制谐波与转矩控制,C0500,压电能量采集,,,3
C0273,电机调制谐波与转矩控制,C0512,无线充电器与装置,,,3
C0273,电机调制谐波与转矩控制,C0517,配电网需求响应与柔性调度,,,2
C0273,电机调制谐波与转矩控制,C0539,配电网谐波与电能质量治理,,,2
C0273,电机调制谐波与转矩控制,C0546,永磁电机磁路与结构设计,,,3
C0273,电机调制谐波与转矩控制,C0563,电力线载波通信,,,2
C0273,电机调制谐波与转矩控制,C0564,波浪能转换装置,,,2
C0273,电机调制谐波与转矩控制,C0582,微电网孤岛切换与动态控制,,,2
C0273,电机调制谐波与转矩控制,C0615,电气绝缘局部放电,,,1
C0273,电机调制谐波与转矩控制,C0622,谐振与软开关变换器,,,108
C0273,电机调制谐波与转矩控制,C0637,电流检测与测量电路,,,1
C0273,电机调制谐波与转矩控制,C0638,电压检测与测量电路,,,2
C0273,电机调制谐波与转矩控制,C0645,电机驱动PWM与谐波控制,,,29
C0273,电机调制谐波与转矩控制,C0646,电机转矩脉动抑制,,,6
C0273,电机调制谐波与转矩控制,C0667,电网频率控制,,,14
C0273,电机调制谐波与转矩控制,C0700,永磁同步电机控制,,,73
C0273,电机调制谐波与转矩控制,C0746,功率因数校正电路与控制,,,6
C0274,电缆结构材料与敷设,C0060,超级电容器电极与器件,,,1
C0274,电缆结构材料与敷设,C0512,无线充电器与装置,,,1
C0274,电缆结构材料与敷设,C0548,输配电线路故障检测与定位,,,1
C0274,电缆结构材料与敷设,C0573,电连接器与接线端子,,,4
C0274,电缆结构材料与敷设,C0589,输电线路雷击与防雷,,,1
C0274,电缆结构材料与敷设,C0622,谐振与软开关变换器,,,1
C0274,电缆结构材料与敷设,C0637,电流检测与测量电路,,,1
C0274,电缆结构材料与敷设,C0638,电压检测与测量电路,,,1
C0274,电缆结构材料与敷设,C0639,漏电与剩余电流保护,,,1
C0274,电缆结构材料与敷设,C0643,电力设施覆冰与除冰,,,1
C0274,电缆结构材料与敷设,C0647,电缆绝缘护套与导体结构,,,335
C0274,电缆结构材料与敷设,C0708,电缆桥架与线束支撑,,,168
C0275,风电发电机与并网控制,C0489,海上风电开发与技术经济,,,1
C0275,风电发电机与并网控制,C0490,风能资源评估与选址,,,5
C0275,风电发电机与并网控制,C0499,电磁能量采集,,,1
C0275,风电发电机与并网控制,C0500,压电能量采集,,,1
C0275,风电发电机与并网控制,C0524,储能运行调度与收益,,,1
C0275,风电发电机与并网控制,C0535,燃料电池供气与空压控制,,,1
C0275,风电发电机与并网控制,C0539,配电网谐波与电能质量治理,,,2
C0275,风电发电机与并网控制,C0551,燃气轮机热力性能,,,3
C0275,风电发电机与并网控制,C0552,微电网能量管理与经济调度,,,1
C0275,风电发电机与并网控制,C0564,波浪能转换装置,,,15
C0275,风电发电机与并网控制,C0581,微电网下垂控制与功率分配,,,5
C0275,风电发电机与并网控制,C0582,微电网孤岛切换与动态控制,,,5
C0275,风电发电机与并网控制,C0602,摩擦纳米发电机,,,2
C0275,风电发电机与并网控制,C0608,隔离型DC-DC变换器,,,1
C0275,风电发电机与并网控制,C0622,谐振与软开关变换器,,,1
C0275,风电发电机与并网控制,C0645,电机驱动PWM与谐波控制,,,2
C0275,风电发电机与并网控制,C0667,电网频率控制,,,85
C0275,风电发电机与并网控制,C0672,漂浮式海上风电平台,,,69
C0275,风电发电机与并网控制,C0675,风电出力预测,,,15
C0275,风电发电机与并网控制,C0676,风速预测,,,5
C0275,风电发电机与并网控制,C0700,永磁同步电机控制,,,347
C0275,风电发电机与并网控制,C0710,水电站运行调度,,,1
C0275,风电发电机与并网控制,C0711,水轮机性能与设计,,,6
C0275,风电发电机与并网控制,C0726,风机状态监测与预测性维护,,,21
C0275,风电发电机与并网控制,C0736,电力系统暂态稳定,,,9
C0275,风电发电机与并网控制,C0737,电力系统电压稳定,,,6
C0275,风电发电机与并网控制,C0746,功率因数校正电路与控制,,,9
C0276,锂离子电池负极材料,C0487,电池冷却与散热,,,29
C0276,锂离子电池负极材料,C0491,电池电极涂布与辊压,,,1
C0276,锂离子电池负极材料,C0501,钠电池电解液与界面,,,220
C0276,锂离子电池负极材料,C0518,电池电极粘结剂,,,356
C0276,锂离子电池负极材料,C0519,电池隔膜制备与改性,,,4
C0276,锂离子电池负极材料,C0520,凝胶聚合物锂电解质,,,157
C0276,锂离子电池负极材料,C0521,固态聚合物锂电解质,,,331
C0276,锂离子电池负极材料,C0555,锌空气电池,,,2
C0276,锂离子电池负极材料,C0556,水系锌离子电池,,,79
C0276,锂离子电池负极材料,C0598,锂资源提取与分离,,,10
C0276,锂离子电池负极材料,C0602,摩擦纳米发电机,,,1
C0276,锂离子电池负极材料,C0604,电池老化实验与循环寿命,,,1
C0276,锂离子电池负极材料,C0605,电池阻抗表征,,,5
C0276,锂离子电池负极材料,C0616,锂金属负极界面稳定与枝晶抑制,,,92
C0276,锂离子电池负极材料,C0648,锂电石墨负极,,,93
C0276,锂离子电池负极材料,C0683,电池火灾抑制与灭火,,,2
C0276,锂离子电池负极材料,C0684,电池热失控与传播,,,7
C0276,锂离子电池负极材料,C0696,镁铝钙多价离子电池,,,32
C0276,锂离子电池负极材料,C0697,钾离子电池,,,45
C0276,锂离子电池负极材料,C0714,层状及富镍锂电正极材料,,,130
C0276,锂离子电池负极材料,C0715,锂电磷酸盐正极材料,,,78
C0276,锂离子电池负极材料,C0727,钠离子电池负极材料,,,1218
C0276,锂离子电池负极材料,C0728,钠离子电池正极材料,,,231
C0276,锂离子电池负极材料,,,Q.EDITORIAL,封面、索引、勘误等非研究正文,9
C0277,分子生物学与医学机制,C0226,过硫酸盐活化与高级氧化,,,7
C0277,分子生物学与医学机制,,,Q.EDITORIAL,封面、索引、勘误等非研究正文,8
C0278,整体电催化水分解,C0493,光催化制氢,,,7
C0278,整体电催化水分解,C0501,钠电池电解液与界面,,,1
C0278,整体电催化水分解,C0537,其他材料光催化污染物降解,,,1
C0278,整体电催化水分解,C0555,锌空气电池,,,1
C0278,整体电催化水分解,C0556,水系锌离子电池,,,2
C0278,整体电催化水分解,C0566,蒸汽重整制氢与合成气,,,1
C0278,整体电催化水分解,C0576,碱性水电解制氢,,,396
C0278,整体电催化水分解,C0577,质子交换膜水电解制氢,,,111
C0278,整体电催化水分解,C0602,摩擦纳米发电机,,,1
C0278,整体电催化水分解,C0634,二氧化碳催化加氢与甲烷化,,,6
C0278,整体电催化水分解,C0671,二氧化碳固体吸附捕集,,,6
C0278,整体电催化水分解,C0695,铀钍提取与分离,,,3
C0278,整体电催化水分解,C0714,层状及富镍锂电正极材料,,,1
C0278,整体电催化水分解,C0715,锂电磷酸盐正极材料,,,1
C0278,整体电催化水分解,C0739,水污染物吸附去除,,,2
C0278,整体电催化水分解,C0740,水污染物电化学氧化,,,5
C0278,整体电催化水分解,C0742,氮气电还原制氨,,,7
C0278,整体电催化水分解,C0743,硝酸盐电还原制氨,,,3
C0278,整体电催化水分解,,,Q.EDITORIAL,封面、索引、勘误等非研究正文,17
C0279,光伏支架与组件机械固定,C0509,太阳能热水与供热装置,,,2
C0279,光伏支架与组件机械固定,C0626,屋顶与分布式光伏部署,,,10
C0279,光伏支架与组件机械固定,C0721,光伏清扫机器人,,,2
C0279,光伏支架与组件机械固定,C0723,光伏光热联合系统,,,3
C0279,光伏支架与组件机械固定,C0730,建筑节能改造,,,1
C0280,航空器无人机设计与飞控,C0500,压电能量采集,,,3
C0280,航空器无人机设计与飞控,C0512,无线充电器与装置,,,6
C0280,航空器无人机设计与飞控,C0592,电池荷电状态估计,,,1
C0280,航空器无人机设计与飞控,C0600,直接空气捕碳,,,2
C0280,航空器无人机设计与飞控,C0672,漂浮式海上风电平台,,,2
C0280,航空器无人机设计与飞控,C0679,FPGA实时控制与硬件实现,,,1
C0280,航空器无人机设计与飞控,C0684,电池热失控与传播,,,1
C0280,航空器无人机设计与飞控,C0686,电网灾害韧性与恢复,,,1
C0280,航空器无人机设计与飞控,C0700,永磁同步电机控制,,,1
C0281,电机磁路转子与铁芯设计,C0154,无线电能传输电路与系统,,,1
C0281,电机磁路转子与铁芯设计,C0496,集成电路与功率模块封装,,,1
C0281,电机磁路转子与铁芯设计,C0546,永磁电机磁路与结构设计,,,21
C0281,电机磁路转子与铁芯设计,C0579,电机转子结构与制造,,,105
C0281,电机磁路转子与铁芯设计,C0580,电机定子结构与制造,,,38
C0281,电机磁路转子与铁芯设计,C0602,摩擦纳米发电机,,,1
C0281,电机磁路转子与铁芯设计,C0627,永磁材料与磁性设计,,,5
C0281,电机磁路转子与铁芯设计,C0646,电机转矩脉动抑制,,,2
C0281,电机磁路转子与铁芯设计,C0647,电缆绝缘护套与导体结构,,,1
C0281,电机磁路转子与铁芯设计,C0749,电机绕组与线圈制造,,,2
C0282,金融投资与风险经济,C0502,潮汐与潮流能开发,,,1
C0282,金融投资与风险经济,C0505,石油产业投资与经营,,,1
C0282,金融投资与风险经济,C0506,石油价格与市场经济,,,286
C0282,金融投资与风险经济,C0527,碳税与环境税费,,,3
C0282,金融投资与风险经济,C0572,碳排放交易机制,,,10
C0282,金融投资与风险经济,C0594,能源安全与转型战略,,,1
C0282,金融投资与风险经济,C0621,工业能源审计与节能评估,,,1
C0282,金融投资与风险经济,C0623,氢能供应链与基础设施规划,,,1
C0282,金融投资与风险经济,C0642,绿色金融与能源投资,,,50
C0282,金融投资与风险经济,,,Q.EDITORIAL,封面、索引、勘误等非研究正文,2
C0283,油路液压与油浸电气装置,C0579,电机转子结构与制造,,,7
C0283,油路液压与油浸电气装置,C0580,电机定子结构与制造,,,27
C0283,油路液压与油浸电气装置,C0651,地源热泵与地埋换热器,,,4
C0284,能源标准化许可与专项监管,C0528,可再生能源补贴机制,,,1
C0284,能源标准化许可与专项监管,C0621,工业能源审计与节能评估,,,10
C0284,能源标准化许可与专项监管,C0624,农光互补与农光协同,,,2
C0284,能源标准化许可与专项监管,C0649,能源电力标准化政策,,,52
C0284,能源标准化许可与专项监管,C0654,能源电力教学实验平台,,,1
C0285,热泵换热器与热管理设计,C0060,超级电容器电极与器件,,,4
C0285,热泵换热器与热管理设计,C0063,生物质热解与炭化,,,2
C0285,热泵换热器与热管理设计,C0154,无线电能传输电路与系统,,,2
C0285,热泵换热器与热管理设计,C0191,固态储氢材料与反应器,,,1
C0285,热泵换热器与热管理设计,C0257,固体氧化物燃料电池,,,6
C0285,热泵换热器与热管理设计,C0412,质子交换膜燃料电池运行与建模,,,3
C0285,热泵换热器与热管理设计,C0420,碳化硅功率半导体器件,,,3
C0285,热泵换热器与热管理设计,C0487,电池冷却与散热,,,90
C0285,热泵换热器与热管理设计,C0488,电池低温预热,,,1
C0285,热泵换热器与热管理设计,C0509,太阳能热水与供热装置,,,20
C0285,热泵换热器与热管理设计,C0514,煤气化工艺与反应,,,3
C0285,热泵换热器与热管理设计,C0515,膜法海水淡化,,,1
C0285,热泵换热器与热管理设计,C0533,氮化镓功率与结器件,,,7
C0285,热泵换热器与热管理设计,C0547,建筑冷却与被动降温,,,1
C0285,热泵换热器与热管理设计,C0551,燃气轮机热力性能,,,7
C0285,热泵换热器与热管理设计,C0561,蒸汽压缩制冷循环,,,8
C0285,热泵换热器与热管理设计,C0562,制冷工质及其热物性,,,2
C0285,热泵换热器与热管理设计,C0596,聚变加热与中性束注入,,,4
C0285,热泵换热器与热管理设计,C0601,铜基热电材料,,,1
C0285,热泵换热器与热管理设计,C0607,地热供热与发电利用,,,4
C0285,热泵换热器与热管理设计,C0629,超临界二氧化碳布雷顿循环,,,7
C0285,热泵换热器与热管理设计,C0630,有机朗肯循环发电,,,75
C0285,热泵换热器与热管理设计,C0633,区域供热供冷系统,,,48
C0285,热泵换热器与热管理设计,C0647,电缆绝缘护套与导体结构,,,1
C0285,热泵换热器与热管理设计,C0650,空气源热泵,,,154
C0285,热泵换热器与热管理设计,C0651,地源热泵与地埋换热器,,,928
C0285,热泵换热器与热管理设计,C0653,核聚变装置工程,,,2
C0285,热泵换热器与热管理设计,C0661,温度传感与测量装置,,,1
C0285,热泵换热器与热管理设计,C0662,吸收式制冷循环,,,21
C0285,热泵换热器与热管理设计,C0663,吸附式制冷循环,,,18
C0285,热泵换热器与热管理设计,C0665,换热器结构与传热强化,,,649
C0285,热泵换热器与热管理设计,C0666,功率半导体器件,,,2
C0285,热泵换热器与热管理设计,C0677,太阳能集热器传热设计,,,10
C0285,热泵换热器与热管理设计,C0678,聚光太阳能热发电,,,1
C0285,热泵换热器与热管理设计,C0680,生物质气化制合成气,,,1
C0285,热泵换热器与热管理设计,C0684,电池热失控与传播,,,2
C0285,热泵换热器与热管理设计,C0723,光伏光热联合系统,,,29
C0285,热泵换热器与热管理设计,C0725,废塑料回收与转化,,,1
C0285,热泵换热器与热管理设计,C0744,潜热储热系统,,,117
C0285,热泵换热器与热管理设计,C0746,功率因数校正电路与控制,,,1
C0285,热泵换热器与热管理设计,,,Q.EDITORIAL,封面、索引、勘误等非研究正文,2
C0286,燃料电池铂基催化剂,C0493,光催化制氢,,,20
C0286,燃料电池铂基催化剂,C0510,光催化二氧化碳还原,,,2
C0286,燃料电池铂基催化剂,C0530,钙钛矿电池界面、钝化与传输层,,,1
C0286,燃料电池铂基催化剂,C0537,其他材料光催化污染物降解,,,3
C0286,燃料电池铂基催化剂,C0565,二氧化碳干重整制合成气,,,3
C0286,燃料电池铂基催化剂,C0566,蒸汽重整制氢与合成气,,,4
C0286,燃料电池铂基催化剂,C0577,质子交换膜水电解制氢,,,20
C0286,燃料电池铂基催化剂,C0583,碳化硅陶瓷结构材料,,,1
C0286,燃料电池铂基催化剂,C0584,聚合物有机太阳能电池,,,1
C0286,燃料电池铂基催化剂,C0600,直接空气捕碳,,,1
C0286,燃料电池铂基催化剂,C0634,二氧化碳催化加氢与甲烷化,,,32
C0286,燃料电池铂基催化剂,C0671,二氧化碳固体吸附捕集,,,4
C0286,燃料电池铂基催化剂,C0742,氮气电还原制氨,,,3
C0286,燃料电池铂基催化剂,,,Q.EDITORIAL,封面、索引、勘误等非研究正文,31
C0287,核裂变聚变与核电工程,C0257,固体氧化物燃料电池,,,2
C0287,核裂变聚变与核电工程,C0534,氢能技术经济与生命周期,,,2
C0287,核裂变聚变与核电工程,C0551,燃气轮机热力性能,,,4
C0287,核裂变聚变与核电工程,C0566,蒸汽重整制氢与合成气,,,1
C0287,核裂变聚变与核电工程,C0583,碳化硅陶瓷结构材料,,,1
C0287,核裂变聚变与核电工程,C0588,电网接地与地网安全,,,1
C0287,核裂变聚变与核电工程,C0594,能源安全与转型战略,,,1
C0287,核裂变聚变与核电工程,C0629,超临界二氧化碳布雷顿循环,,,4
C0287,核裂变聚变与核电工程,C0633,区域供热供冷系统,,,3
C0287,核裂变聚变与核电工程,C0647,电缆绝缘护套与导体结构,,,1
C0287,核裂变聚变与核电工程,C0652,核裂变反应堆工程,,,52
C0287,核裂变聚变与核电工程,C0653,核聚变装置工程,,,277
C0287,核裂变聚变与核电工程,C0662,吸收式制冷循环,,,1
C0287,核裂变聚变与核电工程,C0665,换热器结构与传热强化,,,1
C0287,核裂变聚变与核电工程,C0678,聚光太阳能热发电,,,2
C0287,核裂变聚变与核电工程,C0694,稀土元素提取分离,,,1
C0287,核裂变聚变与核电工程,C0695,铀钍提取与分离,,,6
C0287,核裂变聚变与核电工程,C0709,核结构材料辐照损伤,,,1
C0287,核裂变聚变与核电工程,C0744,潜热储热系统,,,1
C0288,多体系电池配方与器件,C0060,超级电容器电极与器件,,,21
C0288,多体系电池配方与器件,C0257,固体氧化物燃料电池,,,1
C0288,多体系电池配方与器件,C0259,锂硫电池正极与多硫化物调控,,,2
C0288,多体系电池配方与器件,C0336,硅碳负极材料与制备,,,1
C0288,多体系电池配方与器件,C0441,二次电池电解液添加剂与配方,,,8
C0288,多体系电池配方与器件,C0487,电池冷却与散热,,,2
C0288,多体系电池配方与器件,C0491,电池电极涂布与辊压,,,4
C0288,多体系电池配方与器件,C0501,钠电池电解液与界面,,,4
C0288,多体系电池配方与器件,C0511,电池装配工装与制造设备,,,7
C0288,多体系电池配方与器件,C0518,电池电极粘结剂,,,9
C0288,多体系电池配方与器件,C0519,电池隔膜制备与改性,,,56
C0288,多体系电池配方与器件,C0555,锌空气电池,,,1
C0288,多体系电池配方与器件,C0556,水系锌离子电池,,,2
C0288,多体系电池配方与器件,C0591,电池等效电路与参数辨识,,,2
C0288,多体系电池配方与器件,C0592,电池荷电状态估计,,,12
C0288,多体系电池配方与器件,C0593,电池健康状态与寿命预测,,,1
C0288,多体系电池配方与器件,C0602,摩擦纳米发电机,,,3
C0288,多体系电池配方与器件,C0604,电池老化实验与循环寿命,,,5
C0288,多体系电池配方与器件,C0605,电池阻抗表征,,,7
C0288,多体系电池配方与器件,C0641,电池盖板、端子与密封结构,,,3
C0288,多体系电池配方与器件,C0657,电池单体均衡控制,,,15
C0288,多体系电池配方与器件,C0683,电池火灾抑制与灭火,,,6
C0288,多体系电池配方与器件,C0696,镁铝钙多价离子电池,,,5
C0288,多体系电池配方与器件,C0727,钠离子电池负极材料,,,1
C0288,多体系电池配方与器件,,,Q.EDITORIAL,封面、索引、勘误等非研究正文,5
C0289,锌基硫族及氧化物薄膜,C0493,光催化制氢,,,2
C0289,锌基硫族及氧化物薄膜,C0500,压电能量采集,,,1
C0289,锌基硫族及氧化物薄膜,C0530,钙钛矿电池界面、钝化与传输层,,,12
C0289,锌基硫族及氧化物薄膜,C0532,钙钛矿叠层太阳能电池,,,3
C0289,锌基硫族及氧化物薄膜,C0537,其他材料光催化污染物降解,,,12
C0289,锌基硫族及氧化物薄膜,C0556,水系锌离子电池,,,1
C0289,锌基硫族及氧化物薄膜,C0584,聚合物有机太阳能电池,,,23
C0289,锌基硫族及氧化物薄膜,C0590,非钙钛矿多结太阳能电池,,,3
C0289,锌基硫族及氧化物薄膜,C0602,摩擦纳米发电机,,,4
C0289,锌基硫族及氧化物薄膜,C0603,ZnO光催化污染物降解,,,18
C0289,锌基硫族及氧化物薄膜,C0688,染料敏化电池光阳极,,,1
C0289,锌基硫族及氧化物薄膜,C0689,染料敏化电池敏化剂,,,1
C0289,锌基硫族及氧化物薄膜,C0714,层状及富镍锂电正极材料,,,1
C0290,铁氧化物磁性纳米材料,C0298,场效应晶体管结构与建模,,,1
C0290,铁氧化物磁性纳米材料,C0493,光催化制氢,,,1
C0290,铁氧化物磁性纳米材料,C0530,钙钛矿电池界面、钝化与传输层,,,1
C0290,铁氧化物磁性纳米材料,C0537,其他材料光催化污染物降解,,,11
C0290,铁氧化物磁性纳米材料,C0557,TiO₂光催化污染物降解,,,1
C0290,铁氧化物磁性纳米材料,C0602,摩擦纳米发电机,,,3
C0290,铁氧化物磁性纳米材料,C0616,锂金属负极界面稳定与枝晶抑制,,,1
C0290,铁氧化物磁性纳米材料,C0628,软磁材料与磁损耗,,,3
C0290,铁氧化物磁性纳米材料,C0670,二氧化碳溶剂吸收捕集,,,3
C0290,铁氧化物磁性纳米材料,C0671,二氧化碳固体吸附捕集,,,4
C0290,铁氧化物磁性纳米材料,C0694,稀土元素提取分离,,,3
C0290,铁氧化物磁性纳米材料,C0695,铀钍提取与分离,,,6
C0290,铁氧化物磁性纳米材料,C0715,锂电磷酸盐正极材料,,,4
C0290,铁氧化物磁性纳米材料,C0727,钠离子电池负极材料,,,3
C0290,铁氧化物磁性纳米材料,C0728,钠离子电池正极材料,,,3
C0290,铁氧化物磁性纳米材料,C0739,水污染物吸附去除,,,24
C0290,铁氧化物磁性纳米材料,,,Q.EDITORIAL,封面、索引、勘误等非研究正文,1
C0291,瓶装液化石油气价格政策,C0506,石油价格与市场经济,,,1
C0292,仿真软件硬件在环与教学平台,C0060,超级电容器电极与器件,,,1
C0292,仿真软件硬件在环与教学平台,C0246,虚拟电厂资源聚合与调度,,,1
C0292,仿真软件硬件在环与教学平台,C0257,固体氧化物燃料电池,,,1
C0292,仿真软件硬件在环与教学平台,C0386,感应电机运行控制与性能,,,3
C0292,仿真软件硬件在环与教学平台,C0412,质子交换膜燃料电池运行与建模,,,4
C0292,仿真软件硬件在环与教学平台,C0538,智能电网通信架构,,,1
C0292,仿真软件硬件在环与教学平台,C0630,有机朗肯循环发电,,,1
C0292,仿真软件硬件在环与教学平台,C0654,能源电力教学实验平台,,,9
C0292,仿真软件硬件在环与教学平台,C0674,森林资源经营与碳汇,,,1
C0292,仿真软件硬件在环与教学平台,C0679,FPGA实时控制与硬件实现,,,7
C0292,仿真软件硬件在环与教学平台,C0718,配电网规划与容量配置,,,1
C0292,仿真软件硬件在环与教学平台,C0722,变电站巡检机器人,,,2
C0292,仿真软件硬件在环与教学平台,,,Q.EDITORIAL,封面、索引、勘误等非研究正文,1
C0293,电池系统管理与全寿命利用,C0060,超级电容器电极与器件,,,74
C0293,电池系统管理与全寿命利用,C0154,无线电能传输电路与系统,,,1
C0293,电池系统管理与全寿命利用,C0156,电力交易竞价与市场优化,,,2
C0293,电池系统管理与全寿命利用,C0259,锂硫电池正极与多硫化物调控,,,13
C0293,电池系统管理与全寿命利用,C0336,硅碳负极材料与制备,,,2
C0293,电池系统管理与全寿命利用,C0412,质子交换膜燃料电池运行与建模,,,2
C0293,电池系统管理与全寿命利用,C0487,电池冷却与散热,,,84
C0293,电池系统管理与全寿命利用,C0488,电池低温预热,,,2
C0293,电池系统管理与全寿命利用,C0504,电动汽车充电并网影响,,,3
C0293,电池系统管理与全寿命利用,C0511,电池装配工装与制造设备,,,2
C0293,电池系统管理与全寿命利用,C0518,电池电极粘结剂,,,2
C0293,电池系统管理与全寿命利用,C0519,电池隔膜制备与改性,,,6
C0293,电池系统管理与全寿命利用,C0521,固态聚合物锂电解质,,,1
C0293,电池系统管理与全寿命利用,C0524,储能运行调度与收益,,,7
C0293,电池系统管理与全寿命利用,C0525,储能容量配置与选址,,,14
C0293,电池系统管理与全寿命利用,C0534,氢能技术经济与生命周期,,,1
C0293,电池系统管理与全寿命利用,C0545,电动汽车有序充放电调度,,,3
C0293,电池系统管理与全寿命利用,C0552,微电网能量管理与经济调度,,,5
C0293,电池系统管理与全寿命利用,C0553,电动汽车推广与购买行为,,,59
C0293,电池系统管理与全寿命利用,C0554,电动汽车整车能耗与续航,,,23
C0293,电池系统管理与全寿命利用,C0556,水系锌离子电池,,,1
C0293,电池系统管理与全寿命利用,C0572,碳排放交易机制,,,2
C0293,电池系统管理与全寿命利用,C0592,电池荷电状态估计,,,65
C0293,电池系统管理与全寿命利用,C0593,电池健康状态与寿命预测,,,167
C0293,电池系统管理与全寿命利用,C0604,电池老化实验与循环寿命,,,258
C0293,电池系统管理与全寿命利用,C0605,电池阻抗表征,,,1
C0293,电池系统管理与全寿命利用,C0625,光伏技术经济与投资,,,4
C0293,电池系统管理与全寿命利用,C0631,电动汽车充电站选址规划,,,2
C0293,电池系统管理与全寿命利用,C0641,电池盖板、端子与密封结构,,,1
C0293,电池系统管理与全寿命利用,C0656,动力电池梯次利用,,,311
C0293,电池系统管理与全寿命利用,C0657,电池单体均衡控制,,,83
C0293,电池系统管理与全寿命利用,C0660,废旧电池湿法回收,,,2
C0293,电池系统管理与全寿命利用,C0667,电网频率控制,,,2
C0293,电池系统管理与全寿命利用,C0684,电池热失控与传播,,,6
C0293,电池系统管理与全寿命利用,C0696,镁铝钙多价离子电池,,,2
C0293,电池系统管理与全寿命利用,C0699,电池模组与电池包装配结构,,,10
C0293,电池系统管理与全寿命利用,C0727,钠离子电池负极材料,,,2
C0293,电池系统管理与全寿命利用,C0728,钠离子电池正极材料,,,1
C0293,电池系统管理与全寿命利用,C0748,储能系统集成与安全装置,,,1
C0293,电池系统管理与全寿命利用,,,Q.EDITORIAL,封面、索引、勘误等非研究正文,3
C0294,电池管理与均衡控制,C0435,智能电表物联网与用能监测,,,1
C0294,电池管理与均衡控制,C0487,电池冷却与散热,,,65
C0294,电池管理与均衡控制,C0488,电池低温预热,,,4
C0294,电池管理与均衡控制,C0491,电池电极涂布与辊压,,,8
C0294,电池管理与均衡控制,C0511,电池装配工装与制造设备,,,4
C0294,电池管理与均衡控制,C0519,电池隔膜制备与改性,,,1
C0294,电池管理与均衡控制,C0525,储能容量配置与选址,,,3
C0294,电池管理与均衡控制,C0555,锌空气电池,,,1
C0294,电池管理与均衡控制,C0581,微电网下垂控制与功率分配,,,2
C0294,电池管理与均衡控制,C0591,电池等效电路与参数辨识,,,5
C0294,电池管理与均衡控制,C0592,电池荷电状态估计,,,53
C0294,电池管理与均衡控制,C0593,电池健康状态与寿命预测,,,32
C0294,电池管理与均衡控制,C0604,电池老化实验与循环寿命,,,10
C0294,电池管理与均衡控制,C0605,电池阻抗表征,,,1
C0294,电池管理与均衡控制,C0656,动力电池梯次利用,,,4
C0294,电池管理与均衡控制,C0657,电池单体均衡控制,,,238
C0294,电池管理与均衡控制,C0667,电网频率控制,,,2
C0294,电池管理与均衡控制,C0683,电池火灾抑制与灭火,,,4
C0294,电池管理与均衡控制,C0684,电池热失控与传播,,,32
C0294,电池管理与均衡控制,C0699,电池模组与电池包装配结构,,,5
C0294,电池管理与均衡控制,C0748,储能系统集成与安全装置,,,2
C0295,光学薄膜与发光表征,C0537,其他材料光催化污染物降解,,,2
C0295,光学薄膜与发光表征,C0583,碳化硅陶瓷结构材料,,,1
C0295,光学薄膜与发光表征,C0590,非钙钛矿多结太阳能电池,,,2
C0295,光学薄膜与发光表征,C0715,锂电磷酸盐正极材料,,,1
C0295,光学薄膜与发光表征,C0723,光伏光热联合系统,,,1
C0295,光学薄膜与发光表征,,,Q.EDITORIAL,封面、索引、勘误等非研究正文,2
C0296,供水管网水力状态与节能调度,C0129,生物质与污泥厌氧消化产气,,,1
C0296,供水管网水力状态与节能调度,C0487,电池冷却与散热,,,1
C0296,供水管网水力状态与节能调度,C0499,电磁能量采集,,,1
C0296,供水管网水力状态与节能调度,C0500,压电能量采集,,,1
C0296,供水管网水力状态与节能调度,C0515,膜法海水淡化,,,50
C0296,供水管网水力状态与节能调度,C0516,分离膜污染与清洗,,,1
C0296,供水管网水力状态与节能调度,C0517,配电网需求响应与柔性调度,,,1
C0296,供水管网水力状态与节能调度,C0536,燃料电池水管理,,,5
C0296,供水管网水力状态与节能调度,C0544,厌氧污水处理反应器,,,1
C0296,供水管网水力状态与节能调度,C0552,微电网能量管理与经济调度,,,1
C0296,供水管网水力状态与节能调度,C0559,大气集水与雾水采集,,,4
C0296,供水管网水力状态与节能调度,C0564,波浪能转换装置,,,2
C0296,供水管网水力状态与节能调度,C0576,碱性水电解制氢,,,5
C0296,供水管网水力状态与节能调度,C0577,质子交换膜水电解制氢,,,4
C0296,供水管网水力状态与节能调度,C0578,光伏电池与组件模型参数辨识,,,2
C0296,供水管网水力状态与节能调度,C0581,微电网下垂控制与功率分配,,,1
C0296,供水管网水力状态与节能调度,C0644,沼气提纯与生物甲烷升级,,,1
C0296,供水管网水力状态与节能调度,C0651,地源热泵与地埋换热器,,,1
C0296,供水管网水力状态与节能调度,C0662,吸收式制冷循环,,,1
C0296,供水管网水力状态与节能调度,C0665,换热器结构与传热强化,,,1
C0296,供水管网水力状态与节能调度,C0686,电网灾害韧性与恢复,,,3
C0296,供水管网水力状态与节能调度,C0710,水电站运行调度,,,68
C0296,供水管网水力状态与节能调度,C0711,水轮机性能与设计,,,2
C0296,供水管网水力状态与节能调度,C0712,电力负荷预测,,,1
C0296,供水管网水力状态与节能调度,C0718,配电网规划与容量配置,,,1
C0296,供水管网水力状态与节能调度,C0733,灌溉水资源优化调度,,,16
C0296,供水管网水力状态与节能调度,C0747,网络入侵检测,,,1
C0297,废旧锂电池回收、分离与材料再生,C0487,电池冷却与散热,,,1
C0297,废旧锂电池回收、分离与材料再生,C0491,电池电极涂布与辊压,,,1
C0297,废旧锂电池回收、分离与材料再生,C0493,光催化制氢,,,1
C0297,废旧锂电池回收、分离与材料再生,C0498,生物能源生命周期与可持续性,,,1
C0297,废旧锂电池回收、分离与材料再生,C0501,钠电池电解液与界面,,,1
C0297,废旧锂电池回收、分离与材料再生,C0511,电池装配工装与制造设备,,,2
C0297,废旧锂电池回收、分离与材料再生,C0516,分离膜污染与清洗,,,1
C0297,废旧锂电池回收、分离与材料再生,C0518,电池电极粘结剂,,,22
C0297,废旧锂电池回收、分离与材料再生,C0519,电池隔膜制备与改性,,,31
C0297,废旧锂电池回收、分离与材料再生,C0521,固态聚合物锂电解质,,,1
C0297,废旧锂电池回收、分离与材料再生,C0555,锌空气电池,,,3
C0297,废旧锂电池回收、分离与材料再生,C0556,水系锌离子电池,,,14
C0297,废旧锂电池回收、分离与材料再生,C0569,餐厨垃圾或污泥厌氧消化,,,1
C0297,废旧锂电池回收、分离与材料再生,C0592,电池荷电状态估计,,,1
C0297,废旧锂电池回收、分离与材料再生,C0593,电池健康状态与寿命预测,,,1
C0297,废旧锂电池回收、分离与材料再生,C0598,锂资源提取与分离,,,519
C0297,废旧锂电池回收、分离与材料再生,C0602,摩擦纳米发电机,,,1
C0297,废旧锂电池回收、分离与材料再生,C0604,电池老化实验与循环寿命,,,20
C0297,废旧锂电池回收、分离与材料再生,C0605,电池阻抗表征,,,2
C0297,废旧锂电池回收、分离与材料再生,C0627,永磁材料与磁性设计,,,1
C0297,废旧锂电池回收、分离与材料再生,C0656,动力电池梯次利用,,,12
C0297,废旧锂电池回收、分离与材料再生,C0658,废旧电池材料直接再生,,,4
C0297,废旧锂电池回收、分离与材料再生,C0659,废旧电池拆解与物理分离,,,19
C0297,废旧锂电池回收、分离与材料再生,C0660,废旧电池湿法回收,,,94
C0297,废旧锂电池回收、分离与材料再生,C0662,吸收式制冷循环,,,2
C0297,废旧锂电池回收、分离与材料再生,C0671,二氧化碳固体吸附捕集,,,2
C0297,废旧锂电池回收、分离与材料再生,C0673,硫化物固态电解质,,,1
C0297,废旧锂电池回收、分离与材料再生,C0678,聚光太阳能热发电,,,1
C0297,废旧锂电池回收、分离与材料再生,C0683,电池火灾抑制与灭火,,,1
C0297,废旧锂电池回收、分离与材料再生,C0684,电池热失控与传播,,,8
C0297,废旧锂电池回收、分离与材料再生,C0694,稀土元素提取分离,,,1
C0297,废旧锂电池回收、分离与材料再生,C0696,镁铝钙多价离子电池,,,1
C0297,废旧锂电池回收、分离与材料再生,C0697,钾离子电池,,,6
C0297,废旧锂电池回收、分离与材料再生,C0714,层状及富镍锂电正极材料,,,111
C0297,废旧锂电池回收、分离与材料再生,C0715,锂电磷酸盐正极材料,,,410
C0297,废旧锂电池回收、分离与材料再生,C0724,电子废物回收,,,8
C0297,废旧锂电池回收、分离与材料再生,C0725,废塑料回收与转化,,,4
C0297,废旧锂电池回收、分离与材料再生,C0727,钠离子电池负极材料,,,13
C0297,废旧锂电池回收、分离与材料再生,C0728,钠离子电池正极材料,,,34
C0297,废旧锂电池回收、分离与材料再生,,,Q.EDITORIAL,封面、索引、勘误等非研究正文,5
C0298,场效应晶体管结构与建模,C0154,无线电能传输电路与系统,,,20
C0298,场效应晶体管结构与建模,C0387,有机发光二极管与发光材料,,,20
C0298,场效应晶体管结构与建模,C0412,质子交换膜燃料电池运行与建模,,,2
C0298,场效应晶体管结构与建模,C0420,碳化硅功率半导体器件,,,217
C0298,场效应晶体管结构与建模,C0496,集成电路与功率模块封装,,,2
C0298,场效应晶体管结构与建模,C0499,电磁能量采集,,,3
C0298,场效应晶体管结构与建模,C0500,压电能量采集,,,1
C0298,场效应晶体管结构与建模,C0512,无线充电器与装置,,,1
C0298,场效应晶体管结构与建模,C0533,氮化镓功率与结器件,,,1652
C0298,场效应晶体管结构与建模,C0590,非钙钛矿多结太阳能电池,,,2
C0298,场效应晶体管结构与建模,C0602,摩擦纳米发电机,,,1
C0298,场效应晶体管结构与建模,C0622,谐振与软开关变换器,,,3
C0298,场效应晶体管结构与建模,C0639,漏电与剩余电流保护,,,1
C0298,场效应晶体管结构与建模,C0647,电缆绝缘护套与导体结构,,,3
C0298,场效应晶体管结构与建模,C0661,温度传感与测量装置,,,8
C0298,场效应晶体管结构与建模,C0666,功率半导体器件,,,83
C0298,场效应晶体管结构与建模,C0746,功率因数校正电路与控制,,,2
C0298,场效应晶体管结构与建模,,,Q.EDITORIAL,封面、索引、勘误等非研究正文,1
C0299,温度测量监测与温控装置,C0060,超级电容器电极与器件,,,5
C0299,温度测量监测与温控装置,C0257,固体氧化物燃料电池,,,1
C0299,温度测量监测与温控装置,C0420,碳化硅功率半导体器件,,,1
C0299,温度测量监测与温控装置,C0435,智能电表物联网与用能监测,,,5
C0299,温度测量监测与温控装置,C0487,电池冷却与散热,,,8
C0299,温度测量监测与温控装置,C0500,压电能量采集,,,3
C0299,温度测量监测与温控装置,C0512,无线充电器与装置,,,1
C0299,温度测量监测与温控装置,C0533,氮化镓功率与结器件,,,2
C0299,温度测量监测与温控装置,C0542,光伏组件故障与缺陷检测,,,1
C0299,温度测量监测与温控装置,C0546,永磁电机磁路与结构设计,,,1
C0299,温度测量监测与温控装置,C0549,开关设备故障检测,,,3
C0299,温度测量监测与温控装置,C0550,变压器故障诊断,,,3
C0299,温度测量监测与温控装置,C0580,电机定子结构与制造,,,2
C0299,温度测量监测与温控装置,C0599,电气设备温度监测与控制,,,6
C0299,温度测量监测与温控装置,C0637,电流检测与测量电路,,,5
C0299,温度测量监测与温控装置,C0638,电压检测与测量电路,,,4
C0299,温度测量监测与温控装置,C0639,漏电与剩余电流保护,,,1
C0299,温度测量监测与温控装置,C0651,地源热泵与地埋换热器,,,3
C0299,温度测量监测与温控装置,C0661,温度传感与测量装置,,,359
C0299,温度测量监测与温控装置,C0665,换热器结构与传热强化,,,1
C0299,温度测量监测与温控装置,C0666,功率半导体器件,,,4
C0299,温度测量监测与温控装置,C0684,电池热失控与传播,,,13
C0299,温度测量监测与温控装置,C0701,电气设备风冷散热,,,1
C0299,温度测量监测与温控装置,C0702,电气设备液冷散热,,,1
C0299,温度测量监测与温控装置,C0723,光伏光热联合系统,,,1
C0299,温度测量监测与温控装置,C0746,功率因数校正电路与控制,,,1
C0299,温度测量监测与温控装置,,,Q.EDITORIAL,封面、索引、勘误等非研究正文,1
C0300,出版商模板干扰的多能源文本,C0060,超级电容器电极与器件,,,9
C0300,出版商模板干扰的多能源文本,C0154,无线电能传输电路与系统,,,7
C0300,出版商模板干扰的多能源文本,C0257,固体氧化物燃料电池,,,8
C0300,出版商模板干扰的多能源文本,C0386,感应电机运行控制与性能,,,12
C0300,出版商模板干扰的多能源文本,C0408,配电网重构与优化运行,,,1
C0300,出版商模板干扰的多能源文本,C0412,质子交换膜燃料电池运行与建模,,,2
C0300,出版商模板干扰的多能源文本,C0420,碳化硅功率半导体器件,,,10
C0300,出版商模板干扰的多能源文本,C0472,多电平逆变器拓扑与调制,,,8
C0300,出版商模板干扰的多能源文本,C0490,风能资源评估与选址,,,1
C0300,出版商模板干扰的多能源文本,C0504,电动汽车充电并网影响,,,1
C0300,出版商模板干扰的多能源文本,C0505,石油产业投资与经营,,,1
C0300,出版商模板干扰的多能源文本,C0509,太阳能热水与供热装置,,,1
C0300,出版商模板干扰的多能源文本,C0512,无线充电器与装置,,,1
C0300,出版商模板干扰的多能源文本,C0533,氮化镓功率与结器件,,,7
C0300,出版商模板干扰的多能源文本,C0538,智能电网通信架构,,,1
C0300,出版商模板干扰的多能源文本,C0539,配电网谐波与电能质量治理,,,3
C0300,出版商模板干扰的多能源文本,C0542,光伏组件故障与缺陷检测,,,3
C0300,出版商模板干扰的多能源文本,C0548,输配电线路故障检测与定位,,,2
C0300,出版商模板干扰的多能源文本,C0550,变压器故障诊断,,,4
C0300,出版商模板干扰的多能源文本,C0552,微电网能量管理与经济调度,,,1
C0300,出版商模板干扰的多能源文本,C0563,电力线载波通信,,,2
C0300,出版商模板干扰的多能源文本,C0571,光伏电池与组件制造工艺,,,1
C0300,出版商模板干扰的多能源文本,C0574,电力市场机制与制度设计,,,1
C0300,出版商模板干扰的多能源文本,C0589,输电线路雷击与防雷,,,4
C0300,出版商模板干扰的多能源文本,C0590,非钙钛矿多结太阳能电池,,,1
C0300,出版商模板干扰的多能源文本,C0592,电池荷电状态估计,,,1
C0300,出版商模板干扰的多能源文本,C0611,电气安全与触电风险,,,10
C0300,出版商模板干扰的多能源文本,C0615,电气绝缘局部放电,,,3
C0300,出版商模板干扰的多能源文本,C0622,谐振与软开关变换器,,,4
C0300,出版商模板干扰的多能源文本,C0623,氢能供应链与基础设施规划,,,1
C0300,出版商模板干扰的多能源文本,C0625,光伏技术经济与投资,,,2
C0300,出版商模板干扰的多能源文本,C0627,永磁材料与磁性设计,,,1
C0300,出版商模板干扰的多能源文本,C0631,电动汽车充电站选址规划,,,1
C0300,出版商模板干扰的多能源文本,C0633,区域供热供冷系统,,,1
C0300,出版商模板干扰的多能源文本,C0638,电压检测与测量电路,,,2
C0300,出版商模板干扰的多能源文本,C0647,电缆绝缘护套与导体结构,,,1
C0300,出版商模板干扰的多能源文本,C0651,地源热泵与地埋换热器,,,1
C0300,出版商模板干扰的多能源文本,C0654,能源电力教学实验平台,,,31
C0300,出版商模板干扰的多能源文本,C0662,吸收式制冷循环,,,2
C0300,出版商模板干扰的多能源文本,C0664,LED照明灯具与配光,,,1
C0300,出版商模板干扰的多能源文本,C0665,换热器结构与传热强化,,,1
C0300,出版商模板干扰的多能源文本,C0671,二氧化碳固体吸附捕集,,,2
C0300,出版商模板干扰的多能源文本,C0678,聚光太阳能热发电,,,1
C0300,出版商模板干扰的多能源文本,C0679,FPGA实时控制与硬件实现,,,1
C0300,出版商模板干扰的多能源文本,C0683,电池火灾抑制与灭火,,,1
C0300,出版商模板干扰的多能源文本,C0700,永磁同步电机控制,,,1
C0300,出版商模板干扰的多能源文本,C0712,电力负荷预测,,,3
C0300,出版商模板干扰的多能源文本,C0713,电价预测,,,1
C0300,出版商模板干扰的多能源文本,C0718,配电网规划与容量配置,,,1
C0300,出版商模板干扰的多能源文本,C0723,光伏光热联合系统,,,4
C0300,出版商模板干扰的多能源文本,C0737,电力系统电压稳定,,,4
C0300,出版商模板干扰的多能源文本,C0741,电网状态估计与相量测量,,,1
C0300,出版商模板干扰的多能源文本,C0746,功率因数校正电路与控制,,,3
C0300,出版商模板干扰的多能源文本,,,Q.EDITORIAL,封面、索引、勘误等非研究正文,18
C0301,半导体离子注入与辐照缺陷,C0298,场效应晶体管结构与建模,,,2
C0301,半导体离子注入与辐照缺陷,C0530,钙钛矿电池界面、钝化与传输层,,,2
C0301,半导体离子注入与辐照缺陷,C0533,氮化镓功率与结器件,,,70
C0301,半导体离子注入与辐照缺陷,C0583,碳化硅陶瓷结构材料,,,1
C0301,半导体离子注入与辐照缺陷,C0647,电缆绝缘护套与导体结构,,,3
C0301,半导体离子注入与辐照缺陷,C0653,核聚变装置工程,,,4
C0301,半导体离子注入与辐照缺陷,C0709,核结构材料辐照损伤,,,6
C0301,半导体离子注入与辐照缺陷,C0714,层状及富镍锂电正极材料,,,1
C0301,半导体离子注入与辐照缺陷,,,Q.EDITORIAL,封面、索引、勘误等非研究正文,5
C0302,制冷循环与余热驱动制冷,C0060,超级电容器电极与器件,,,21
C0302,制冷循环与余热驱动制冷,C0063,生物质热解与炭化,,,2
C0302,制冷循环与余热驱动制冷,C0124,电力系统碳计量与低碳调度,,,1
C0302,制冷循环与余热驱动制冷,C0191,固态储氢材料与反应器,,,1
C0302,制冷循环与余热驱动制冷,C0257,固体氧化物燃料电池,,,76
C0302,制冷循环与余热驱动制冷,C0330,太阳能界面蒸发与海水淡化,,,2
C0302,制冷循环与余热驱动制冷,C0412,质子交换膜燃料电池运行与建模,,,19
C0302,制冷循环与余热驱动制冷,C0417,固体氧化物电解池与可逆电化学单元,,,2
C0302,制冷循环与余热驱动制冷,C0487,电池冷却与散热,,,290
C0302,制冷循环与余热驱动制冷,C0488,电池低温预热,,,4
C0302,制冷循环与余热驱动制冷,C0500,压电能量采集,,,2
C0302,制冷循环与余热驱动制冷,C0515,膜法海水淡化,,,16
C0302,制冷循环与余热驱动制冷,C0524,储能运行调度与收益,,,8
C0302,制冷循环与余热驱动制冷,C0525,储能容量配置与选址,,,7
C0302,制冷循环与余热驱动制冷,C0535,燃料电池供气与空压控制,,,4
C0302,制冷循环与余热驱动制冷,C0543,加氢站与氢气加注,,,1
C0302,制冷循环与余热驱动制冷,C0551,燃气轮机热力性能,,,66
C0302,制冷循环与余热驱动制冷,C0552,微电网能量管理与经济调度,,,3
C0302,制冷循环与余热驱动制冷,C0560,二氧化碳水合物形成与分离,,,2
C0302,制冷循环与余热驱动制冷,C0561,蒸汽压缩制冷循环,,,142
C0302,制冷循环与余热驱动制冷,C0562,制冷工质及其热物性,,,1
C0302,制冷循环与余热驱动制冷,C0564,波浪能转换装置,,,4
C0302,制冷循环与余热驱动制冷,C0565,二氧化碳干重整制合成气,,,1
C0302,制冷循环与余热驱动制冷,C0566,蒸汽重整制氢与合成气,,,1
C0302,制冷循环与余热驱动制冷,C0572,碳排放交易机制,,,3
C0302,制冷循环与余热驱动制冷,C0600,直接空气捕碳,,,4
C0302,制冷循环与余热驱动制冷,C0602,摩擦纳米发电机,,,1
C0302,制冷循环与余热驱动制冷,C0607,地热供热与发电利用,,,8
C0302,制冷循环与余热驱动制冷,C0613,电力系统可靠性评估,,,1
C0302,制冷循环与余热驱动制冷,C0629,超临界二氧化碳布雷顿循环,,,54
C0302,制冷循环与余热驱动制冷,C0630,有机朗肯循环发电,,,398
C0302,制冷循环与余热驱动制冷,C0633,区域供热供冷系统,,,21
C0302,制冷循环与余热驱动制冷,C0635,综合能源系统规划配置,,,1
C0302,制冷循环与余热驱动制冷,C0636,综合能源系统优化调度,,,11
C0302,制冷循环与余热驱动制冷,C0644,沼气提纯与生物甲烷升级,,,4
C0302,制冷循环与余热驱动制冷,C0647,电缆绝缘护套与导体结构,,,1
C0302,制冷循环与余热驱动制冷,C0650,空气源热泵,,,29
C0302,制冷循环与余热驱动制冷,C0651,地源热泵与地埋换热器,,,24
C0302,制冷循环与余热驱动制冷,C0653,核聚变装置工程,,,1
C0302,制冷循环与余热驱动制冷,C0662,吸收式制冷循环,,,342
C0302,制冷循环与余热驱动制冷,C0663,吸附式制冷循环,,,76
C0302,制冷循环与余热驱动制冷,C0665,换热器结构与传热强化,,,6
C0302,制冷循环与余热驱动制冷,C0671,二氧化碳固体吸附捕集,,,7
C0302,制冷循环与余热驱动制冷,C0678,聚光太阳能热发电,,,3
C0302,制冷循环与余热驱动制冷,C0680,生物质气化制合成气,,,35
C0302,制冷循环与余热驱动制冷,C0682,生物质水热液化,,,2
C0302,制冷循环与余热驱动制冷,C0684,电池热失控与传播,,,16
C0302,制冷循环与余热驱动制冷,C0723,光伏光热联合系统,,,4
C0302,制冷循环与余热驱动制冷,C0725,废塑料回收与转化,,,3
C0302,制冷循环与余热驱动制冷,C0729,建筑暖通空调能耗,,,1
C0302,制冷循环与余热驱动制冷,C0744,潜热储热系统,,,32
C0302,制冷循环与余热驱动制冷,C0745,热化学储热系统,,,3
C0302,制冷循环与余热驱动制冷,C0748,储能系统集成与安全装置,,,7
C0302,制冷循环与余热驱动制冷,,,Q.EDITORIAL,封面、索引、勘误等非研究正文,1
C0303,照明灯具与光学部件,C0060,超级电容器电极与器件,,,1
C0303,照明灯具与光学部件,C0355,染料敏化太阳能电池材料与器件,,,3
C0303,照明灯具与光学部件,C0387,有机发光二极管与发光材料,,,5
C0303,照明灯具与光学部件,C0472,多电平逆变器拓扑与调制,,,1
C0303,照明灯具与光学部件,C0500,压电能量采集,,,2
C0303,照明灯具与光学部件,C0512,无线充电器与装置,,,1
C0303,照明灯具与光学部件,C0532,钙钛矿叠层太阳能电池,,,1
C0303,照明灯具与光学部件,C0533,氮化镓功率与结器件,,,1
C0303,照明灯具与光学部件,C0539,配电网谐波与电能质量治理,,,1
C0303,照明灯具与光学部件,C0542,光伏组件故障与缺陷检测,,,1
C0303,照明灯具与光学部件,C0564,波浪能转换装置,,,1
C0303,照明灯具与光学部件,C0571,光伏电池与组件制造工艺,,,10
C0303,照明灯具与光学部件,C0602,摩擦纳米发电机,,,1
C0303,照明灯具与光学部件,C0611,电气安全与触电风险,,,1
C0303,照明灯具与光学部件,C0615,电气绝缘局部放电,,,2
C0303,照明灯具与光学部件,C0622,谐振与软开关变换器,,,3
C0303,照明灯具与光学部件,C0637,电流检测与测量电路,,,3
C0303,照明灯具与光学部件,C0638,电压检测与测量电路,,,1
C0303,照明灯具与光学部件,C0639,漏电与剩余电流保护,,,1
C0303,照明灯具与光学部件,C0661,温度传感与测量装置,,,2
C0303,照明灯具与光学部件,C0664,LED照明灯具与配光,,,141
C0303,照明灯具与光学部件,C0723,光伏光热联合系统,,,9
C0303,照明灯具与光学部件,C0746,功率因数校正电路与控制,,,4
C0303,照明灯具与光学部件,,,Q.EDITORIAL,封面、索引、勘误等非研究正文,2
C0304,二氧化钛纳米结构制备与基础应用,C0491,电池电极涂布与辊压,,,1
C0304,二氧化钛纳米结构制备与基础应用,C0493,光催化制氢,,,25
C0304,二氧化钛纳米结构制备与基础应用,C0501,钠电池电解液与界面,,,10
C0304,二氧化钛纳米结构制备与基础应用,C0510,光催化二氧化碳还原,,,5
C0304,二氧化钛纳米结构制备与基础应用,C0516,分离膜污染与清洗,,,5
C0304,二氧化钛纳米结构制备与基础应用,C0520,凝胶聚合物锂电解质,,,2
C0304,二氧化钛纳米结构制备与基础应用,C0521,固态聚合物锂电解质,,,1
C0304,二氧化钛纳米结构制备与基础应用,C0530,钙钛矿电池界面、钝化与传输层,,,57
C0304,二氧化钛纳米结构制备与基础应用,C0537,其他材料光催化污染物降解,,,74
C0304,二氧化钛纳米结构制备与基础应用,C0556,水系锌离子电池,,,4
C0304,二氧化钛纳米结构制备与基础应用,C0557,TiO₂光催化污染物降解,,,467
C0304,二氧化钛纳米结构制备与基础应用,C0560,二氧化碳水合物形成与分离,,,1
C0304,二氧化钛纳米结构制备与基础应用,C0565,二氧化碳干重整制合成气,,,1
C0304,二氧化钛纳米结构制备与基础应用,C0567,石墨烯结构复合材料,,,1
C0304,二氧化钛纳米结构制备与基础应用,C0576,碱性水电解制氢,,,1
C0304,二氧化钛纳米结构制备与基础应用,C0577,质子交换膜水电解制氢,,,11
C0304,二氧化钛纳米结构制备与基础应用,C0583,碳化硅陶瓷结构材料,,,6
C0304,二氧化钛纳米结构制备与基础应用,C0584,聚合物有机太阳能电池,,,1
C0304,二氧化钛纳米结构制备与基础应用,C0602,摩擦纳米发电机,,,14
C0304,二氧化钛纳米结构制备与基础应用,C0634,二氧化碳催化加氢与甲烷化,,,7
C0304,二氧化钛纳米结构制备与基础应用,C0671,二氧化碳固体吸附捕集,,,17
C0304,二氧化钛纳米结构制备与基础应用,C0687,染料敏化电池对电极,,,6
C0304,二氧化钛纳米结构制备与基础应用,C0688,染料敏化电池光阳极,,,10
C0304,二氧化钛纳米结构制备与基础应用,C0689,染料敏化电池敏化剂,,,3
C0304,二氧化钛纳米结构制备与基础应用,C0693,活性炭制备与孔结构,,,3
C0304,二氧化钛纳米结构制备与基础应用,C0695,铀钍提取与分离,,,5
C0304,二氧化钛纳米结构制备与基础应用,C0714,层状及富镍锂电正极材料,,,7
C0304,二氧化钛纳米结构制备与基础应用,C0715,锂电磷酸盐正极材料,,,3
C0304,二氧化钛纳米结构制备与基础应用,C0727,钠离子电池负极材料,,,28
C0304,二氧化钛纳米结构制备与基础应用,C0728,钠离子电池正极材料,,,19
C0304,二氧化钛纳米结构制备与基础应用,C0739,水污染物吸附去除,,,2
C0304,二氧化钛纳米结构制备与基础应用,C0740,水污染物电化学氧化,,,1
C0304,二氧化钛纳米结构制备与基础应用,C0742,氮气电还原制氨,,,4
C0304,二氧化钛纳米结构制备与基础应用,C0743,硝酸盐电还原制氨,,,4
C0304,二氧化钛纳米结构制备与基础应用,C0744,潜热储热系统,,,4
C0304,二氧化钛纳米结构制备与基础应用,,,Q.EDITORIAL,封面、索引、勘误等非研究正文,17
C0305,电气设备防护监测及杂项装置,C0060,超级电容器电极与器件,,,2
C0305,电气设备防护监测及杂项装置,C0435,智能电表物联网与用能监测,,,7
C0305,电气设备防护监测及杂项装置,C0512,无线充电器与装置,,,2
C0305,电气设备防护监测及杂项装置,C0542,光伏组件故障与缺陷检测,,,2
C0305,电气设备防护监测及杂项装置,C0548,输配电线路故障检测与定位,,,3
C0305,电气设备防护监测及杂项装置,C0549,开关设备故障检测,,,2
C0305,电气设备防护监测及杂项装置,C0550,变压器故障诊断,,,5
C0305,电气设备防护监测及杂项装置,C0573,电连接器与接线端子,,,1
C0305,电气设备防护监测及杂项装置,C0588,电网接地与地网安全,,,1
C0305,电气设备防护监测及杂项装置,C0589,输电线路雷击与防雷,,,2
C0305,电气设备防护监测及杂项装置,C0611,电气安全与触电风险,,,9
C0305,电气设备防护监测及杂项装置,C0615,电气绝缘局部放电,,,2
C0305,电气设备防护监测及杂项装置,C0637,电流检测与测量电路,,,13
C0305,电气设备防护监测及杂项装置,C0638,电压检测与测量电路,,,4
C0305,电气设备防护监测及杂项装置,C0639,漏电与剩余电流保护,,,27
C0305,电气设备防护监测及杂项装置,C0643,电力设施覆冰与除冰,,,1
C0305,电气设备防护监测及杂项装置,C0647,电缆绝缘护套与导体结构,,,4
C0305,电气设备防护监测及杂项装置,C0700,永磁同步电机控制,,,1
C0305,电气设备防护监测及杂项装置,C0726,风机状态监测与预测性维护,,,1
C0306,电能质量谐波检测与信号分析,C0298,场效应晶体管结构与建模,,,5
C0306,电能质量谐波检测与信号分析,C0500,压电能量采集,,,1
C0306,电能质量谐波检测与信号分析,C0512,无线充电器与装置,,,1
C0306,电能质量谐波检测与信号分析,C0533,氮化镓功率与结器件,,,15
C0306,电能质量谐波检测与信号分析,C0539,配电网谐波与电能质量治理,,,259
C0306,电能质量谐波检测与信号分析,C0540,配电网电压无功优化,,,1
C0306,电能质量谐波检测与信号分析,C0548,输配电线路故障检测与定位,,,5
C0306,电能质量谐波检测与信号分析,C0549,开关设备故障检测,,,2
C0306,电能质量谐波检测与信号分析,C0550,变压器故障诊断,,,52
C0306,电能质量谐波检测与信号分析,C0563,电力线载波通信,,,14
C0306,电能质量谐波检测与信号分析,C0564,波浪能转换装置,,,155
C0306,电能质量谐波检测与信号分析,C0581,微电网下垂控制与功率分配,,,1
C0306,电能质量谐波检测与信号分析,C0589,输电线路雷击与防雷,,,9
C0306,电能质量谐波检测与信号分析,C0591,电池等效电路与参数辨识,,,1
C0306,电能质量谐波检测与信号分析,C0605,电池阻抗表征,,,1
C0306,电能质量谐波检测与信号分析,C0608,隔离型DC-DC变换器,,,1
C0306,电能质量谐波检测与信号分析,C0615,电气绝缘局部放电,,,15
C0306,电能质量谐波检测与信号分析,C0622,谐振与软开关变换器,,,63
C0306,电能质量谐波检测与信号分析,C0645,电机驱动PWM与谐波控制,,,20
C0306,电能质量谐波检测与信号分析,C0646,电机转矩脉动抑制,,,1
C0306,电能质量谐波检测与信号分析,C0664,LED照明灯具与配光,,,5
C0306,电能质量谐波检测与信号分析,C0667,电网频率控制,,,11
C0306,电能质量谐波检测与信号分析,C0679,FPGA实时控制与硬件实现,,,1
C0306,电能质量谐波检测与信号分析,C0700,永磁同步电机控制,,,5
C0306,电能质量谐波检测与信号分析,C0736,电力系统暂态稳定,,,1
C0306,电能质量谐波检测与信号分析,C0741,电网状态估计与相量测量,,,23
C0306,电能质量谐波检测与信号分析,C0746,功率因数校正电路与控制,,,57
C0307,对流換热与换热器热工分析,C0063,生物质热解与炭化,,,7
C0307,对流換热与换热器热工分析,C0191,固态储氢材料与反应器,,,1
C0307,对流換热与换热器热工分析,C0257,固体氧化物燃料电池,,,4
C0307,对流換热与换热器热工分析,C0387,有机发光二极管与发光材料,,,1
C0307,对流換热与换热器热工分析,C0412,质子交换膜燃料电池运行与建模,,,10
C0307,对流換热与换热器热工分析,C0473,二氧化碳地质封存与驱油,,,1
C0307,对流換热与换热器热工分析,C0487,电池冷却与散热,,,3
C0307,对流換热与换热器热工分析,C0509,太阳能热水与供热装置,,,8
C0307,对流換热与换热器热工分析,C0513,天然气水合物生成与分解,,,1
C0307,对流換热与换热器热工分析,C0515,膜法海水淡化,,,1
C0307,对流換热与换热器热工分析,C0533,氮化镓功率与结器件,,,1
C0307,对流換热与换热器热工分析,C0547,建筑冷却与被动降温,,,1
C0307,对流換热与换热器热工分析,C0551,燃气轮机热力性能,,,3
C0307,对流換热与换热器热工分析,C0562,制冷工质及其热物性,,,1
C0307,对流換热与换热器热工分析,C0596,聚变加热与中性束注入,,,8
C0307,对流換热与换热器热工分析,C0606,地热资源勘探与储层建模,,,9
C0307,对流換热与换热器热工分析,C0607,地热供热与发电利用,,,1
C0307,对流換热与换热器热工分析,C0614,电晕放电与电晕损耗,,,1
C0307,对流換热与换热器热工分析,C0629,超临界二氧化碳布雷顿循环,,,4
C0307,对流換热与换热器热工分析,C0630,有机朗肯循环发电,,,2
C0307,对流換热与换热器热工分析,C0633,区域供热供冷系统,,,5
C0307,对流換热与换热器热工分析,C0650,空气源热泵,,,2
C0307,对流換热与换热器热工分析,C0651,地源热泵与地埋换热器,,,704
C0307,对流換热与换热器热工分析,C0653,核聚变装置工程,,,3
C0307,对流換热与换热器热工分析,C0661,温度传感与测量装置,,,1
C0307,对流換热与换热器热工分析,C0662,吸收式制冷循环,,,7
C0307,对流換热与换热器热工分析,C0663,吸附式制冷循环,,,2
C0307,对流換热与换热器热工分析,C0665,换热器结构与传热强化,,,382
C0307,对流換热与换热器热工分析,C0671,二氧化碳固体吸附捕集,,,1
C0307,对流換热与换热器热工分析,C0677,太阳能集热器传热设计,,,10
C0307,对流換热与换热器热工分析,C0678,聚光太阳能热发电,,,2
C0307,对流換热与换热器热工分析,C0684,电池热失控与传播,,,1
C0307,对流換热与换热器热工分析,C0704,汽轮机运行与热力性能,,,1
C0307,对流換热与换热器热工分析,C0723,光伏光热联合系统,,,5
C0307,对流換热与换热器热工分析,C0744,潜热储热系统,,,146
C0307,对流換热与换热器热工分析,,,Q.EDITORIAL,封面、索引、勘误等非研究正文,1
C0308,变电站自动化与电网监控,C0060,超级电容器电极与器件,,,1
C0308,变电站自动化与电网监控,C0257,固体氧化物燃料电池,,,1
C0308,变电站自动化与电网监控,C0386,感应电机运行控制与性能,,,2
C0308,变电站自动化与电网监控,C0435,智能电表物联网与用能监测,,,1
C0308,变电站自动化与电网监控,C0538,智能电网通信架构,,,8
C0308,变电站自动化与电网监控,C0539,配电网谐波与电能质量治理,,,2
C0308,变电站自动化与电网监控,C0540,配电网电压无功优化,,,2
C0308,变电站自动化与电网监控,C0563,电力线载波通信,,,6
C0308,变电站自动化与电网监控,C0588,电网接地与地网安全,,,3
C0308,变电站自动化与电网监控,C0633,区域供热供冷系统,,,1
C0308,变电站自动化与电网监控,C0654,能源电力教学实验平台,,,3
C0308,变电站自动化与电网监控,C0667,电网频率控制,,,2
C0308,变电站自动化与电网监控,C0679,FPGA实时控制与硬件实现,,,1
C0308,变电站自动化与电网监控,C0710,水电站运行调度,,,6
C0308,变电站自动化与电网监控,C0718,配电网规划与容量配置,,,5
C0308,变电站自动化与电网监控,C0722,变电站巡检机器人,,,1
C0308,变电站自动化与电网监控,C0747,网络入侵检测,,,1
C0308,变电站自动化与电网监控,C0748,储能系统集成与安全装置,,,5
C0308,变电站自动化与电网监控,,,Q.EDITORIAL,封面、索引、勘误等非研究正文,6
C0308,变电站自动化与电网监控,,,Q.INSUFFICIENT,题名摘要不足，待补全,1
C0309,电动车辆及充电系统装置,C0060,超级电容器电极与器件,,,9
C0309,电动车辆及充电系统装置,C0154,无线电能传输电路与系统,,,4
C0309,电动车辆及充电系统装置,C0386,感应电机运行控制与性能,,,6
C0309,电动车辆及充电系统装置,C0435,智能电表物联网与用能监测,,,1
C0309,电动车辆及充电系统装置,C0487,电池冷却与散热,,,4
C0309,电动车辆及充电系统装置,C0496,集成电路与功率模块封装,,,1
C0309,电动车辆及充电系统装置,C0511,电池装配工装与制造设备,,,1
C0309,电动车辆及充电系统装置,C0512,无线充电器与装置,,,35
C0309,电动车辆及充电系统装置,C0545,电动汽车有序充放电调度,,,4
C0309,电动车辆及充电系统装置,C0582,微电网孤岛切换与动态控制,,,1
C0309,电动车辆及充电系统装置,C0592,电池荷电状态估计,,,1
C0309,电动车辆及充电系统装置,C0605,电池阻抗表征,,,1
C0309,电动车辆及充电系统装置,C0622,谐振与软开关变换器,,,1
C0309,电动车辆及充电系统装置,C0656,动力电池梯次利用,,,1
C0309,电动车辆及充电系统装置,C0657,电池单体均衡控制,,,1
C0309,电动车辆及充电系统装置,C0683,电池火灾抑制与灭火,,,3
C0309,电动车辆及充电系统装置,C0684,电池热失控与传播,,,3
C0309,电动车辆及充电系统装置,C0746,功率因数校正电路与控制,,,7
C0310,复合氧化物合成与电化学性质,C0060,超级电容器电极与器件,,,13
C0310,复合氧化物合成与电化学性质,C0122,热电材料与热电性能优化,,,5
C0310,复合氧化物合成与电化学性质,C0155,电解水析氧催化,,,4
C0310,复合氧化物合成与电化学性质,C0191,固态储氢材料与反应器,,,37
C0310,复合氧化物合成与电化学性质,C0254,电催化析氢与界面调控,,,8
C0310,复合氧化物合成与电化学性质,C0257,固体氧化物燃料电池,,,639
C0310,复合氧化物合成与电化学性质,C0259,锂硫电池正极与多硫化物调控,,,7
C0310,复合氧化物合成与电化学性质,C0358,非贵金属氧还原电催化材料,,,1
C0310,复合氧化物合成与电化学性质,C0387,有机发光二极管与发光材料,,,1
C0310,复合氧化物合成与电化学性质,C0417,固体氧化物电解池与可逆电化学单元,,,3
C0310,复合氧化物合成与电化学性质,C0420,碳化硅功率半导体器件,,,1
C0310,复合氧化物合成与电化学性质,C0493,光催化制氢,,,6
C0310,复合氧化物合成与电化学性质,C0501,钠电池电解液与界面,,,2
C0310,复合氧化物合成与电化学性质,C0530,钙钛矿电池界面、钝化与传输层,,,1
C0310,复合氧化物合成与电化学性质,C0537,其他材料光催化污染物降解,,,3
C0310,复合氧化物合成与电化学性质,C0560,二氧化碳水合物形成与分离,,,1
C0310,复合氧化物合成与电化学性质,C0566,蒸汽重整制氢与合成气,,,1
C0310,复合氧化物合成与电化学性质,C0576,碱性水电解制氢,,,1
C0310,复合氧化物合成与电化学性质,C0577,质子交换膜水电解制氢,,,2
C0310,复合氧化物合成与电化学性质,C0603,ZnO光催化污染物降解,,,1
C0310,复合氧化物合成与电化学性质,C0634,二氧化碳催化加氢与甲烷化,,,1
C0310,复合氧化物合成与电化学性质,C0670,二氧化碳溶剂吸收捕集,,,1
C0310,复合氧化物合成与电化学性质,C0671,二氧化碳固体吸附捕集,,,7
C0310,复合氧化物合成与电化学性质,C0673,硫化物固态电解质,,,13
C0310,复合氧化物合成与电化学性质,C0693,活性炭制备与孔结构,,,3
C0310,复合氧化物合成与电化学性质,C0695,铀钍提取与分离,,,1
C0310,复合氧化物合成与电化学性质,C0697,钾离子电池,,,1
C0310,复合氧化物合成与电化学性质,C0714,层状及富镍锂电正极材料,,,21
C0310,复合氧化物合成与电化学性质,C0715,锂电磷酸盐正极材料,,,69
C0310,复合氧化物合成与电化学性质,C0727,钠离子电池负极材料,,,5
C0310,复合氧化物合成与电化学性质,C0728,钠离子电池正极材料,,,27
C0310,复合氧化物合成与电化学性质,C0739,水污染物吸附去除,,,3
C0310,复合氧化物合成与电化学性质,C0744,潜热储热系统,,,3
C0310,复合氧化物合成与电化学性质,C0745,热化学储热系统,,,11
C0310,复合氧化物合成与电化学性质,,,Q.EDITORIAL,封面、索引、勘误等非研究正文,2
C0311,变换器与电机变压器保护混合,C0060,超级电容器电极与器件,,,11
C0311,变换器与电机变压器保护混合,C0154,无线电能传输电路与系统,,,30
C0311,变换器与电机变压器保护混合,C0298,场效应晶体管结构与建模,,,1
C0311,变换器与电机变压器保护混合,C0386,感应电机运行控制与性能,,,41
C0311,变换器与电机变压器保护混合,C0387,有机发光二极管与发光材料,,,2
C0311,变换器与电机变压器保护混合,C0420,碳化硅功率半导体器件,,,18
C0311,变换器与电机变压器保护混合,C0472,多电平逆变器拓扑与调制,,,205
C0311,变换器与电机变压器保护混合,C0496,集成电路与功率模块封装,,,3
C0311,变换器与电机变压器保护混合,C0499,电磁能量采集,,,10
C0311,变换器与电机变压器保护混合,C0500,压电能量采集,,,14
C0311,变换器与电机变压器保护混合,C0512,无线充电器与装置,,,23
C0311,变换器与电机变压器保护混合,C0533,氮化镓功率与结器件,,,156
C0311,变换器与电机变压器保护混合,C0539,配电网谐波与电能质量治理,,,14
C0311,变换器与电机变压器保护混合,C0540,配电网电压无功优化,,,1
C0311,变换器与电机变压器保护混合,C0563,电力线载波通信,,,2
C0311,变换器与电机变压器保护混合,C0564,波浪能转换装置,,,15
C0311,变换器与电机变压器保护混合,C0591,电池等效电路与参数辨识,,,1
C0311,变换器与电机变压器保护混合,C0595,电网短路电流计算,,,1
C0311,变换器与电机变压器保护混合,C0602,摩擦纳米发电机,,,12
C0311,变换器与电机变压器保护混合,C0608,隔离型DC-DC变换器,,,4
C0311,变换器与电机变压器保护混合,C0609,非隔离DC-DC变换器,,,1
C0311,变换器与电机变压器保护混合,C0615,电气绝缘局部放电,,,2
C0311,变换器与电机变压器保护混合,C0622,谐振与软开关变换器,,,284
C0311,变换器与电机变压器保护混合,C0637,电流检测与测量电路,,,7
C0311,变换器与电机变压器保护混合,C0638,电压检测与测量电路,,,14
C0311,变换器与电机变压器保护混合,C0639,漏电与剩余电流保护,,,1
C0311,变换器与电机变压器保护混合,C0645,电机驱动PWM与谐波控制,,,19
C0311,变换器与电机变压器保护混合,C0647,电缆绝缘护套与导体结构,,,2
C0311,变换器与电机变压器保护混合,C0653,核聚变装置工程,,,1
C0311,变换器与电机变压器保护混合,C0657,电池单体均衡控制,,,2
C0311,变换器与电机变压器保护混合,C0664,LED照明灯具与配光,,,45
C0311,变换器与电机变压器保护混合,C0666,功率半导体器件,,,81
C0311,变换器与电机变压器保护混合,C0700,永磁同步电机控制,,,5
C0311,变换器与电机变压器保护混合,C0746,功率因数校正电路与控制,,,176
C0311,变换器与电机变压器保护混合,C0748,储能系统集成与安全装置,,,1
C0311,变换器与电机变压器保护混合,C0749,电机绕组与线圈制造,,,1
C0311,变换器与电机变压器保护混合,,,Q.EDITORIAL,封面、索引、勘误等非研究正文,2
C0312,书目碎片封面与其他非研究文本,,,Q.EDITORIAL,封面、索引、勘误等非研究正文,40
C0312,书目碎片封面与其他非研究文本,,,Q.INSUFFICIENT,题名摘要不足，待补全,2605
C0313,电力系统频率控制及通用控制方法,C0060,超级电容器电极与器件,,,18
C0313,电力系统频率控制及通用控制方法,C0154,无线电能传输电路与系统,,,4
C0313,电力系统频率控制及通用控制方法,C0257,固体氧化物燃料电池,,,2
C0313,电力系统频率控制及通用控制方法,C0386,感应电机运行控制与性能,,,72
C0313,电力系统频率控制及通用控制方法,C0412,质子交换膜燃料电池运行与建模,,,1
C0313,电力系统频率控制及通用控制方法,C0472,多电平逆变器拓扑与调制,,,28
C0313,电力系统频率控制及通用控制方法,C0499,电磁能量采集,,,4
C0313,电力系统频率控制及通用控制方法,C0500,压电能量采集,,,7
C0313,电力系统频率控制及通用控制方法,C0512,无线充电器与装置,,,4
C0313,电力系统频率控制及通用控制方法,C0535,燃料电池供气与空压控制,,,3
C0313,电力系统频率控制及通用控制方法,C0539,配电网谐波与电能质量治理,,,10
C0313,电力系统频率控制及通用控制方法,C0540,配电网电压无功优化,,,1
C0313,电力系统频率控制及通用控制方法,C0551,燃气轮机热力性能,,,1
C0313,电力系统频率控制及通用控制方法,C0552,微电网能量管理与经济调度,,,8
C0313,电力系统频率控制及通用控制方法,C0564,波浪能转换装置,,,24
C0313,电力系统频率控制及通用控制方法,C0581,微电网下垂控制与功率分配,,,29
C0313,电力系统频率控制及通用控制方法,C0582,微电网孤岛切换与动态控制,,,60
C0313,电力系统频率控制及通用控制方法,C0633,区域供热供冷系统,,,2
C0313,电力系统频率控制及通用控制方法,C0636,综合能源系统优化调度,,,1
C0313,电力系统频率控制及通用控制方法,C0645,电机驱动PWM与谐波控制,,,6
C0313,电力系统频率控制及通用控制方法,C0667,电网频率控制,,,439
C0313,电力系统频率控制及通用控制方法,C0679,FPGA实时控制与硬件实现,,,2
C0313,电力系统频率控制及通用控制方法,C0685,智能电网网络攻击与安全,,,1
C0313,电力系统频率控制及通用控制方法,C0700,永磁同步电机控制,,,26
C0313,电力系统频率控制及通用控制方法,C0710,水电站运行调度,,,1
C0313,电力系统频率控制及通用控制方法,C0711,水轮机性能与设计,,,10
C0313,电力系统频率控制及通用控制方法,C0712,电力负荷预测,,,2
C0313,电力系统频率控制及通用控制方法,C0729,建筑暖通空调能耗,,,1
C0313,电力系统频率控制及通用控制方法,C0734,液压泵性能与控制,,,1
C0313,电力系统频率控制及通用控制方法,C0736,电力系统暂态稳定,,,55
C0313,电力系统频率控制及通用控制方法,C0737,电力系统电压稳定,,,14
C0313,电力系统频率控制及通用控制方法,C0746,功率因数校正电路与控制,,,14
C0314,多体系电催化剂与电池材料制备,C0060,超级电容器电极与器件,,,9
C0314,多体系电催化剂与电池材料制备,C0155,电解水析氧催化,,,2
C0314,多体系电催化剂与电池材料制备,C0191,固态储氢材料与反应器,,,25
C0314,多体系电催化剂与电池材料制备,C0226,过硫酸盐活化与高级氧化,,,1
C0314,多体系电催化剂与电池材料制备,C0254,电催化析氢与界面调控,,,5
C0314,多体系电催化剂与电池材料制备,C0257,固体氧化物燃料电池,,,9
C0314,多体系电催化剂与电池材料制备,C0259,锂硫电池正极与多硫化物调控,,,1
C0314,多体系电催化剂与电池材料制备,C0336,硅碳负极材料与制备,,,2
C0314,多体系电催化剂与电池材料制备,C0358,非贵金属氧还原电催化材料,,,2
C0314,多体系电催化剂与电池材料制备,C0493,光催化制氢,,,2
C0314,多体系电催化剂与电池材料制备,C0501,钠电池电解液与界面,,,4
C0314,多体系电催化剂与电池材料制备,C0520,凝胶聚合物锂电解质,,,1
C0314,多体系电催化剂与电池材料制备,C0530,钙钛矿电池界面、钝化与传输层,,,1
C0314,多体系电催化剂与电池材料制备,C0556,水系锌离子电池,,,8
C0314,多体系电催化剂与电池材料制备,C0566,蒸汽重整制氢与合成气,,,1
C0314,多体系电催化剂与电池材料制备,C0571,光伏电池与组件制造工艺,,,1
C0314,多体系电催化剂与电池材料制备,C0576,碱性水电解制氢,,,5
C0314,多体系电催化剂与电池材料制备,C0577,质子交换膜水电解制氢,,,1
C0314,多体系电催化剂与电池材料制备,C0598,锂资源提取与分离,,,1
C0314,多体系电催化剂与电池材料制备,C0634,二氧化碳催化加氢与甲烷化,,,1
C0314,多体系电催化剂与电池材料制备,C0648,锂电石墨负极,,,3
C0314,多体系电催化剂与电池材料制备,C0652,核裂变反应堆工程,,,1
C0314,多体系电催化剂与电池材料制备,C0680,生物质气化制合成气,,,1
C0314,多体系电催化剂与电池材料制备,C0683,电池火灾抑制与灭火,,,1
C0314,多体系电催化剂与电池材料制备,C0714,层状及富镍锂电正极材料,,,17
C0314,多体系电催化剂与电池材料制备,C0715,锂电磷酸盐正极材料,,,111
C0314,多体系电催化剂与电池材料制备,C0727,钠离子电池负极材料,,,5
C0314,多体系电催化剂与电池材料制备,C0728,钠离子电池正极材料,,,43
C0315,中国能源转型与区域低碳经济,C0060,超级电容器电极与器件,,,1
C0315,中国能源转型与区域低碳经济,C0124,电力系统碳计量与低碳调度,,,10
C0315,中国能源转型与区域低碳经济,C0246,虚拟电厂资源聚合与调度,,,1
C0315,中国能源转型与区域低碳经济,C0381,光伏发电功率预测方法与装置,,,1
C0315,中国能源转型与区域低碳经济,C0490,风能资源评估与选址,,,2
C0315,中国能源转型与区域低碳经济,C0502,潮汐与潮流能开发,,,5
C0315,中国能源转型与区域低碳经济,C0506,石油价格与市场经济,,,6
C0315,中国能源转型与区域低碳经济,C0509,太阳能热水与供热装置,,,2
C0315,中国能源转型与区域低碳经济,C0527,碳税与环境税费,,,88
C0315,中国能源转型与区域低碳经济,C0528,可再生能源补贴机制,,,11
C0315,中国能源转型与区域低碳经济,C0534,氢能技术经济与生命周期,,,3
C0315,中国能源转型与区域低碳经济,C0543,加氢站与氢气加注,,,1
C0315,中国能源转型与区域低碳经济,C0552,微电网能量管理与经济调度,,,1
C0315,中国能源转型与区域低碳经济,C0553,电动汽车推广与购买行为,,,2
C0315,中国能源转型与区域低碳经济,C0554,电动汽车整车能耗与续航,,,1
C0315,中国能源转型与区域低碳经济,C0564,波浪能转换装置,,,1
C0315,中国能源转型与区域低碳经济,C0572,碳排放交易机制,,,149
C0315,中国能源转型与区域低碳经济,C0574,电力市场机制与制度设计,,,37
C0315,中国能源转型与区域低碳经济,C0594,能源安全与转型战略,,,69
C0315,中国能源转型与区域低碳经济,C0607,地热供热与发电利用,,,2
C0315,中国能源转型与区域低碳经济,C0612,国际气候协定与治理,,,1
C0315,中国能源转型与区域低碳经济,C0621,工业能源审计与节能评估,,,4
C0315,中国能源转型与区域低碳经济,C0623,氢能供应链与基础设施规划,,,1
C0315,中国能源转型与区域低碳经济,C0625,光伏技术经济与投资,,,2
C0315,中国能源转型与区域低碳经济,C0626,屋顶与分布式光伏部署,,,2
C0315,中国能源转型与区域低碳经济,C0633,区域供热供冷系统,,,3
C0315,中国能源转型与区域低碳经济,C0635,综合能源系统规划配置,,,1
C0315,中国能源转型与区域低碳经济,C0642,绿色金融与能源投资,,,81
C0315,中国能源转型与区域低碳经济,C0650,空气源热泵,,,2
C0315,中国能源转型与区域低碳经济,C0651,地源热泵与地埋换热器,,,7
C0315,中国能源转型与区域低碳经济,C0654,能源电力教学实验平台,,,3
C0315,中国能源转型与区域低碳经济,C0668,中国区域低碳经济与碳效率,,,93
C0315,中国能源转型与区域低碳经济,C0678,聚光太阳能热发电,,,3
C0315,中国能源转型与区域低碳经济,C0680,生物质气化制合成气,,,2
C0315,中国能源转型与区域低碳经济,C0686,电网灾害韧性与恢复,,,1
C0315,中国能源转型与区域低碳经济,C0694,稀土元素提取分离,,,1
C0315,中国能源转型与区域低碳经济,C0710,水电站运行调度,,,4
C0315,中国能源转型与区域低碳经济,C0712,电力负荷预测,,,11
C0315,中国能源转型与区域低碳经济,C0718,配电网规划与容量配置,,,1
C0315,中国能源转型与区域低碳经济,C0719,气候变化适应与风险,,,4
C0315,中国能源转型与区域低碳经济,C0720,气候变化减缓政策,,,20
C0315,中国能源转型与区域低碳经济,C0750,能源贫困与能源可及性,,,41
C0315,中国能源转型与区域低碳经济,,,Q.EDITORIAL,封面、索引、勘误等非研究正文,1
C0316,多种燃料燃烧与排放评估,C0009,二氧化碳电还原催化,,,8
C0316,多种燃料燃烧与排放评估,C0063,生物质热解与炭化,,,4
C0316,多种燃料燃烧与排放评估,C0155,电解水析氧催化,,,1
C0316,多种燃料燃烧与排放评估,C0257,固体氧化物燃料电池,,,32
C0316,多种燃料燃烧与排放评估,C0498,生物能源生命周期与可持续性,,,45
C0316,多种燃料燃烧与排放评估,C0506,石油价格与市场经济,,,6
C0316,多种燃料燃烧与排放评估,C0509,太阳能热水与供热装置,,,1
C0316,多种燃料燃烧与排放评估,C0514,煤气化工艺与反应,,,15
C0316,多种燃料燃烧与排放评估,C0527,碳税与环境税费,,,11
C0316,多种燃料燃烧与排放评估,C0534,氢能技术经济与生命周期,,,20
C0316,多种燃料燃烧与排放评估,C0551,燃气轮机热力性能,,,11
C0316,多种燃料燃烧与排放评估,C0565,二氧化碳干重整制合成气,,,6
C0316,多种燃料燃烧与排放评估,C0566,蒸汽重整制氢与合成气,,,4
C0316,多种燃料燃烧与排放评估,C0569,餐厨垃圾或污泥厌氧消化,,,1
C0316,多种燃料燃烧与排放评估,C0572,碳排放交易机制,,,5
C0316,多种燃料燃烧与排放评估,C0594,能源安全与转型战略,,,1
C0316,多种燃料燃烧与排放评估,C0600,直接空气捕碳,,,6
C0316,多种燃料燃烧与排放评估,C0607,地热供热与发电利用,,,5
C0316,多种燃料燃烧与排放评估,C0621,工业能源审计与节能评估,,,2
C0316,多种燃料燃烧与排放评估,C0623,氢能供应链与基础设施规划,,,3
C0316,多种燃料燃烧与排放评估,C0630,有机朗肯循环发电,,,11
C0316,多种燃料燃烧与排放评估,C0633,区域供热供冷系统,,,6
C0316,多种燃料燃烧与排放评估,C0634,二氧化碳催化加氢与甲烷化,,,5
C0316,多种燃料燃烧与排放评估,C0636,综合能源系统优化调度,,,1
C0316,多种燃料燃烧与排放评估,C0642,绿色金融与能源投资,,,1
C0316,多种燃料燃烧与排放评估,C0644,沼气提纯与生物甲烷升级,,,5
C0316,多种燃料燃烧与排放评估,C0651,地源热泵与地埋换热器,,,1
C0316,多种燃料燃烧与排放评估,C0674,森林资源经营与碳汇,,,2
C0316,多种燃料燃烧与排放评估,C0680,生物质气化制合成气,,,68
C0316,多种燃料燃烧与排放评估,C0707,船舶燃料与能效,,,5
C0316,多种燃料燃烧与排放评估,C0713,电价预测,,,1
C0316,多种燃料燃烧与排放评估,C0716,柴油机燃烧与排放,,,3
C0316,多种燃料燃烧与排放评估,C0717,双燃料发动机,,,1
C0316,多种燃料燃烧与排放评估,C0720,气候变化减缓政策,,,12
C0316,多种燃料燃烧与排放评估,C0725,废塑料回收与转化,,,1
C0316,多种燃料燃烧与排放评估,C0738,木材加工与干燥,,,1
C0316,多种燃料燃烧与排放评估,C0750,能源贫困与能源可及性,,,2
C0316,多种燃料燃烧与排放评估,,,Q.EDITORIAL,封面、索引、勘误等非研究正文,1
C0317,溶剂萃取与化学分离,C0498,生物能源生命周期与可持续性,,,1
C0317,溶剂萃取与化学分离,C0513,天然气水合物生成与分解,,,2
C0317,溶剂萃取与化学分离,C0516,分离膜污染与清洗,,,11
C0317,溶剂萃取与化学分离,C0537,其他材料光催化污染物降解,,,2
C0317,溶剂萃取与化学分离,C0558,油水分离界面与膜材料,,,3
C0317,溶剂萃取与化学分离,C0560,二氧化碳水合物形成与分离,,,1
C0317,溶剂萃取与化学分离,C0598,锂资源提取与分离,,,35
C0317,溶剂萃取与化学分离,C0630,有机朗肯循环发电,,,2
C0317,溶剂萃取与化学分离,C0662,吸收式制冷循环,,,3
C0317,溶剂萃取与化学分离,C0663,吸附式制冷循环,,,1
C0317,溶剂萃取与化学分离,C0670,二氧化碳溶剂吸收捕集,,,89
C0317,溶剂萃取与化学分离,C0671,二氧化碳固体吸附捕集,,,9
C0317,溶剂萃取与化学分离,C0693,活性炭制备与孔结构,,,1
C0317,溶剂萃取与化学分离,C0694,稀土元素提取分离,,,39
C0317,溶剂萃取与化学分离,C0695,铀钍提取与分离,,,16
C0317,溶剂萃取与化学分离,C0725,废塑料回收与转化,,,2
C0317,溶剂萃取与化学分离,C0739,水污染物吸附去除,,,78
C0318,时钟同步与时延建模,C0435,智能电表物联网与用能监测,,,1
C0318,时钟同步与时延建模,C0517,配电网需求响应与柔性调度,,,2
C0318,时钟同步与时延建模,C0524,储能运行调度与收益,,,2
C0318,时钟同步与时延建模,C0538,智能电网通信架构,,,2
C0318,时钟同步与时延建模,C0539,配电网谐波与电能质量治理,,,1
C0318,时钟同步与时延建模,C0563,电力线载波通信,,,1
C0318,时钟同步与时延建模,C0564,波浪能转换装置,,,1
C0318,时钟同步与时延建模,C0582,微电网孤岛切换与动态控制,,,4
C0318,时钟同步与时延建模,C0622,谐振与软开关变换器,,,4
C0318,时钟同步与时延建模,C0636,综合能源系统优化调度,,,1
C0318,时钟同步与时延建模,C0667,电网频率控制,,,15
C0318,时钟同步与时延建模,C0679,FPGA实时控制与硬件实现,,,24
C0318,时钟同步与时延建模,C0686,电网灾害韧性与恢复,,,1
C0318,时钟同步与时延建模,C0700,永磁同步电机控制,,,7
C0318,时钟同步与时延建模,C0712,电力负荷预测,,,3
C0318,时钟同步与时延建模,C0713,电价预测,,,1
C0318,时钟同步与时延建模,C0736,电力系统暂态稳定,,,4
C0318,时钟同步与时延建模,C0741,电网状态估计与相量测量,,,1
C0318,时钟同步与时延建模,C0746,功率因数校正电路与控制,,,4
C0319,等离子体动力学与磁约束,C0257,固体氧化物燃料电池,,,1
C0319,等离子体动力学与磁约束,C0412,质子交换膜燃料电池运行与建模,,,1
C0319,等离子体动力学与磁约束,C0596,聚变加热与中性束注入,,,7
C0319,等离子体动力学与磁约束,C0614,电晕放电与电晕损耗,,,24
C0319,等离子体动力学与磁约束,C0653,核聚变装置工程,,,73
C0319,等离子体动力学与磁约束,C0669,磁约束等离子体MHD稳定性,,,18
C0319,等离子体动力学与磁约束,C0731,天体等离子体与磁重联,,,37
C0319,等离子体动力学与磁约束,,,Q.EDITORIAL,封面、索引、勘误等非研究正文,25
C0320,二氧化碳捕集材料与工艺,C0009,二氧化碳电还原催化,,,153
C0320,二氧化碳捕集材料与工艺,C0063,生物质热解与炭化,,,3
C0320,二氧化碳捕集材料与工艺,C0151,多孔碳吸附二氧化碳,,,250
C0320,二氧化碳捕集材料与工艺,C0257,固体氧化物燃料电池,,,8
C0320,二氧化碳捕集材料与工艺,C0330,太阳能界面蒸发与海水淡化,,,1
C0320,二氧化碳捕集材料与工艺,C0412,质子交换膜燃料电池运行与建模,,,1
C0320,二氧化碳捕集材料与工艺,C0417,固体氧化物电解池与可逆电化学单元,,,1
C0320,二氧化碳捕集材料与工艺,C0473,二氧化碳地质封存与驱油,,,9
C0320,二氧化碳捕集材料与工艺,C0498,生物能源生命周期与可持续性,,,3
C0320,二氧化碳捕集材料与工艺,C0510,光催化二氧化碳还原,,,6
C0320,二氧化碳捕集材料与工艺,C0514,煤气化工艺与反应,,,8
C0320,二氧化碳捕集材料与工艺,C0515,膜法海水淡化,,,1
C0320,二氧化碳捕集材料与工艺,C0534,氢能技术经济与生命周期,,,5
C0320,二氧化碳捕集材料与工艺,C0551,燃气轮机热力性能,,,1
C0320,二氧化碳捕集材料与工艺,C0560,二氧化碳水合物形成与分离,,,73
C0320,二氧化碳捕集材料与工艺,C0561,蒸汽压缩制冷循环,,,2
C0320,二氧化碳捕集材料与工艺,C0565,二氧化碳干重整制合成气,,,31
C0320,二氧化碳捕集材料与工艺,C0569,餐厨垃圾或污泥厌氧消化,,,1
C0320,二氧化碳捕集材料与工艺,C0600,直接空气捕碳,,,252
C0320,二氧化碳捕集材料与工艺,C0629,超临界二氧化碳布雷顿循环,,,46
C0320,二氧化碳捕集材料与工艺,C0630,有机朗肯循环发电,,,4
C0320,二氧化碳捕集材料与工艺,C0634,二氧化碳催化加氢与甲烷化,,,54
C0320,二氧化碳捕集材料与工艺,C0636,综合能源系统优化调度,,,1
C0320,二氧化碳捕集材料与工艺,C0644,沼气提纯与生物甲烷升级,,,6
C0320,二氧化碳捕集材料与工艺,C0651,地源热泵与地埋换热器,,,1
C0320,二氧化碳捕集材料与工艺,C0662,吸收式制冷循环,,,2
C0320,二氧化碳捕集材料与工艺,C0663,吸附式制冷循环,,,2
C0320,二氧化碳捕集材料与工艺,C0665,换热器结构与传热强化,,,1
C0320,二氧化碳捕集材料与工艺,C0670,二氧化碳溶剂吸收捕集,,,143
C0320,二氧化碳捕集材料与工艺,C0671,二氧化碳固体吸附捕集,,,749
C0320,二氧化碳捕集材料与工艺,C0678,聚光太阳能热发电,,,1
C0320,二氧化碳捕集材料与工艺,C0680,生物质气化制合成气,,,20
C0320,二氧化碳捕集材料与工艺,C0693,活性炭制备与孔结构,,,31
C0320,二氧化碳捕集材料与工艺,C0725,废塑料回收与转化,,,2
C0320,二氧化碳捕集材料与工艺,C0748,储能系统集成与安全装置,,,2
C0320,二氧化碳捕集材料与工艺,,,Q.EDITORIAL,封面、索引、勘误等非研究正文,10
C0321,海上风电平台与波浪能装置,C0060,超级电容器电极与器件,,,1
C0321,海上风电平台与波浪能装置,C0154,无线电能传输电路与系统,,,18
C0321,海上风电平台与波浪能装置,C0489,海上风电开发与技术经济,,,3
C0321,海上风电平台与波浪能装置,C0490,风能资源评估与选址,,,2
C0321,海上风电平台与波浪能装置,C0499,电磁能量采集,,,3
C0321,海上风电平台与波浪能装置,C0500,压电能量采集,,,5
C0321,海上风电平台与波浪能装置,C0502,潮汐与潮流能开发,,,63
C0321,海上风电平台与波浪能装置,C0512,无线充电器与装置,,,3
C0321,海上风电平台与波浪能装置,C0515,膜法海水淡化,,,2
C0321,海上风电平台与波浪能装置,C0564,波浪能转换装置,,,400
C0321,海上风电平台与波浪能装置,C0580,电机定子结构与制造,,,1
C0321,海上风电平台与波浪能装置,C0581,微电网下垂控制与功率分配,,,1
C0321,海上风电平台与波浪能装置,C0582,微电网孤岛切换与动态控制,,,1
C0321,海上风电平台与波浪能装置,C0602,摩擦纳米发电机,,,7
C0321,海上风电平台与波浪能装置,C0672,漂浮式海上风电平台,,,191
C0321,海上风电平台与波浪能装置,C0686,电网灾害韧性与恢复,,,2
C0321,海上风电平台与波浪能装置,C0707,船舶燃料与能效,,,1
C0321,海上风电平台与波浪能装置,C0711,水轮机性能与设计,,,2
C0322,硫化物固态电解质与锂硫材料混合,C0060,超级电容器电极与器件,,,3
C0322,硫化物固态电解质与锂硫材料混合,C0155,电解水析氧催化,,,1
C0322,硫化物固态电解质与锂硫材料混合,C0254,电催化析氢与界面调控,,,1
C0322,硫化物固态电解质与锂硫材料混合,C0257,固体氧化物燃料电池,,,5
C0322,硫化物固态电解质与锂硫材料混合,C0259,锂硫电池正极与多硫化物调控,,,272
C0322,硫化物固态电解质与锂硫材料混合,C0336,硅碳负极材料与制备,,,2
C0322,硫化物固态电解质与锂硫材料混合,C0441,二次电池电解液添加剂与配方,,,2
C0322,硫化物固态电解质与锂硫材料混合,C0501,钠电池电解液与界面,,,1
C0322,硫化物固态电解质与锂硫材料混合,C0518,电池电极粘结剂,,,2
C0322,硫化物固态电解质与锂硫材料混合,C0521,固态聚合物锂电解质,,,1
C0322,硫化物固态电解质与锂硫材料混合,C0616,锂金属负极界面稳定与枝晶抑制,,,1
C0322,硫化物固态电解质与锂硫材料混合,C0673,硫化物固态电解质,,,307
C0322,硫化物固态电解质与锂硫材料混合,C0683,电池火灾抑制与灭火,,,1
C0322,硫化物固态电解质与锂硫材料混合,C0684,电池热失控与传播,,,1
C0322,硫化物固态电解质与锂硫材料混合,C0715,锂电磷酸盐正极材料,,,3
C0322,硫化物固态电解质与锂硫材料混合,C0727,钠离子电池负极材料,,,8
C0322,硫化物固态电解质与锂硫材料混合,C0728,钠离子电池正极材料,,,7
C0322,硫化物固态电解质与锂硫材料混合,,,Q.EDITORIAL,封面、索引、勘误等非研究正文,5
C0323,林业经营与森林资源利用,C0498,生物能源生命周期与可持续性,,,23
C0323,林业经营与森林资源利用,C0527,碳税与环境税费,,,1
C0323,林业经营与森林资源利用,C0572,碳排放交易机制,,,1
C0323,林业经营与森林资源利用,C0632,电动汽车路径与补能规划,,,1
C0323,林业经营与森林资源利用,C0674,森林资源经营与碳汇,,,1118
C0323,林业经营与森林资源利用,C0719,气候变化适应与风险,,,9
C0323,林业经营与森林资源利用,C0720,气候变化减缓政策,,,22
C0323,林业经营与森林资源利用,C0738,木材加工与干燥,,,14
C0323,林业经营与森林资源利用,,,Q.EDITORIAL,封面、索引、勘误等非研究正文,4
C0324,多体系纳米结构与复合材料,C0298,场效应晶体管结构与建模,,,2
C0324,多体系纳米结构与复合材料,C0493,光催化制氢,,,3
C0324,多体系纳米结构与复合材料,C0521,固态聚合物锂电解质,,,1
C0324,多体系纳米结构与复合材料,C0530,钙钛矿电池界面、钝化与传输层,,,4
C0324,多体系纳米结构与复合材料,C0537,其他材料光催化污染物降解,,,11
C0324,多体系纳米结构与复合材料,C0583,碳化硅陶瓷结构材料,,,3
C0324,多体系纳米结构与复合材料,C0586,小分子有机太阳能电池,,,1
C0324,多体系纳米结构与复合材料,C0603,ZnO光催化污染物降解,,,1
C0324,多体系纳米结构与复合材料,C0616,锂金属负极界面稳定与枝晶抑制,,,1
C0324,多体系纳米结构与复合材料,C0628,软磁材料与磁损耗,,,1
C0324,多体系纳米结构与复合材料,C0648,锂电石墨负极,,,1
C0324,多体系纳米结构与复合材料,C0670,二氧化碳溶剂吸收捕集,,,1
C0324,多体系纳米结构与复合材料,C0671,二氧化碳固体吸附捕集,,,3
C0324,多体系纳米结构与复合材料,C0715,锂电磷酸盐正极材料,,,7
C0324,多体系纳米结构与复合材料,C0727,钠离子电池负极材料,,,2
C0324,多体系纳米结构与复合材料,C0728,钠离子电池正极材料,,,1
C0324,多体系纳米结构与复合材料,,,Q.EDITORIAL,封面、索引、勘误等非研究正文,24
C0325,锅炉气化与工业余热回收装置,C0063,生物质热解与炭化,,,1
C0325,锅炉气化与工业余热回收装置,C0257,固体氧化物燃料电池,,,8
C0325,锅炉气化与工业余热回收装置,C0336,硅碳负极材料与制备,,,1
C0325,锅炉气化与工业余热回收装置,C0551,燃气轮机热力性能,,,9
C0325,锅炉气化与工业余热回收装置,C0566,蒸汽重整制氢与合成气,,,1
C0325,锅炉气化与工业余热回收装置,C0600,直接空气捕碳,,,2
C0325,锅炉气化与工业余热回收装置,C0606,地热资源勘探与储层建模,,,1
C0325,锅炉气化与工业余热回收装置,C0607,地热供热与发电利用,,,2
C0325,锅炉气化与工业余热回收装置,C0630,有机朗肯循环发电,,,4
C0325,锅炉气化与工业余热回收装置,C0650,空气源热泵,,,9
C0325,锅炉气化与工业余热回收装置,C0651,地源热泵与地埋换热器,,,1
C0325,锅炉气化与工业余热回收装置,C0662,吸收式制冷循环,,,1
C0325,锅炉气化与工业余热回收装置,C0663,吸附式制冷循环,,,1
C0325,锅炉气化与工业余热回收装置,C0665,换热器结构与传热强化,,,1
C0325,锅炉气化与工业余热回收装置,C0671,二氧化碳固体吸附捕集,,,1
C0325,锅炉气化与工业余热回收装置,C0680,生物质气化制合成气,,,41
C0325,锅炉气化与工业余热回收装置,C0683,电池火灾抑制与灭火,,,3
C0325,锅炉气化与工业余热回收装置,C0704,汽轮机运行与热力性能,,,2
C0325,锅炉气化与工业余热回收装置,C0715,锂电磷酸盐正极材料,,,1
C0325,锅炉气化与工业余热回收装置,C0744,潜热储热系统,,,4
C0326,心血管及其他临床医学研究,C0499,电磁能量采集,,,1
C0326,心血管及其他临床医学研究,C0500,压电能量采集,,,3
C0327,风速与风电出力预测,C0489,海上风电开发与技术经济,,,4
C0327,风速与风电出力预测,C0490,风能资源评估与选址,,,126
C0327,风速与风电出力预测,C0502,潮汐与潮流能开发,,,2
C0327,风速与风电出力预测,C0525,储能容量配置与选址,,,1
C0327,风速与风电出力预测,C0540,配电网电压无功优化,,,1
C0327,风速与风电出力预测,C0552,微电网能量管理与经济调度,,,3
C0327,风速与风电出力预测,C0564,波浪能转换装置,,,12
C0327,风速与风电出力预测,C0672,漂浮式海上风电平台,,,25
C0327,风速与风电出力预测,C0675,风电出力预测,,,2396
C0327,风速与风电出力预测,C0676,风速预测,,,2412
C0327,风速与风电出力预测,C0686,电网灾害韧性与恢复,,,1
C0327,风速与风电出力预测,C0712,电力负荷预测,,,25
C0327,风速与风电出力预测,C0713,电价预测,,,1
C0327,风速与风电出力预测,C0718,配电网规划与容量配置,,,2
C0327,风速与风电出力预测,C0726,风机状态监测与预测性维护,,,36
C0328,太阳能集热器与光热利用,C0060,超级电容器电极与器件,,,2
C0328,太阳能集热器与光热利用,C0063,生物质热解与炭化,,,3
C0328,太阳能集热器与光热利用,C0129,生物质与污泥厌氧消化产气,,,1
C0328,太阳能集热器与光热利用,C0233,半导体光电化学水分解,,,1
C0328,太阳能集热器与光热利用,C0330,太阳能界面蒸发与海水淡化,,,62
C0328,太阳能集热器与光热利用,C0509,太阳能热水与供热装置,,,1116
C0328,太阳能集热器与光热利用,C0515,膜法海水淡化,,,3
C0328,太阳能集热器与光热利用,C0541,光伏组件退化与寿命,,,5
C0328,太阳能集热器与光热利用,C0551,燃气轮机热力性能,,,3
C0328,太阳能集热器与光热利用,C0559,大气集水与雾水采集,,,2
C0328,太阳能集热器与光热利用,C0561,蒸汽压缩制冷循环,,,1
C0328,太阳能集热器与光热利用,C0571,光伏电池与组件制造工艺,,,8
C0328,太阳能集热器与光热利用,C0587,太阳辐照度预测估算,,,1
C0328,太阳能集热器与光热利用,C0590,非钙钛矿多结太阳能电池,,,2
C0328,太阳能集热器与光热利用,C0607,地热供热与发电利用,,,8
C0328,太阳能集热器与光热利用,C0624,农光互补与农光协同,,,1
C0328,太阳能集热器与光热利用,C0625,光伏技术经济与投资,,,1
C0328,太阳能集热器与光热利用,C0629,超临界二氧化碳布雷顿循环,,,4
C0328,太阳能集热器与光热利用,C0630,有机朗肯循环发电,,,44
C0328,太阳能集热器与光热利用,C0633,区域供热供冷系统,,,8
C0328,太阳能集热器与光热利用,C0650,空气源热泵,,,17
C0328,太阳能集热器与光热利用,C0651,地源热泵与地埋换热器,,,64
C0328,太阳能集热器与光热利用,C0661,温度传感与测量装置,,,1
C0328,太阳能集热器与光热利用,C0662,吸收式制冷循环,,,8
C0328,太阳能集热器与光热利用,C0663,吸附式制冷循环,,,2
C0328,太阳能集热器与光热利用,C0665,换热器结构与传热强化,,,2
C0328,太阳能集热器与光热利用,C0677,太阳能集热器传热设计,,,399
C0328,太阳能集热器与光热利用,C0678,聚光太阳能热发电,,,451
C0328,太阳能集热器与光热利用,C0680,生物质气化制合成气,,,1
C0328,太阳能集热器与光热利用,C0723,光伏光热联合系统,,,746
C0328,太阳能集热器与光热利用,C0725,废塑料回收与转化,,,1
C0328,太阳能集热器与光热利用,C0729,建筑暖通空调能耗,,,1
C0328,太阳能集热器与光热利用,C0744,潜热储热系统,,,112
C0328,太阳能集热器与光热利用,,,Q.EDITORIAL,封面、索引、勘误等非研究正文,5
C0329,电机驱动与机械传动装置,C0060,超级电容器电极与器件,,,3
C0329,电机驱动与机械传动装置,C0154,无线电能传输电路与系统,,,1
C0329,电机驱动与机械传动装置,C0386,感应电机运行控制与性能,,,6
C0329,电机驱动与机械传动装置,C0491,电池电极涂布与辊压,,,1
C0329,电机驱动与机械传动装置,C0499,电磁能量采集,,,1
C0329,电机驱动与机械传动装置,C0500,压电能量采集,,,3
C0329,电机驱动与机械传动装置,C0579,电机转子结构与制造,,,5
C0329,电机驱动与机械传动装置,C0580,电机定子结构与制造,,,4
C0329,电机驱动与机械传动装置,C0700,永磁同步电机控制,,,1
C0330,太阳能界面蒸发与海水淡化,C0493,光催化制氢,,,1
C0330,太阳能界面蒸发与海水淡化,C0498,生物能源生命周期与可持续性,,,1
C0330,太阳能界面蒸发与海水淡化,C0500,压电能量采集,,,1
C0330,太阳能界面蒸发与海水淡化,C0508,污泥脱水与调理,,,1
C0330,太阳能界面蒸发与海水淡化,C0509,太阳能热水与供热装置,,,105
C0330,太阳能界面蒸发与海水淡化,C0515,膜法海水淡化,,,323
C0330,太阳能界面蒸发与海水淡化,C0532,钙钛矿叠层太阳能电池,,,1
C0330,太阳能界面蒸发与海水淡化,C0537,其他材料光催化污染物降解,,,19
C0330,太阳能界面蒸发与海水淡化,C0544,厌氧污水处理反应器,,,2
C0330,太阳能界面蒸发与海水淡化,C0559,大气集水与雾水采集,,,42
C0330,太阳能界面蒸发与海水淡化,C0576,碱性水电解制氢,,,5
C0330,太阳能界面蒸发与海水淡化,C0584,聚合物有机太阳能电池,,,1
C0330,太阳能界面蒸发与海水淡化,C0590,非钙钛矿多结太阳能电池,,,4
C0330,太阳能界面蒸发与海水淡化,C0598,锂资源提取与分离,,,9
C0330,太阳能界面蒸发与海水淡化,C0602,摩擦纳米发电机,,,3
C0330,太阳能界面蒸发与海水淡化,C0630,有机朗肯循环发电,,,2
C0330,太阳能界面蒸发与海水淡化,C0662,吸收式制冷循环,,,6
C0330,太阳能界面蒸发与海水淡化,C0677,太阳能集热器传热设计,,,18
C0330,太阳能界面蒸发与海水淡化,C0678,聚光太阳能热发电,,,42
C0330,太阳能界面蒸发与海水淡化,C0680,生物质气化制合成气,,,2
C0330,太阳能界面蒸发与海水淡化,C0693,活性炭制备与孔结构,,,1
C0330,太阳能界面蒸发与海水淡化,C0695,铀钍提取与分离,,,1
C0330,太阳能界面蒸发与海水淡化,C0721,光伏清扫机器人,,,2
C0330,太阳能界面蒸发与海水淡化,C0723,光伏光热联合系统,,,25
C0330,太阳能界面蒸发与海水淡化,C0725,废塑料回收与转化,,,4
C0330,太阳能界面蒸发与海水淡化,C0733,灌溉水资源优化调度,,,3
C0330,太阳能界面蒸发与海水淡化,C0740,水污染物电化学氧化,,,1
C0330,太阳能界面蒸发与海水淡化,C0744,潜热储热系统,,,5
C0330,太阳能界面蒸发与海水淡化,C0745,热化学储热系统,,,1
C0330,太阳能界面蒸发与海水淡化,,,Q.EDITORIAL,封面、索引、勘误等非研究正文,5
C0330,太阳能界面蒸发与海水淡化,,,Q.INSUFFICIENT,题名摘要不足，待补全,1
C0331,能效标识与多类财税结算政策混合,C0621,工业能源审计与节能评估,,,2
C0332,可编程芯片与实时硬件实现,C0154,无线电能传输电路与系统,,,1
C0332,可编程芯片与实时硬件实现,C0298,场效应晶体管结构与建模,,,14
C0332,可编程芯片与实时硬件实现,C0386,感应电机运行控制与性能,,,10
C0332,可编程芯片与实时硬件实现,C0387,有机发光二极管与发光材料,,,3
C0332,可编程芯片与实时硬件实现,C0412,质子交换膜燃料电池运行与建模,,,1
C0332,可编程芯片与实时硬件实现,C0472,多电平逆变器拓扑与调制,,,10
C0332,可编程芯片与实时硬件实现,C0500,压电能量采集,,,1
C0332,可编程芯片与实时硬件实现,C0533,氮化镓功率与结器件,,,3
C0332,可编程芯片与实时硬件实现,C0539,配电网谐波与电能质量治理,,,1
C0332,可编程芯片与实时硬件实现,C0546,永磁电机磁路与结构设计,,,1
C0332,可编程芯片与实时硬件实现,C0563,电力线载波通信,,,9
C0332,可编程芯片与实时硬件实现,C0582,微电网孤岛切换与动态控制,,,1
C0332,可编程芯片与实时硬件实现,C0622,谐振与软开关变换器,,,3
C0332,可编程芯片与实时硬件实现,C0645,电机驱动PWM与谐波控制,,,17
C0332,可编程芯片与实时硬件实现,C0653,核聚变装置工程,,,2
C0332,可编程芯片与实时硬件实现,C0655,电力系统硬件在环仿真,,,4
C0332,可编程芯片与实时硬件实现,C0666,功率半导体器件,,,2
C0332,可编程芯片与实时硬件实现,C0679,FPGA实时控制与硬件实现,,,430
C0332,可编程芯片与实时硬件实现,C0686,电网灾害韧性与恢复,,,1
C0332,可编程芯片与实时硬件实现,C0700,永磁同步电机控制,,,7
C0332,可编程芯片与实时硬件实现,C0746,功率因数校正电路与控制,,,16
C0333,网格数值计算与跨领域仿真混合,C0060,超级电容器电极与器件,,,4
C0333,网格数值计算与跨领域仿真混合,C0298,场效应晶体管结构与建模,,,11
C0333,网格数值计算与跨领域仿真混合,C0387,有机发光二极管与发光材料,,,7
C0333,网格数值计算与跨领域仿真混合,C0412,质子交换膜燃料电池运行与建模,,,23
C0333,网格数值计算与跨领域仿真混合,C0472,多电平逆变器拓扑与调制,,,25
C0333,网格数值计算与跨领域仿真混合,C0500,压电能量采集,,,1
C0333,网格数值计算与跨领域仿真混合,C0533,氮化镓功率与结器件,,,5
C0333,网格数值计算与跨领域仿真混合,C0564,波浪能转换装置,,,12
C0333,网格数值计算与跨领域仿真混合,C0651,地源热泵与地埋换热器,,,1
C0333,网格数值计算与跨领域仿真混合,C0653,核聚变装置工程,,,5
C0333,网格数值计算与跨领域仿真混合,C0700,永磁同步电机控制,,,1
C0333,网格数值计算与跨领域仿真混合,C0746,功率因数校正电路与控制,,,4
C0334,钴基氧化物电催化与储能材料,C0009,二氧化碳电还原催化,,,22
C0334,钴基氧化物电催化与储能材料,C0060,超级电容器电极与器件,,,73
C0334,钴基氧化物电催化与储能材料,C0155,电解水析氧催化,,,384
C0334,钴基氧化物电催化与储能材料,C0191,固态储氢材料与反应器,,,4
C0334,钴基氧化物电催化与储能材料,C0226,过硫酸盐活化与高级氧化,,,17
C0334,钴基氧化物电催化与储能材料,C0233,半导体光电化学水分解,,,3
C0334,钴基氧化物电催化与储能材料,C0254,电催化析氢与界面调控,,,270
C0334,钴基氧化物电催化与储能材料,C0257,固体氧化物燃料电池,,,24
C0334,钴基氧化物电催化与储能材料,C0259,锂硫电池正极与多硫化物调控,,,15
C0334,钴基氧化物电催化与储能材料,C0278,整体电催化水分解,,,48
C0334,钴基氧化物电催化与储能材料,C0336,硅碳负极材料与制备,,,2
C0334,钴基氧化物电催化与储能材料,C0355,染料敏化太阳能电池材料与器件,,,4
C0334,钴基氧化物电催化与储能材料,C0358,非贵金属氧还原电催化材料,,,14
C0334,钴基氧化物电催化与储能材料,C0387,有机发光二极管与发光材料,,,1
C0334,钴基氧化物电催化与储能材料,C0417,固体氧化物电解池与可逆电化学单元,,,1
C0334,钴基氧化物电催化与储能材料,C0493,光催化制氢,,,40
C0334,钴基氧化物电催化与储能材料,C0501,钠电池电解液与界面,,,1
C0334,钴基氧化物电催化与储能材料,C0518,电池电极粘结剂,,,2
C0334,钴基氧化物电催化与储能材料,C0521,固态聚合物锂电解质,,,1
C0334,钴基氧化物电催化与储能材料,C0530,钙钛矿电池界面、钝化与传输层,,,2
C0334,钴基氧化物电催化与储能材料,C0537,其他材料光催化污染物降解,,,63
C0334,钴基氧化物电催化与储能材料,C0555,锌空气电池,,,2
C0334,钴基氧化物电催化与储能材料,C0556,水系锌离子电池,,,13
C0334,钴基氧化物电催化与储能材料,C0557,TiO₂光催化污染物降解,,,1
C0334,钴基氧化物电催化与储能材料,C0558,油水分离界面与膜材料,,,1
C0334,钴基氧化物电催化与储能材料,C0560,二氧化碳水合物形成与分离,,,2
C0334,钴基氧化物电催化与储能材料,C0576,碱性水电解制氢,,,23
C0334,钴基氧化物电催化与储能材料,C0577,质子交换膜水电解制氢,,,10
C0334,钴基氧化物电催化与储能材料,C0600,直接空气捕碳,,,1
C0334,钴基氧化物电催化与储能材料,C0602,摩擦纳米发电机,,,4
C0334,钴基氧化物电催化与储能材料,C0634,二氧化碳催化加氢与甲烷化,,,2
C0334,钴基氧化物电催化与储能材料,C0671,二氧化碳固体吸附捕集,,,30
C0334,钴基氧化物电催化与储能材料,C0714,层状及富镍锂电正极材料,,,10
C0334,钴基氧化物电催化与储能材料,C0715,锂电磷酸盐正极材料,,,38
C0334,钴基氧化物电催化与储能材料,C0727,钠离子电池负极材料,,,21
C0334,钴基氧化物电催化与储能材料,C0728,钠离子电池正极材料,,,22
C0334,钴基氧化物电催化与储能材料,C0739,水污染物吸附去除,,,1
C0334,钴基氧化物电催化与储能材料,C0742,氮气电还原制氨,,,1
C0334,钴基氧化物电催化与储能材料,C0743,硝酸盐电还原制氨,,,1
C0334,钴基氧化物电催化与储能材料,,,Q.EDITORIAL,封面、索引、勘误等非研究正文,17
C0335,供电连接与电源电路装置,C0154,无线电能传输电路与系统,,,3
C0335,供电连接与电源电路装置,C0435,智能电表物联网与用能监测,,,7
C0335,供电连接与电源电路装置,C0496,集成电路与功率模块封装,,,1
C0335,供电连接与电源电路装置,C0499,电磁能量采集,,,3
C0335,供电连接与电源电路装置,C0500,压电能量采集,,,1
C0335,供电连接与电源电路装置,C0512,无线充电器与装置,,,7
C0335,供电连接与电源电路装置,C0563,电力线载波通信,,,3
C0335,供电连接与电源电路装置,C0573,电连接器与接线端子,,,1
C0335,供电连接与电源电路装置,C0609,非隔离DC-DC变换器,,,1
C0335,供电连接与电源电路装置,C0622,谐振与软开关变换器,,,1
C0335,供电连接与电源电路装置,C0637,电流检测与测量电路,,,2
C0335,供电连接与电源电路装置,C0664,LED照明灯具与配光,,,3
C0335,供电连接与电源电路装置,C0666,功率半导体器件,,,4
C0335,供电连接与电源电路装置,C0746,功率因数校正电路与控制,,,4
C0336,硅碳负极材料与制备,C0532,钙钛矿叠层太阳能电池,,,7
C0336,硅碳负极材料与制备,C0541,光伏组件退化与寿命,,,1
C0336,硅碳负极材料与制备,C0583,碳化硅陶瓷结构材料,,,1
C0336,硅碳负极材料与制备,C0616,锂金属负极界面稳定与枝晶抑制,,,1
C0336,硅碳负极材料与制备,C0647,电缆绝缘护套与导体结构,,,1
C0336,硅碳负极材料与制备,C0648,锂电石墨负极,,,2
C0336,硅碳负极材料与制备,C0683,电池火灾抑制与灭火,,,1
C0336,硅碳负极材料与制备,,,Q.EDITORIAL,封面、索引、勘误等非研究正文,1
C0337,光伏跟踪与太阳能装置控制,C0060,超级电容器电极与器件,,,4
C0337,光伏跟踪与太阳能装置控制,C0355,染料敏化太阳能电池材料与器件,,,1
C0337,光伏跟踪与太阳能装置控制,C0435,智能电表物联网与用能监测,,,1
C0337,光伏跟踪与太阳能装置控制,C0472,多电平逆变器拓扑与调制,,,2
C0337,光伏跟踪与太阳能装置控制,C0509,太阳能热水与供热装置,,,8
C0337,光伏跟踪与太阳能装置控制,C0541,光伏组件退化与寿命,,,2
C0337,光伏跟踪与太阳能装置控制,C0542,光伏组件故障与缺陷检测,,,2
C0337,光伏跟踪与太阳能装置控制,C0571,光伏电池与组件制造工艺,,,15
C0337,光伏跟踪与太阳能装置控制,C0587,太阳辐照度预测估算,,,1
C0337,光伏跟踪与太阳能装置控制,C0590,非钙钛矿多结太阳能电池,,,2
C0337,光伏跟踪与太阳能装置控制,C0626,屋顶与分布式光伏部署,,,3
C0337,光伏跟踪与太阳能装置控制,C0654,能源电力教学实验平台,,,2
C0337,光伏跟踪与太阳能装置控制,C0664,LED照明灯具与配光,,,5
C0337,光伏跟踪与太阳能装置控制,C0677,太阳能集热器传热设计,,,26
C0337,光伏跟踪与太阳能装置控制,C0678,聚光太阳能热发电,,,23
C0337,光伏跟踪与太阳能装置控制,C0721,光伏清扫机器人,,,19
C0337,光伏跟踪与太阳能装置控制,C0723,光伏光热联合系统,,,5
C0338,相变储热材料与传热增强,C0487,电池冷却与散热,,,65
C0338,相变储热材料与传热增强,C0495,聚合物电气绝缘,,,2
C0338,相变储热材料与传热增强,C0509,太阳能热水与供热装置,,,3
C0338,相变储热材料与传热增强,C0515,膜法海水淡化,,,1
C0338,相变储热材料与传热增强,C0519,电池隔膜制备与改性,,,1
C0338,相变储热材料与传热增强,C0521,固态聚合物锂电解质,,,1
C0338,相变储热材料与传热增强,C0530,钙钛矿电池界面、钝化与传输层,,,1
C0338,相变储热材料与传热增强,C0532,钙钛矿叠层太阳能电池,,,1
C0338,相变储热材料与传热增强,C0541,光伏组件退化与寿命,,,2
C0338,相变储热材料与传热增强,C0547,建筑冷却与被动降温,,,2
C0338,相变储热材料与传热增强,C0567,石墨烯结构复合材料,,,1
C0338,相变储热材料与传热增强,C0583,碳化硅陶瓷结构材料,,,14
C0338,相变储热材料与传热增强,C0584,聚合物有机太阳能电池,,,2
C0338,相变储热材料与传热增强,C0585,有机光伏印刷与规模制造,,,1
C0338,相变储热材料与传热增强,C0630,有机朗肯循环发电,,,3
C0338,相变储热材料与传热增强,C0647,电缆绝缘护套与导体结构,,,3
C0338,相变储热材料与传热增强,C0648,锂电石墨负极,,,5
C0338,相变储热材料与传热增强,C0651,地源热泵与地埋换热器,,,1
C0338,相变储热材料与传热增强,C0653,核聚变装置工程,,,1
C0338,相变储热材料与传热增强,C0662,吸收式制冷循环,,,1
C0338,相变储热材料与传热增强,C0663,吸附式制冷循环,,,4
C0338,相变储热材料与传热增强,C0665,换热器结构与传热强化,,,14
C0338,相变储热材料与传热增强,C0671,二氧化碳固体吸附捕集,,,1
C0338,相变储热材料与传热增强,C0677,太阳能集热器传热设计,,,1
C0338,相变储热材料与传热增强,C0678,聚光太阳能热发电,,,3
C0338,相变储热材料与传热增强,C0684,电池热失控与传播,,,5
C0338,相变储热材料与传热增强,C0693,活性炭制备与孔结构,,,2
C0338,相变储热材料与传热增强,C0714,层状及富镍锂电正极材料,,,3
C0338,相变储热材料与传热增强,C0715,锂电磷酸盐正极材料,,,4
C0338,相变储热材料与传热增强,C0723,光伏光热联合系统,,,5
C0338,相变储热材料与传热增强,C0725,废塑料回收与转化,,,4
C0338,相变储热材料与传热增强,C0728,钠离子电池正极材料,,,1
C0338,相变储热材料与传热增强,C0744,潜热储热系统,,,1157
C0338,相变储热材料与传热增强,C0745,热化学储热系统,,,31
C0338,相变储热材料与传热增强,,,Q.EDITORIAL,封面、索引、勘误等非研究正文,7
C0339,关键矿产供给与采矿资源,C0594,能源安全与转型战略,,,1
C0339,关键矿产供给与采矿资源,C0598,锂资源提取与分离,,,11
C0339,关键矿产供给与采矿资源,C0606,地热资源勘探与储层建模,,,1
C0339,关键矿产供给与采矿资源,C0621,工业能源审计与节能评估,,,1
C0339,关键矿产供给与采矿资源,C0671,二氧化碳固体吸附捕集,,,1
C0339,关键矿产供给与采矿资源,C0694,稀土元素提取分离,,,19
C0339,关键矿产供给与采矿资源,C0719,气候变化适应与风险,,,1
C0339,关键矿产供给与采矿资源,C0724,电子废物回收,,,2
C0339,关键矿产供给与采矿资源,,,Q.EDITORIAL,封面、索引、勘误等非研究正文,1
C0340,甲醇电氧化与贵金属催化剂,C0493,光催化制氢,,,18
C0340,甲醇电氧化与贵金属催化剂,C0530,钙钛矿电池界面、钝化与传输层,,,2
C0340,甲醇电氧化与贵金属催化剂,C0537,其他材料光催化污染物降解,,,18
C0340,甲醇电氧化与贵金属催化剂,C0555,锌空气电池,,,1
C0340,甲醇电氧化与贵金属催化剂,C0584,聚合物有机太阳能电池,,,1
C0340,甲醇电氧化与贵金属催化剂,C0601,铜基热电材料,,,2
C0340,甲醇电氧化与贵金属催化剂,C0602,摩擦纳米发电机,,,2
C0340,甲醇电氧化与贵金属催化剂,C0616,锂金属负极界面稳定与枝晶抑制,,,2
C0340,甲醇电氧化与贵金属催化剂,C0634,二氧化碳催化加氢与甲烷化,,,4
C0340,甲醇电氧化与贵金属催化剂,C0671,二氧化碳固体吸附捕集,,,2
C0340,甲醇电氧化与贵金属催化剂,C0687,染料敏化电池对电极,,,2
C0340,甲醇电氧化与贵金属催化剂,C0695,铀钍提取与分离,,,1
C0340,甲醇电氧化与贵金属催化剂,C0714,层状及富镍锂电正极材料,,,7
C0340,甲醇电氧化与贵金属催化剂,C0727,钠离子电池负极材料,,,1
C0340,甲醇电氧化与贵金属催化剂,C0739,水污染物吸附去除,,,3
C0340,甲醇电氧化与贵金属催化剂,C0742,氮气电还原制氨,,,2
C0340,甲醇电氧化与贵金属催化剂,C0743,硝酸盐电还原制氨,,,1
C0340,甲醇电氧化与贵金属催化剂,,,Q.EDITORIAL,封面、索引、勘误等非研究正文,40
C0341,层状二维材料电子及声子性质,C0298,场效应晶体管结构与建模,,,8
C0341,层状二维材料电子及声子性质,C0501,钠电池电解液与界面,,,2
C0341,层状二维材料电子及声子性质,C0530,钙钛矿电池界面、钝化与传输层,,,3
C0341,层状二维材料电子及声子性质,C0533,氮化镓功率与结器件,,,1
C0341,层状二维材料电子及声子性质,C0583,碳化硅陶瓷结构材料,,,1
C0341,层状二维材料电子及声子性质,C0601,铜基热电材料,,,2
C0341,层状二维材料电子及声子性质,C0714,层状及富镍锂电正极材料,,,5
C0341,层状二维材料电子及声子性质,,,Q.EDITORIAL,封面、索引、勘误等非研究正文,11
C0342,生物质热解气化与水热转化,C0009,二氧化碳电还原催化,,,7
C0342,生物质热解气化与水热转化,C0063,生物质热解与炭化,,,1785
C0342,生物质热解气化与水热转化,C0129,生物质与污泥厌氧消化产气,,,20
C0342,生物质热解气化与水热转化,C0151,多孔碳吸附二氧化碳,,,46
C0342,生物质热解气化与水热转化,C0155,电解水析氧催化,,,1
C0342,生物质热解气化与水热转化,C0226,过硫酸盐活化与高级氧化,,,3
C0342,生物质热解气化与水热转化,C0254,电催化析氢与界面调控,,,1
C0342,生物质热解气化与水热转化,C0257,固体氧化物燃料电池,,,41
C0342,生物质热解气化与水热转化,C0259,锂硫电池正极与多硫化物调控,,,2
C0342,生物质热解气化与水热转化,C0330,太阳能界面蒸发与海水淡化,,,1
C0342,生物质热解气化与水热转化,C0481,微生物燃料电池与生物产电,,,59
C0342,生物质热解气化与水热转化,C0493,光催化制氢,,,2
C0342,生物质热解气化与水热转化,C0497,藻类生物燃料,,,6
C0342,生物质热解气化与水热转化,C0498,生物能源生命周期与可持续性,,,151
C0342,生物质热解气化与水热转化,C0510,光催化二氧化碳还原,,,2
C0342,生物质热解气化与水热转化,C0514,煤气化工艺与反应,,,3
C0342,生物质热解气化与水热转化,C0526,厌氧发酵生物制氢,,,69
C0342,生物质热解气化与水热转化,C0534,氢能技术经济与生命周期,,,24
C0342,生物质热解气化与水热转化,C0551,燃气轮机热力性能,,,1
C0342,生物质热解气化与水热转化,C0555,锌空气电池,,,2
C0342,生物质热解气化与水热转化,C0560,二氧化碳水合物形成与分离,,,2
C0342,生物质热解气化与水热转化,C0565,二氧化碳干重整制合成气,,,3
C0342,生物质热解气化与水热转化,C0566,蒸汽重整制氢与合成气,,,33
C0342,生物质热解气化与水热转化,C0570,畜禽粪便与农业残余厌氧消化,,,1
C0342,生物质热解气化与水热转化,C0576,碱性水电解制氢,,,1
C0342,生物质热解气化与水热转化,C0600,直接空气捕碳,,,2
C0342,生物质热解气化与水热转化,C0617,木质纤维素生物乙醇,,,3
C0342,生物质热解气化与水热转化,C0618,木质纤维素预处理,,,10
C0342,生物质热解气化与水热转化,C0619,生物炭土壤改良,,,14
C0342,生物质热解气化与水热转化,C0623,氢能供应链与基础设施规划,,,2
C0342,生物质热解气化与水热转化,C0630,有机朗肯循环发电,,,30
C0342,生物质热解气化与水热转化,C0634,二氧化碳催化加氢与甲烷化,,,4
C0342,生物质热解气化与水热转化,C0644,沼气提纯与生物甲烷升级,,,51
C0342,生物质热解气化与水热转化,C0662,吸收式制冷循环,,,2
C0342,生物质热解气化与水热转化,C0663,吸附式制冷循环,,,2
C0342,生物质热解气化与水热转化,C0670,二氧化碳溶剂吸收捕集,,,1
C0342,生物质热解气化与水热转化,C0671,二氧化碳固体吸附捕集,,,70
C0342,生物质热解气化与水热转化,C0680,生物质气化制合成气,,,1282
C0342,生物质热解气化与水热转化,C0681,生物质水热炭化,,,23
C0342,生物质热解气化与水热转化,C0682,生物质水热液化,,,65
C0342,生物质热解气化与水热转化,C0693,活性炭制备与孔结构,,,212
C0342,生物质热解气化与水热转化,C0695,铀钍提取与分离,,,1
C0342,生物质热解气化与水热转化,C0716,柴油机燃烧与排放,,,1
C0342,生物质热解气化与水热转化,C0725,废塑料回收与转化,,,58
C0342,生物质热解气化与水热转化,C0727,钠离子电池负极材料,,,2
C0342,生物质热解气化与水热转化,C0738,木材加工与干燥,,,3
C0342,生物质热解气化与水热转化,C0739,水污染物吸附去除,,,3
C0342,生物质热解气化与水热转化,C0744,潜热储热系统,,,6
C0343,锂电池热行为与安全机制,C0060,超级电容器电极与器件,,,2
C0343,锂电池热行为与安全机制,C0259,锂硫电池正极与多硫化物调控,,,195
C0343,锂电池热行为与安全机制,C0336,硅碳负极材料与制备,,,9
C0343,锂电池热行为与安全机制,C0441,二次电池电解液添加剂与配方,,,15
C0343,锂电池热行为与安全机制,C0481,微生物燃料电池与生物产电,,,1
C0343,锂电池热行为与安全机制,C0487,电池冷却与散热,,,1527
C0343,锂电池热行为与安全机制,C0488,电池低温预热,,,100
C0343,锂电池热行为与安全机制,C0501,钠电池电解液与界面,,,15
C0343,锂电池热行为与安全机制,C0518,电池电极粘结剂,,,61
C0343,锂电池热行为与安全机制,C0519,电池隔膜制备与改性,,,67
C0343,锂电池热行为与安全机制,C0520,凝胶聚合物锂电解质,,,2
C0343,锂电池热行为与安全机制,C0521,固态聚合物锂电解质,,,13
C0343,锂电池热行为与安全机制,C0555,锌空气电池,,,1
C0343,锂电池热行为与安全机制,C0556,水系锌离子电池,,,1
C0343,锂电池热行为与安全机制,C0591,电池等效电路与参数辨识,,,49
C0343,锂电池热行为与安全机制,C0592,电池荷电状态估计,,,354
C0343,锂电池热行为与安全机制,C0593,电池健康状态与寿命预测,,,92
C0343,锂电池热行为与安全机制,C0598,锂资源提取与分离,,,8
C0343,锂电池热行为与安全机制,C0604,电池老化实验与循环寿命,,,244
C0343,锂电池热行为与安全机制,C0605,电池阻抗表征,,,133
C0343,锂电池热行为与安全机制,C0616,锂金属负极界面稳定与枝晶抑制,,,42
C0343,锂电池热行为与安全机制,C0648,锂电石墨负极,,,1
C0343,锂电池热行为与安全机制,C0656,动力电池梯次利用,,,1
C0343,锂电池热行为与安全机制,C0657,电池单体均衡控制,,,58
C0343,锂电池热行为与安全机制,C0683,电池火灾抑制与灭火,,,50
C0343,锂电池热行为与安全机制,C0684,电池热失控与传播,,,1158
C0343,锂电池热行为与安全机制,C0699,电池模组与电池包装配结构,,,13
C0343,锂电池热行为与安全机制,C0714,层状及富镍锂电正极材料,,,37
C0343,锂电池热行为与安全机制,C0715,锂电磷酸盐正极材料,,,25
C0343,锂电池热行为与安全机制,C0727,钠离子电池负极材料,,,3
C0343,锂电池热行为与安全机制,C0728,钠离子电池正极材料,,,12
C0343,锂电池热行为与安全机制,C0745,热化学储热系统,,,3
C0343,锂电池热行为与安全机制,,,Q.EDITORIAL,封面、索引、勘误等非研究正文,16
C0344,电池热管理排气与壳体安全装置,C0257,固体氧化物燃料电池,,,15
C0344,电池热管理排气与壳体安全装置,C0487,电池冷却与散热,,,93
C0344,电池热管理排气与壳体安全装置,C0491,电池电极涂布与辊压,,,2
C0344,电池热管理排气与壳体安全装置,C0503,充电设施散热,,,2
C0344,电池热管理排气与壳体安全装置,C0511,电池装配工装与制造设备,,,19
C0344,电池热管理排气与壳体安全装置,C0519,电池隔膜制备与改性,,,6
C0344,电池热管理排气与壳体安全装置,C0571,光伏电池与组件制造工艺,,,2
C0344,电池热管理排气与壳体安全装置,C0641,电池盖板、端子与密封结构,,,77
C0344,电池热管理排气与壳体安全装置,C0656,动力电池梯次利用,,,1
C0344,电池热管理排气与壳体安全装置,C0659,废旧电池拆解与物理分离,,,1
C0344,电池热管理排气与壳体安全装置,C0683,电池火灾抑制与灭火,,,37
C0344,电池热管理排气与壳体安全装置,C0684,电池热失控与传播,,,9
C0344,电池热管理排气与壳体安全装置,C0699,电池模组与电池包装配结构,,,56
C0344,电池热管理排气与壳体安全装置,C0748,储能系统集成与安全装置,,,2
C0345,共轭高分子与光电复合材料,C0298,场效应晶体管结构与建模,,,1
C0345,共轭高分子与光电复合材料,C0493,光催化制氢,,,16
C0345,共轭高分子与光电复合材料,C0495,聚合物电气绝缘,,,1
C0345,共轭高分子与光电复合材料,C0510,光催化二氧化碳还原,,,1
C0345,共轭高分子与光电复合材料,C0520,凝胶聚合物锂电解质,,,4
C0345,共轭高分子与光电复合材料,C0521,固态聚合物锂电解质,,,2
C0345,共轭高分子与光电复合材料,C0529,钙钛矿吸收层结晶与成膜,,,1
C0345,共轭高分子与光电复合材料,C0530,钙钛矿电池界面、钝化与传输层,,,3
C0345,共轭高分子与光电复合材料,C0537,其他材料光催化污染物降解,,,35
C0345,共轭高分子与光电复合材料,C0557,TiO₂光催化污染物降解,,,2
C0345,共轭高分子与光电复合材料,C0584,聚合物有机太阳能电池,,,242
C0345,共轭高分子与光电复合材料,C0585,有机光伏印刷与规模制造,,,1
C0345,共轭高分子与光电复合材料,C0586,小分子有机太阳能电池,,,11
C0345,共轭高分子与光电复合材料,C0602,摩擦纳米发电机,,,6
C0345,共轭高分子与光电复合材料,C0687,染料敏化电池对电极,,,3
C0345,共轭高分子与光电复合材料,C0689,染料敏化电池敏化剂,,,9
C0345,共轭高分子与光电复合材料,C0714,层状及富镍锂电正极材料,,,1
C0345,共轭高分子与光电复合材料,C0739,水污染物吸附去除,,,2
C0345,共轭高分子与光电复合材料,,,Q.EDITORIAL,封面、索引、勘误等非研究正文,4
C0346,离子交换膜传输及电化学应用,C0009,二氧化碳电还原催化,,,11
C0346,离子交换膜传输及电化学应用,C0060,超级电容器电极与器件,,,16
C0346,离子交换膜传输及电化学应用,C0155,电解水析氧催化,,,5
C0346,离子交换膜传输及电化学应用,C0233,半导体光电化学水分解,,,6
C0346,离子交换膜传输及电化学应用,C0257,固体氧化物燃料电池,,,1
C0346,离子交换膜传输及电化学应用,C0266,燃料电池质子交换膜,,,2
C0346,离子交换膜传输及电化学应用,C0278,整体电催化水分解,,,6
C0346,离子交换膜传输及电化学应用,C0358,非贵金属氧还原电催化材料,,,1
C0346,离子交换膜传输及电化学应用,C0412,质子交换膜燃料电池运行与建模,,,20
C0346,离子交换膜传输及电化学应用,C0417,固体氧化物电解池与可逆电化学单元,,,21
C0346,离子交换膜传输及电化学应用,C0481,微生物燃料电池与生物产电,,,1
C0346,离子交换膜传输及电化学应用,C0501,钠电池电解液与界面,,,8
C0346,离子交换膜传输及电化学应用,C0515,膜法海水淡化,,,14
C0346,离子交换膜传输及电化学应用,C0516,分离膜污染与清洗,,,50
C0346,离子交换膜传输及电化学应用,C0519,电池隔膜制备与改性,,,11
C0346,离子交换膜传输及电化学应用,C0521,固态聚合物锂电解质,,,1
C0346,离子交换膜传输及电化学应用,C0530,钙钛矿电池界面、钝化与传输层,,,3
C0346,离子交换膜传输及电化学应用,C0536,燃料电池水管理,,,13
C0346,离子交换膜传输及电化学应用,C0556,水系锌离子电池,,,1
C0346,离子交换膜传输及电化学应用,C0569,餐厨垃圾或污泥厌氧消化,,,1
C0346,离子交换膜传输及电化学应用,C0576,碱性水电解制氢,,,228
C0346,离子交换膜传输及电化学应用,C0577,质子交换膜水电解制氢,,,807
C0346,离子交换膜传输及电化学应用,C0598,锂资源提取与分离,,,3
C0346,离子交换膜传输及电化学应用,C0602,摩擦纳米发电机,,,2
C0346,离子交换膜传输及电化学应用,C0743,硝酸盐电还原制氨,,,1
C0346,离子交换膜传输及电化学应用,,,Q.EDITORIAL,封面、索引、勘误等非研究正文,7
C0347,欧洲能源转型与一般区域政治混合,C0527,碳税与环境税费,,,1
C0347,欧洲能源转型与一般区域政治混合,C0572,碳排放交易机制,,,17
C0347,欧洲能源转型与一般区域政治混合,C0575,产消者能源交易,,,1
C0347,欧洲能源转型与一般区域政治混合,C0612,国际气候协定与治理,,,9
C0347,欧洲能源转型与一般区域政治混合,C0642,绿色金融与能源投资,,,10
C0347,欧洲能源转型与一般区域政治混合,C0720,气候变化减缓政策,,,1
C0348,智能电网信息安全与韧性,C0060,超级电容器电极与器件,,,2
C0348,智能电网信息安全与韧性,C0246,虚拟电厂资源聚合与调度,,,4
C0348,智能电网信息安全与韧性,C0381,光伏发电功率预测方法与装置,,,1
C0348,智能电网信息安全与韧性,C0408,配电网重构与优化运行,,,6
C0348,智能电网信息安全与韧性,C0435,智能电表物联网与用能监测,,,18
C0348,智能电网信息安全与韧性,C0517,配电网需求响应与柔性调度,,,4
C0348,智能电网信息安全与韧性,C0524,储能运行调度与收益,,,1
C0348,智能电网信息安全与韧性,C0538,智能电网通信架构,,,193
C0348,智能电网信息安全与韧性,C0540,配电网电压无功优化,,,2
C0348,智能电网信息安全与韧性,C0552,微电网能量管理与经济调度,,,29
C0348,智能电网信息安全与韧性,C0574,电力市场机制与制度设计,,,1
C0348,智能电网信息安全与韧性,C0575,产消者能源交易,,,68
C0348,智能电网信息安全与韧性,C0581,微电网下垂控制与功率分配,,,6
C0348,智能电网信息安全与韧性,C0582,微电网孤岛切换与动态控制,,,80
C0348,智能电网信息安全与韧性,C0589,输电线路雷击与防雷,,,1
C0348,智能电网信息安全与韧性,C0613,电力系统可靠性评估,,,8
C0348,智能电网信息安全与韧性,C0631,电动汽车充电站选址规划,,,1
C0348,智能电网信息安全与韧性,C0636,综合能源系统优化调度,,,2
C0348,智能电网信息安全与韧性,C0639,漏电与剩余电流保护,,,1
C0348,智能电网信息安全与韧性,C0667,电网频率控制,,,7
C0348,智能电网信息安全与韧性,C0685,智能电网网络攻击与安全,,,232
C0348,智能电网信息安全与韧性,C0686,电网灾害韧性与恢复,,,296
C0348,智能电网信息安全与韧性,C0690,电力知识图谱,,,1
C0348,智能电网信息安全与韧性,C0712,电力负荷预测,,,5
C0348,智能电网信息安全与韧性,C0718,配电网规划与容量配置,,,8
C0348,智能电网信息安全与韧性,C0729,建筑暖通空调能耗,,,1
C0348,智能电网信息安全与韧性,C0736,电力系统暂态稳定,,,3
C0348,智能电网信息安全与韧性,C0737,电力系统电压稳定,,,1
C0348,智能电网信息安全与韧性,C0741,电网状态估计与相量测量,,,3
C0348,智能电网信息安全与韧性,C0747,网络入侵检测,,,101
C0348,智能电网信息安全与韧性,,,Q.EDITORIAL,封面、索引、勘误等非研究正文,4
C0348,智能电网信息安全与韧性,,,Q.INSUFFICIENT,题名摘要不足，待补全,1
C0349,二硫化钼等二维材料与器件,C0298,场效应晶体管结构与建模,,,14
C0349,二硫化钼等二维材料与器件,C0493,光催化制氢,,,43
C0349,二硫化钼等二维材料与器件,C0501,钠电池电解液与界面,,,1
C0349,二硫化钼等二维材料与器件,C0510,光催化二氧化碳还原,,,5
C0349,二硫化钼等二维材料与器件,C0529,钙钛矿吸收层结晶与成膜,,,1
C0349,二硫化钼等二维材料与器件,C0530,钙钛矿电池界面、钝化与传输层,,,14
C0349,二硫化钼等二维材料与器件,C0537,其他材料光催化污染物降解,,,15
C0349,二硫化钼等二维材料与器件,C0555,锌空气电池,,,1
C0349,二硫化钼等二维材料与器件,C0556,水系锌离子电池,,,5
C0349,二硫化钼等二维材料与器件,C0557,TiO₂光催化污染物降解,,,1
C0349,二硫化钼等二维材料与器件,C0567,石墨烯结构复合材料,,,1
C0349,二硫化钼等二维材料与器件,C0576,碱性水电解制氢,,,1
C0349,二硫化钼等二维材料与器件,C0577,质子交换膜水电解制氢,,,3
C0349,二硫化钼等二维材料与器件,C0583,碳化硅陶瓷结构材料,,,1
C0349,二硫化钼等二维材料与器件,C0602,摩擦纳米发电机,,,2
C0349,二硫化钼等二维材料与器件,C0603,ZnO光催化污染物降解,,,1
C0349,二硫化钼等二维材料与器件,C0634,二氧化碳催化加氢与甲烷化,,,1
C0349,二硫化钼等二维材料与器件,C0671,二氧化碳固体吸附捕集,,,46
C0349,二硫化钼等二维材料与器件,C0687,染料敏化电池对电极,,,4
C0349,二硫化钼等二维材料与器件,C0727,钠离子电池负极材料,,,8
C0349,二硫化钼等二维材料与器件,,,Q.EDITORIAL,封面、索引、勘误等非研究正文,14
C0350,能源地缘政治与一般国际关系混合,C0505,石油产业投资与经营,,,2
C0350,能源地缘政治与一般国际关系混合,C0506,石油价格与市场经济,,,30
C0350,能源地缘政治与一般国际关系混合,C0572,碳排放交易机制,,,1
C0350,能源地缘政治与一般国际关系混合,C0594,能源安全与转型战略,,,11
C0350,能源地缘政治与一般国际关系混合,C0633,区域供热供冷系统,,,1
C0350,能源地缘政治与一般国际关系混合,C0642,绿色金融与能源投资,,,1
C0350,能源地缘政治与一般国际关系混合,C0719,气候变化适应与风险,,,1
C0350,能源地缘政治与一般国际关系混合,,,Q.EDITORIAL,封面、索引、勘误等非研究正文,1
C0351,输配电线路视觉巡检与无人机检测,C0435,智能电表物联网与用能监测,,,1
C0351,输配电线路视觉巡检与无人机检测,C0512,无线充电器与装置,,,1
C0351,输配电线路视觉巡检与无人机检测,C0542,光伏组件故障与缺陷检测,,,6
C0351,输配电线路视觉巡检与无人机检测,C0563,电力线载波通信,,,1
C0351,输配电线路视觉巡检与无人机检测,C0606,地热资源勘探与储层建模,,,1
C0351,输配电线路视觉巡检与无人机检测,C0643,电力设施覆冰与除冰,,,25
C0351,输配电线路视觉巡检与无人机检测,C0647,电缆绝缘护套与导体结构,,,2
C0351,输配电线路视觉巡检与无人机检测,C0685,智能电网网络攻击与安全,,,1
C0351,输配电线路视觉巡检与无人机检测,C0686,电网灾害韧性与恢复,,,3
C0351,输配电线路视觉巡检与无人机检测,C0721,光伏清扫机器人,,,1
C0351,输配电线路视觉巡检与无人机检测,C0722,变电站巡检机器人,,,15
C0351,输配电线路视觉巡检与无人机检测,C0726,风机状态监测与预测性维护,,,1
C0351,输配电线路视觉巡检与无人机检测,C0736,电力系统暂态稳定,,,1
C0351,输配电线路视觉巡检与无人机检测,C0747,网络入侵检测,,,1
C0352,机械摩擦传动与力学测量,C0386,感应电机运行控制与性能,,,1
C0352,机械摩擦传动与力学测量,C0387,有机发光二极管与发光材料,,,1
C0352,机械摩擦传动与力学测量,C0412,质子交换膜燃料电池运行与建模,,,4
C0352,机械摩擦传动与力学测量,C0500,压电能量采集,,,6
C0352,机械摩擦传动与力学测量,C0533,氮化镓功率与结器件,,,1
C0352,机械摩擦传动与力学测量,C0550,变压器故障诊断,,,8
C0352,机械摩擦传动与力学测量,C0551,燃气轮机热力性能,,,1
C0352,机械摩擦传动与力学测量,C0554,电动汽车整车能耗与续航,,,1
C0352,机械摩擦传动与力学测量,C0564,波浪能转换装置,,,2
C0352,机械摩擦传动与力学测量,C0579,电机转子结构与制造,,,4
C0352,机械摩擦传动与力学测量,C0602,摩擦纳米发电机,,,1
C0352,机械摩擦传动与力学测量,C0622,谐振与软开关变换器,,,1
C0352,机械摩擦传动与力学测量,C0653,核聚变装置工程,,,1
C0352,机械摩擦传动与力学测量,C0661,温度传感与测量装置,,,1
C0352,机械摩擦传动与力学测量,C0672,漂浮式海上风电平台,,,4
C0352,机械摩擦传动与力学测量,C0699,电池模组与电池包装配结构,,,1
C0352,机械摩擦传动与力学测量,C0704,汽轮机运行与热力性能,,,2
C0352,机械摩擦传动与力学测量,C0708,电缆桥架与线束支撑,,,1
C0352,机械摩擦传动与力学测量,C0711,水轮机性能与设计,,,3
C0352,机械摩擦传动与力学测量,C0726,风机状态监测与预测性维护,,,1
C0352,机械摩擦传动与力学测量,C0738,木材加工与干燥,,,1
C0353,能源发展规划与综合指导政策,C0124,电力系统碳计量与低碳调度,,,1
C0353,能源发展规划与综合指导政策,C0621,工业能源审计与节能评估,,,1
C0353,能源发展规划与综合指导政策,C0633,区域供热供冷系统,,,4
C0353,能源发展规划与综合指导政策,C0649,能源电力标准化政策,,,9
C0353,能源发展规划与综合指导政策,C0651,地源热泵与地埋换热器,,,1
C0353,能源发展规划与综合指导政策,C0720,气候变化减缓政策,,,1
C0354,可再生能源发展与多技术评价,C0009,二氧化碳电还原催化,,,1
C0354,可再生能源发展与多技术评价,C0063,生物质热解与炭化,,,1
C0354,可再生能源发展与多技术评价,C0124,电力系统碳计量与低碳调度,,,5
C0354,可再生能源发展与多技术评价,C0246,虚拟电厂资源聚合与调度,,,7
C0354,可再生能源发展与多技术评价,C0381,光伏发电功率预测方法与装置,,,2
C0354,可再生能源发展与多技术评价,C0490,风能资源评估与选址,,,2
C0354,可再生能源发展与多技术评价,C0498,生物能源生命周期与可持续性,,,3
C0354,可再生能源发展与多技术评价,C0502,潮汐与潮流能开发,,,3
C0354,可再生能源发展与多技术评价,C0509,太阳能热水与供热装置,,,4
C0354,可再生能源发展与多技术评价,C0515,膜法海水淡化,,,3
C0354,可再生能源发展与多技术评价,C0524,储能运行调度与收益,,,2
C0354,可再生能源发展与多技术评价,C0525,储能容量配置与选址,,,2
C0354,可再生能源发展与多技术评价,C0527,碳税与环境税费,,,3
C0354,可再生能源发展与多技术评价,C0528,可再生能源补贴机制,,,42
C0354,可再生能源发展与多技术评价,C0534,氢能技术经济与生命周期,,,5
C0354,可再生能源发展与多技术评价,C0541,光伏组件退化与寿命,,,1
C0354,可再生能源发展与多技术评价,C0552,微电网能量管理与经济调度,,,7
C0354,可再生能源发展与多技术评价,C0553,电动汽车推广与购买行为,,,1
C0354,可再生能源发展与多技术评价,C0564,波浪能转换装置,,,2
C0354,可再生能源发展与多技术评价,C0572,碳排放交易机制,,,1
C0354,可再生能源发展与多技术评价,C0574,电力市场机制与制度设计,,,6
C0354,可再生能源发展与多技术评价,C0575,产消者能源交易,,,21
C0354,可再生能源发展与多技术评价,C0594,能源安全与转型战略,,,7
C0354,可再生能源发展与多技术评价,C0598,锂资源提取与分离,,,1
C0354,可再生能源发展与多技术评价,C0607,地热供热与发电利用,,,4
C0354,可再生能源发展与多技术评价,C0621,工业能源审计与节能评估,,,2
C0354,可再生能源发展与多技术评价,C0624,农光互补与农光协同,,,27
C0354,可再生能源发展与多技术评价,C0625,光伏技术经济与投资,,,7
C0354,可再生能源发展与多技术评价,C0626,屋顶与分布式光伏部署,,,4
C0354,可再生能源发展与多技术评价,C0633,区域供热供冷系统,,,10
C0354,可再生能源发展与多技术评价,C0635,综合能源系统规划配置,,,6
C0354,可再生能源发展与多技术评价,C0642,绿色金融与能源投资,,,10
C0354,可再生能源发展与多技术评价,C0654,能源电力教学实验平台,,,2
C0354,可再生能源发展与多技术评价,C0664,LED照明灯具与配光,,,4
C0354,可再生能源发展与多技术评价,C0678,聚光太阳能热发电,,,1
C0354,可再生能源发展与多技术评价,C0686,电网灾害韧性与恢复,,,3
C0354,可再生能源发展与多技术评价,C0712,电力负荷预测,,,7
C0354,可再生能源发展与多技术评价,C0720,气候变化减缓政策,,,9
C0354,可再生能源发展与多技术评价,C0723,光伏光热联合系统,,,1
C0354,可再生能源发展与多技术评价,C0750,能源贫困与能源可及性,,,121
C0354,可再生能源发展与多技术评价,,,Q.EDITORIAL,封面、索引、勘误等非研究正文,16
C0355,染料敏化太阳能电池材料与器件,C0509,太阳能热水与供热装置,,,2
C0355,染料敏化太阳能电池材料与器件,C0529,钙钛矿吸收层结晶与成膜,,,1
C0355,染料敏化太阳能电池材料与器件,C0530,钙钛矿电池界面、钝化与传输层,,,134
C0355,染料敏化太阳能电池材料与器件,C0532,钙钛矿叠层太阳能电池,,,3
C0355,染料敏化太阳能电池材料与器件,C0537,其他材料光催化污染物降解,,,8
C0355,染料敏化太阳能电池材料与器件,C0557,TiO₂光催化污染物降解,,,32
C0355,染料敏化太阳能电池材料与器件,C0584,聚合物有机太阳能电池,,,171
C0355,染料敏化太阳能电池材料与器件,C0586,小分子有机太阳能电池,,,7
C0355,染料敏化太阳能电池材料与器件,C0590,非钙钛矿多结太阳能电池,,,26
C0355,染料敏化太阳能电池材料与器件,C0678,聚光太阳能热发电,,,2
C0355,染料敏化太阳能电池材料与器件,C0687,染料敏化电池对电极,,,1992
C0355,染料敏化太阳能电池材料与器件,C0688,染料敏化电池光阳极,,,1540
C0355,染料敏化太阳能电池材料与器件,C0689,染料敏化电池敏化剂,,,2401
C0355,染料敏化太阳能电池材料与器件,C0723,光伏光热联合系统,,,3
C0355,染料敏化太阳能电池材料与器件,C0744,潜热储热系统,,,1
C0355,染料敏化太阳能电池材料与器件,,,Q.EDITORIAL,封面、索引、勘误等非研究正文,16
C0356,电力知识处理与智能决策系统,C0156,电力交易竞价与市场优化,,,2
C0356,电力知识处理与智能决策系统,C0246,虚拟电厂资源聚合与调度,,,4
C0356,电力知识处理与智能决策系统,C0408,配电网重构与优化运行,,,2
C0356,电力知识处理与智能决策系统,C0435,智能电表物联网与用能监测,,,5
C0356,电力知识处理与智能决策系统,C0517,配电网需求响应与柔性调度,,,1
C0356,电力知识处理与智能决策系统,C0525,储能容量配置与选址,,,1
C0356,电力知识处理与智能决策系统,C0636,综合能源系统优化调度,,,1
C0356,电力知识处理与智能决策系统,C0686,电网灾害韧性与恢复,,,2
C0356,电力知识处理与智能决策系统,C0690,电力知识图谱,,,44
C0356,电力知识处理与智能决策系统,C0710,水电站运行调度,,,1
C0356,电力知识处理与智能决策系统,C0718,配电网规划与容量配置,,,16
C0356,电力知识处理与智能决策系统,C0722,变电站巡检机器人,,,2
C0356,电力知识处理与智能决策系统,C0726,风机状态监测与预测性维护,,,1
C0356,电力知识处理与智能决策系统,C0747,网络入侵检测,,,1
C0357,水泥混凝土性能与碳化,C0500,压电能量采集,,,1
C0357,水泥混凝土性能与碳化,C0513,天然气水合物生成与分解,,,1
C0357,水泥混凝土性能与碳化,C0514,煤气化工艺与反应,,,3
C0357,水泥混凝土性能与碳化,C0537,其他材料光催化污染物降解,,,3
C0357,水泥混凝土性能与碳化,C0557,TiO₂光催化污染物降解,,,2
C0357,水泥混凝土性能与碳化,C0560,二氧化碳水合物形成与分离,,,16
C0357,水泥混凝土性能与碳化,C0583,碳化硅陶瓷结构材料,,,1
C0357,水泥混凝土性能与碳化,C0598,锂资源提取与分离,,,1
C0357,水泥混凝土性能与碳化,C0630,有机朗肯循环发电,,,6
C0357,水泥混凝土性能与碳化,C0648,锂电石墨负极,,,1
C0357,水泥混凝土性能与碳化,C0651,地源热泵与地埋换热器,,,2
C0357,水泥混凝土性能与碳化,C0671,二氧化碳固体吸附捕集,,,36
C0357,水泥混凝土性能与碳化,C0680,生物质气化制合成气,,,3
C0357,水泥混凝土性能与碳化,C0693,活性炭制备与孔结构,,,2
C0357,水泥混凝土性能与碳化,C0714,层状及富镍锂电正极材料,,,1
C0357,水泥混凝土性能与碳化,C0725,废塑料回收与转化,,,4
C0357,水泥混凝土性能与碳化,C0744,潜热储热系统,,,29
C0357,水泥混凝土性能与碳化,C0745,热化学储热系统,,,2
C0357,水泥混凝土性能与碳化,,,Q.EDITORIAL,封面、索引、勘误等非研究正文,2
C0358,非贵金属氧还原电催化材料,C0493,光催化制氢,,,33
C0358,非贵金属氧还原电催化材料,C0498,生物能源生命周期与可持续性,,,1
C0358,非贵金属氧还原电催化材料,C0510,光催化二氧化碳还原,,,6
C0358,非贵金属氧还原电催化材料,C0518,电池电极粘结剂,,,1
C0358,非贵金属氧还原电催化材料,C0537,其他材料光催化污染物降解,,,6
C0358,非贵金属氧还原电催化材料,C0555,锌空气电池,,,27
C0358,非贵金属氧还原电催化材料,C0565,二氧化碳干重整制合成气,,,7
C0358,非贵金属氧还原电催化材料,C0566,蒸汽重整制氢与合成气,,,3
C0358,非贵金属氧还原电催化材料,C0576,碱性水电解制氢,,,4
C0358,非贵金属氧还原电催化材料,C0600,直接空气捕碳,,,1
C0358,非贵金属氧还原电催化材料,C0634,二氧化碳催化加氢与甲烷化,,,80
C0358,非贵金属氧还原电催化材料,C0670,二氧化碳溶剂吸收捕集,,,1
C0358,非贵金属氧还原电催化材料,C0671,二氧化碳固体吸附捕集,,,5
C0358,非贵金属氧还原电催化材料,C0680,生物质气化制合成气,,,2
C0358,非贵金属氧还原电催化材料,C0693,活性炭制备与孔结构,,,4
C0358,非贵金属氧还原电催化材料,C0714,层状及富镍锂电正极材料,,,1
C0358,非贵金属氧还原电催化材料,C0715,锂电磷酸盐正极材料,,,1
C0358,非贵金属氧还原电催化材料,C0725,废塑料回收与转化,,,1
C0358,非贵金属氧还原电催化材料,C0727,钠离子电池负极材料,,,1
C0358,非贵金属氧还原电催化材料,C0728,钠离子电池正极材料,,,3
C0358,非贵金属氧还原电催化材料,C0742,氮气电还原制氨,,,15
C0358,非贵金属氧还原电催化材料,C0743,硝酸盐电还原制氨,,,2
C0358,非贵金属氧还原电催化材料,,,Q.EDITORIAL,封面、索引、勘误等非研究正文,34
C0359,充电基础设施与公用事业接入政策混合,C0006,电网建设与供电服务政策,,,2
C0359,充电基础设施与公用事业接入政策混合,C0631,电动汽车充电站选址规划,,,1
C0359,充电基础设施与公用事业接入政策混合,C0649,能源电力标准化政策,,,1
C0359,充电基础设施与公用事业接入政策混合,C0691,充电基础设施建设政策,,,38
C0359,充电基础设施与公用事业接入政策混合,C0692,公用事业接入与收费政策,,,22
C0359,充电基础设施与公用事业接入政策混合,C0710,水电站运行调度,,,1
C0359,充电基础设施与公用事业接入政策混合,C0718,配电网规划与容量配置,,,1
C0360,多孔碳材料及储能环境应用,C0009,二氧化碳电还原催化,,,14
C0360,多孔碳材料及储能环境应用,C0060,超级电容器电极与器件,,,60
C0360,多孔碳材料及储能环境应用,C0063,生物质热解与炭化,,,14
C0360,多孔碳材料及储能环境应用,C0151,多孔碳吸附二氧化碳,,,126
C0360,多孔碳材料及储能环境应用,C0155,电解水析氧催化,,,1
C0360,多孔碳材料及储能环境应用,C0191,固态储氢材料与反应器,,,9
C0360,多孔碳材料及储能环境应用,C0226,过硫酸盐活化与高级氧化,,,2
C0360,多孔碳材料及储能环境应用,C0254,电催化析氢与界面调控,,,11
C0360,多孔碳材料及储能环境应用,C0257,固体氧化物燃料电池,,,1
C0360,多孔碳材料及储能环境应用,C0259,锂硫电池正极与多硫化物调控,,,79
C0360,多孔碳材料及储能环境应用,C0278,整体电催化水分解,,,5
C0360,多孔碳材料及储能环境应用,C0330,太阳能界面蒸发与海水淡化,,,3
C0360,多孔碳材料及储能环境应用,C0336,硅碳负极材料与制备,,,4
C0360,多孔碳材料及储能环境应用,C0358,非贵金属氧还原电催化材料,,,3
C0360,多孔碳材料及储能环境应用,C0417,固体氧化物电解池与可逆电化学单元,,,1
C0360,多孔碳材料及储能环境应用,C0473,二氧化碳地质封存与驱油,,,4
C0360,多孔碳材料及储能环境应用,C0481,微生物燃料电池与生物产电,,,13
C0360,多孔碳材料及储能环境应用,C0493,光催化制氢,,,9
C0360,多孔碳材料及储能环境应用,C0498,生物能源生命周期与可持续性,,,15
C0360,多孔碳材料及储能环境应用,C0510,光催化二氧化碳还原,,,7
C0360,多孔碳材料及储能环境应用,C0513,天然气水合物生成与分解,,,7
C0360,多孔碳材料及储能环境应用,C0514,煤气化工艺与反应,,,5
C0360,多孔碳材料及储能环境应用,C0530,钙钛矿电池界面、钝化与传输层,,,1
C0360,多孔碳材料及储能环境应用,C0537,其他材料光催化污染物降解,,,3
C0360,多孔碳材料及储能环境应用,C0556,水系锌离子电池,,,1
C0360,多孔碳材料及储能环境应用,C0560,二氧化碳水合物形成与分离,,,29
C0360,多孔碳材料及储能环境应用,C0583,碳化硅陶瓷结构材料,,,4
C0360,多孔碳材料及储能环境应用,C0600,直接空气捕碳,,,1
C0360,多孔碳材料及储能环境应用,C0602,摩擦纳米发电机,,,1
C0360,多孔碳材料及储能环境应用,C0634,二氧化碳催化加氢与甲烷化,,,10
C0360,多孔碳材料及储能环境应用,C0644,沼气提纯与生物甲烷升级,,,1
C0360,多孔碳材料及储能环境应用,C0663,吸附式制冷循环,,,1
C0360,多孔碳材料及储能环境应用,C0671,二氧化碳固体吸附捕集,,,197
C0360,多孔碳材料及储能环境应用,C0681,生物质水热炭化,,,1
C0360,多孔碳材料及储能环境应用,C0693,活性炭制备与孔结构,,,112
C0360,多孔碳材料及储能环境应用,C0695,铀钍提取与分离,,,3
C0360,多孔碳材料及储能环境应用,C0715,锂电磷酸盐正极材料,,,6
C0360,多孔碳材料及储能环境应用,C0725,废塑料回收与转化,,,2
C0360,多孔碳材料及储能环境应用,C0727,钠离子电池负极材料,,,68
C0360,多孔碳材料及储能环境应用,C0728,钠离子电池正极材料,,,6
C0360,多孔碳材料及储能环境应用,C0739,水污染物吸附去除,,,10
C0360,多孔碳材料及储能环境应用,C0744,潜热储热系统,,,6
C0360,多孔碳材料及储能环境应用,C0745,热化学储热系统,,,1
C0360,多孔碳材料及储能环境应用,,,Q.EDITORIAL,封面、索引、勘误等非研究正文,5
C0361,机械装配传动与电气部件混合,C0060,超级电容器电极与器件,,,1
C0361,机械装配传动与电气部件混合,C0491,电池电极涂布与辊压,,,6
C0361,机械装配传动与电气部件混合,C0511,电池装配工装与制造设备,,,1
C0361,机械装配传动与电气部件混合,C0519,电池隔膜制备与改性,,,1
C0361,机械装配传动与电气部件混合,C0579,电机转子结构与制造,,,10
C0361,机械装配传动与电气部件混合,C0580,电机定子结构与制造,,,3
C0361,机械装配传动与电气部件混合,C0622,谐振与软开关变换器,,,2
C0361,机械装配传动与电气部件混合,C0641,电池盖板、端子与密封结构,,,2
C0361,机械装配传动与电气部件混合,C0643,电力设施覆冰与除冰,,,2
C0361,机械装配传动与电气部件混合,C0708,电缆桥架与线束支撑,,,24
C0361,机械装配传动与电气部件混合,C0721,光伏清扫机器人,,,1
C0361,机械装配传动与电气部件混合,C0749,电机绕组与线圈制造,,,2
C0362,荧光粉组分调控与发光性质,C0493,光催化制氢,,,18
C0362,荧光粉组分调控与发光性质,C0501,钠电池电解液与界面,,,1
C0362,荧光粉组分调控与发光性质,C0510,光催化二氧化碳还原,,,1
C0362,荧光粉组分调控与发光性质,C0530,钙钛矿电池界面、钝化与传输层,,,2
C0362,荧光粉组分调控与发光性质,C0537,其他材料光催化污染物降解,,,114
C0362,荧光粉组分调控与发光性质,C0557,TiO₂光催化污染物降解,,,2
C0362,荧光粉组分调控与发光性质,C0584,聚合物有机太阳能电池,,,3
C0362,荧光粉组分调控与发光性质,C0634,二氧化碳催化加氢与甲烷化,,,2
C0362,荧光粉组分调控与发光性质,C0664,LED照明灯具与配光,,,3
C0362,荧光粉组分调控与发光性质,C0671,二氧化碳固体吸附捕集,,,1
C0362,荧光粉组分调控与发光性质,C0687,染料敏化电池对电极,,,2
C0362,荧光粉组分调控与发光性质,C0688,染料敏化电池光阳极,,,1
C0362,荧光粉组分调控与发光性质,C0689,染料敏化电池敏化剂,,,15
C0362,荧光粉组分调控与发光性质,C0695,铀钍提取与分离,,,1
C0362,荧光粉组分调控与发光性质,C0714,层状及富镍锂电正极材料,,,1
C0362,荧光粉组分调控与发光性质,C0715,锂电磷酸盐正极材料,,,1
C0362,荧光粉组分调控与发光性质,,,Q.EDITORIAL,封面、索引、勘误等非研究正文,11
C0363,镉基硫族半导体与量子点,C0493,光催化制氢,,,7
C0363,镉基硫族半导体与量子点,C0537,其他材料光催化污染物降解,,,19
C0363,镉基硫族半导体与量子点,C0584,聚合物有机太阳能电池,,,3
C0363,镉基硫族半导体与量子点,C0602,摩擦纳米发电机,,,1
C0363,镉基硫族半导体与量子点,C0739,水污染物吸附去除,,,2
C0363,镉基硫族半导体与量子点,,,Q.EDITORIAL,封面、索引、勘误等非研究正文,1
C0364,有机场效应晶体管,C0298,场效应晶体管结构与建模,,,148
C0364,有机场效应晶体管,C0496,集成电路与功率模块封装,,,1
C0364,有机场效应晶体管,C0500,压电能量采集,,,2
C0364,有机场效应晶体管,C0521,固态聚合物锂电解质,,,1
C0364,有机场效应晶体管,C0530,钙钛矿电池界面、钝化与传输层,,,3
C0364,有机场效应晶体管,C0533,氮化镓功率与结器件,,,88
C0364,有机场效应晶体管,C0584,聚合物有机太阳能电池,,,4
C0364,有机场效应晶体管,C0602,摩擦纳米发电机,,,6
C0364,有机场效应晶体管,C0647,电缆绝缘护套与导体结构,,,1
C0364,有机场效应晶体管,,,Q.EDITORIAL,封面、索引、勘误等非研究正文,9
C0365,电力通信与无线传输装置,C0154,无线电能传输电路与系统,,,76
C0365,电力通信与无线传输装置,C0435,智能电表物联网与用能监测,,,5
C0365,电力通信与无线传输装置,C0496,集成电路与功率模块封装,,,1
C0365,电力通信与无线传输装置,C0512,无线充电器与装置,,,14
C0365,电力通信与无线传输装置,C0538,智能电网通信架构,,,2
C0365,电力通信与无线传输装置,C0563,电力线载波通信,,,84
C0365,电力通信与无线传输装置,C0615,电气绝缘局部放电,,,5
C0365,电力通信与无线传输装置,C0637,电流检测与测量电路,,,6
C0365,电力通信与无线传输装置,C0638,电压检测与测量电路,,,2
C0365,电力通信与无线传输装置,C0647,电缆绝缘护套与导体结构,,,3
C0365,电力通信与无线传输装置,C0667,电网频率控制,,,8
C0366,功能纤维复合材料与织物,C0487,电池冷却与散热,,,2
C0366,功能纤维复合材料与织物,C0495,聚合物电气绝缘,,,1
C0366,功能纤维复合材料与织物,C0500,压电能量采集,,,5
C0366,功能纤维复合材料与织物,C0557,TiO₂光催化污染物降解,,,1
C0366,功能纤维复合材料与织物,C0567,石墨烯结构复合材料,,,4
C0366,功能纤维复合材料与织物,C0583,碳化硅陶瓷结构材料,,,55
C0366,功能纤维复合材料与织物,C0584,聚合物有机太阳能电池,,,2
C0366,功能纤维复合材料与织物,C0601,铜基热电材料,,,4
C0366,功能纤维复合材料与织物,C0602,摩擦纳米发电机,,,47
C0366,功能纤维复合材料与织物,C0647,电缆绝缘护套与导体结构,,,52
C0366,功能纤维复合材料与织物,C0653,核聚变装置工程,,,1
C0366,功能纤维复合材料与织物,C0671,二氧化碳固体吸附捕集,,,2
C0366,功能纤维复合材料与织物,C0677,太阳能集热器传热设计,,,1
C0366,功能纤维复合材料与织物,C0683,电池火灾抑制与灭火,,,1
C0366,功能纤维复合材料与织物,C0684,电池热失控与传播,,,1
C0366,功能纤维复合材料与织物,C0687,染料敏化电池对电极,,,1
C0366,功能纤维复合材料与织物,C0714,层状及富镍锂电正极材料,,,3
C0366,功能纤维复合材料与织物,C0715,锂电磷酸盐正极材料,,,8
C0366,功能纤维复合材料与织物,C0723,光伏光热联合系统,,,1
C0366,功能纤维复合材料与织物,C0727,钠离子电池负极材料,,,1
C0366,功能纤维复合材料与织物,C0739,水污染物吸附去除,,,1
C0366,功能纤维复合材料与织物,C0744,潜热储热系统,,,25
C0366,功能纤维复合材料与织物,,,Q.EDITORIAL,封面、索引、勘误等非研究正文,2
C0367,铁化合物反应与材料应用,C0514,煤气化工艺与反应,,,1
C0367,铁化合物反应与材料应用,C0526,厌氧发酵生物制氢,,,1
C0367,铁化合物反应与材料应用,C0537,其他材料光催化污染物降解,,,11
C0367,铁化合物反应与材料应用,C0569,餐厨垃圾或污泥厌氧消化,,,7
C0367,铁化合物反应与材料应用,C0576,碱性水电解制氢,,,6
C0367,铁化合物反应与材料应用,C0598,锂资源提取与分离,,,3
C0367,铁化合物反应与材料应用,C0603,ZnO光催化污染物降解,,,1
C0367,铁化合物反应与材料应用,C0619,生物炭土壤改良,,,4
C0367,铁化合物反应与材料应用,C0634,二氧化碳催化加氢与甲烷化,,,3
C0367,铁化合物反应与材料应用,C0671,二氧化碳固体吸附捕集,,,17
C0367,铁化合物反应与材料应用,C0693,活性炭制备与孔结构,,,2
C0367,铁化合物反应与材料应用,C0694,稀土元素提取分离,,,12
C0367,铁化合物反应与材料应用,C0695,铀钍提取与分离,,,11
C0367,铁化合物反应与材料应用,C0714,层状及富镍锂电正极材料,,,6
C0367,铁化合物反应与材料应用,C0715,锂电磷酸盐正极材料,,,8
C0367,铁化合物反应与材料应用,C0727,钠离子电池负极材料,,,1
C0367,铁化合物反应与材料应用,C0728,钠离子电池正极材料,,,7
C0367,铁化合物反应与材料应用,C0739,水污染物吸附去除,,,1
C0367,铁化合物反应与材料应用,C0743,硝酸盐电还原制氨,,,1
C0367,铁化合物反应与材料应用,,,Q.EDITORIAL,封面、索引、勘误等非研究正文,6
C0367,铁化合物反应与材料应用,,,Q.INSUFFICIENT,题名摘要不足，待补全,1
C0368,铀钍及稀土分离提取,C0226,过硫酸盐活化与高级氧化,,,1
C0368,铀钍及稀土分离提取,C0598,锂资源提取与分离,,,31
C0368,铀钍及稀土分离提取,C0652,核裂变反应堆工程,,,1
C0368,铀钍及稀土分离提取,C0653,核聚变装置工程,,,1
C0368,铀钍及稀土分离提取,C0671,二氧化碳固体吸附捕集,,,3
C0368,铀钍及稀土分离提取,C0694,稀土元素提取分离,,,939
C0368,铀钍及稀土分离提取,C0695,铀钍提取与分离,,,980
C0368,铀钍及稀土分离提取,C0724,电子废物回收,,,5
C0368,铀钍及稀土分离提取,C0739,水污染物吸附去除,,,20
C0368,铀钍及稀土分离提取,,,Q.EDITORIAL,封面、索引、勘误等非研究正文,1
C0369,多体系二次电池材料与电解液综述,C0060,超级电容器电极与器件,,,44
C0369,多体系二次电池材料与电解液综述,C0259,锂硫电池正极与多硫化物调控,,,440
C0369,多体系二次电池材料与电解液综述,C0336,硅碳负极材料与制备,,,440
C0369,多体系二次电池材料与电解液综述,C0441,二次电池电解液添加剂与配方,,,117
C0369,多体系二次电池材料与电解液综述,C0487,电池冷却与散热,,,1
C0369,多体系二次电池材料与电解液综述,C0491,电池电极涂布与辊压,,,1
C0369,多体系二次电池材料与电解液综述,C0501,钠电池电解液与界面,,,265
C0369,多体系二次电池材料与电解液综述,C0518,电池电极粘结剂,,,150
C0369,多体系二次电池材料与电解液综述,C0519,电池隔膜制备与改性,,,205
C0369,多体系二次电池材料与电解液综述,C0520,凝胶聚合物锂电解质,,,11
C0369,多体系二次电池材料与电解液综述,C0521,固态聚合物锂电解质,,,49
C0369,多体系二次电池材料与电解液综述,C0555,锌空气电池,,,4
C0369,多体系二次电池材料与电解液综述,C0556,水系锌离子电池,,,69
C0369,多体系二次电池材料与电解液综述,C0591,电池等效电路与参数辨识,,,2
C0369,多体系二次电池材料与电解液综述,C0592,电池荷电状态估计,,,17
C0369,多体系二次电池材料与电解液综述,C0593,电池健康状态与寿命预测,,,1
C0369,多体系二次电池材料与电解液综述,C0598,锂资源提取与分离,,,4
C0369,多体系二次电池材料与电解液综述,C0604,电池老化实验与循环寿命,,,170
C0369,多体系二次电池材料与电解液综述,C0605,电池阻抗表征,,,45
C0369,多体系二次电池材料与电解液综述,C0616,锂金属负极界面稳定与枝晶抑制,,,510
C0369,多体系二次电池材料与电解液综述,C0648,锂电石墨负极,,,31
C0369,多体系二次电池材料与电解液综述,C0657,电池单体均衡控制,,,3
C0369,多体系二次电池材料与电解液综述,C0673,硫化物固态电解质,,,32
C0369,多体系二次电池材料与电解液综述,C0684,电池热失控与传播,,,10
C0369,多体系二次电池材料与电解液综述,C0696,镁铝钙多价离子电池,,,129
C0369,多体系二次电池材料与电解液综述,C0697,钾离子电池,,,285
C0369,多体系二次电池材料与电解液综述,C0714,层状及富镍锂电正极材料,,,163
C0369,多体系二次电池材料与电解液综述,C0715,锂电磷酸盐正极材料,,,43
C0369,多体系二次电池材料与电解液综述,C0727,钠离子电池负极材料,,,454
C0369,多体系二次电池材料与电解液综述,C0728,钠离子电池正极材料,,,312
C0369,多体系二次电池材料与电解液综述,,,Q.EDITORIAL,封面、索引、勘误等非研究正文,80
C0370,电池状态测量与诊断装置,C0435,智能电表物联网与用能监测,,,1
C0370,电池状态测量与诊断装置,C0487,电池冷却与散热,,,5
C0370,电池状态测量与诊断装置,C0491,电池电极涂布与辊压,,,4
C0370,电池状态测量与诊断装置,C0500,压电能量采集,,,1
C0370,电池状态测量与诊断装置,C0511,电池装配工装与制造设备,,,22
C0370,电池状态测量与诊断装置,C0512,无线充电器与装置,,,1
C0370,电池状态测量与诊断装置,C0519,电池隔膜制备与改性,,,7
C0370,电池状态测量与诊断装置,C0542,光伏组件故障与缺陷检测,,,1
C0370,电池状态测量与诊断装置,C0591,电池等效电路与参数辨识,,,4
C0370,电池状态测量与诊断装置,C0592,电池荷电状态估计,,,86
C0370,电池状态测量与诊断装置,C0593,电池健康状态与寿命预测,,,84
C0370,电池状态测量与诊断装置,C0598,锂资源提取与分离,,,1
C0370,电池状态测量与诊断装置,C0604,电池老化实验与循环寿命,,,11
C0370,电池状态测量与诊断装置,C0605,电池阻抗表征,,,43
C0370,电池状态测量与诊断装置,C0657,电池单体均衡控制,,,10
C0370,电池状态测量与诊断装置,C0683,电池火灾抑制与灭火,,,1
C0370,电池状态测量与诊断装置,C0684,电池热失控与传播,,,34
C0370,电池状态测量与诊断装置,C0699,电池模组与电池包装配结构,,,2
C0370,电池状态测量与诊断装置,,,Q.EDITORIAL,封面、索引、勘误等非研究正文,2
C0371,太阳辐射测量估算与大气影响,C0541,光伏组件退化与寿命,,,1
C0371,太阳辐射测量估算与大气影响,C0564,波浪能转换装置,,,1
C0371,太阳辐射测量估算与大气影响,C0587,太阳辐照度预测估算,,,849
C0371,太阳辐射测量估算与大气影响,C0590,非钙钛矿多结太阳能电池,,,1
C0371,太阳辐射测量估算与大气影响,C0676,风速预测,,,1
C0371,太阳辐射测量估算与大气影响,C0698,太阳辐射测量与仪器,,,154
C0371,太阳辐射测量估算与大气影响,C0731,天体等离子体与磁重联,,,1
C0371,太阳辐射测量估算与大气影响,,,Q.EDITORIAL,封面、索引、勘误等非研究正文,5
C0372,电力节能与新能源应用泛论,C0060,超级电容器电极与器件,,,8
C0372,电力节能与新能源应用泛论,C0124,电力系统碳计量与低碳调度,,,1
C0372,电力节能与新能源应用泛论,C0154,无线电能传输电路与系统,,,1
C0372,电力节能与新能源应用泛论,C0246,虚拟电厂资源聚合与调度,,,3
C0372,电力节能与新能源应用泛论,C0257,固体氧化物燃料电池,,,6
C0372,电力节能与新能源应用泛论,C0386,感应电机运行控制与性能,,,1
C0372,电力节能与新能源应用泛论,C0412,质子交换膜燃料电池运行与建模,,,1
C0372,电力节能与新能源应用泛论,C0417,固体氧化物电解池与可逆电化学单元,,,8
C0372,电力节能与新能源应用泛论,C0435,智能电表物联网与用能监测,,,3
C0372,电力节能与新能源应用泛论,C0499,电磁能量采集,,,20
C0372,电力节能与新能源应用泛论,C0500,压电能量采集,,,11
C0372,电力节能与新能源应用泛论,C0509,太阳能热水与供热装置,,,1
C0372,电力节能与新能源应用泛论,C0539,配电网谐波与电能质量治理,,,3
C0372,电力节能与新能源应用泛论,C0540,配电网电压无功优化,,,1
C0372,电力节能与新能源应用泛论,C0551,燃气轮机热力性能,,,4
C0372,电力节能与新能源应用泛论,C0552,微电网能量管理与经济调度,,,4
C0372,电力节能与新能源应用泛论,C0564,波浪能转换装置,,,11
C0372,电力节能与新能源应用泛论,C0574,电力市场机制与制度设计,,,1
C0372,电力节能与新能源应用泛论,C0602,摩擦纳米发电机,,,3
C0372,电力节能与新能源应用泛论,C0607,地热供热与发电利用,,,11
C0372,电力节能与新能源应用泛论,C0611,电气安全与触电风险,,,1
C0372,电力节能与新能源应用泛论,C0613,电力系统可靠性评估,,,1
C0372,电力节能与新能源应用泛论,C0621,工业能源审计与节能评估,,,4
C0372,电力节能与新能源应用泛论,C0625,光伏技术经济与投资,,,1
C0372,电力节能与新能源应用泛论,C0630,有机朗肯循环发电,,,3
C0372,电力节能与新能源应用泛论,C0633,区域供热供冷系统,,,1
C0372,电力节能与新能源应用泛论,C0635,综合能源系统规划配置,,,1
C0372,电力节能与新能源应用泛论,C0653,核聚变装置工程,,,1
C0372,电力节能与新能源应用泛论,C0654,能源电力教学实验平台,,,13
C0372,电力节能与新能源应用泛论,C0664,LED照明灯具与配光,,,3
C0372,电力节能与新能源应用泛论,C0667,电网频率控制,,,4
C0372,电力节能与新能源应用泛论,C0680,生物质气化制合成气,,,2
C0372,电力节能与新能源应用泛论,C0684,电池热失控与传播,,,1
C0372,电力节能与新能源应用泛论,C0686,电网灾害韧性与恢复,,,2
C0372,电力节能与新能源应用泛论,C0718,配电网规划与容量配置,,,2
C0372,电力节能与新能源应用泛论,C0723,光伏光热联合系统,,,2
C0372,电力节能与新能源应用泛论,C0746,功率因数校正电路与控制,,,3
C0373,电源变流电路与电压控制装置,C0060,超级电容器电极与器件,,,1
C0373,电源变流电路与电压控制装置,C0154,无线电能传输电路与系统,,,1
C0373,电源变流电路与电压控制装置,C0386,感应电机运行控制与性能,,,1
C0373,电源变流电路与电压控制装置,C0512,无线充电器与装置,,,2
C0373,电源变流电路与电压控制装置,C0539,配电网谐波与电能质量治理,,,1
C0373,电源变流电路与电压控制装置,C0582,微电网孤岛切换与动态控制,,,3
C0373,电源变流电路与电压控制装置,C0622,谐振与软开关变换器,,,8
C0373,电源变流电路与电压控制装置,C0637,电流检测与测量电路,,,5
C0373,电源变流电路与电压控制装置,C0638,电压检测与测量电路,,,1
C0373,电源变流电路与电压控制装置,C0645,电机驱动PWM与谐波控制,,,2
C0373,电源变流电路与电压控制装置,C0666,功率半导体器件,,,1
C0373,电源变流电路与电压控制装置,C0667,电网频率控制,,,2
C0373,电源变流电路与电压控制装置,C0700,永磁同步电机控制,,,4
C0373,电源变流电路与电压控制装置,C0737,电力系统电压稳定,,,3
C0373,电源变流电路与电压控制装置,C0746,功率因数校正电路与控制,,,31
C0374,电池包与模组结构装置,C0487,电池冷却与散热,,,8
C0374,电池包与模组结构装置,C0491,电池电极涂布与辊压,,,13
C0374,电池包与模组结构装置,C0511,电池装配工装与制造设备,,,132
C0374,电池包与模组结构装置,C0519,电池隔膜制备与改性,,,5
C0374,电池包与模组结构装置,C0656,动力电池梯次利用,,,2
C0374,电池包与模组结构装置,C0657,电池单体均衡控制,,,11
C0374,电池包与模组结构装置,C0683,电池火灾抑制与灭火,,,2
C0374,电池包与模组结构装置,C0684,电池热失控与传播,,,1
C0374,电池包与模组结构装置,C0699,电池模组与电池包装配结构,,,158
C0375,永磁同步电机设计与控制,C0060,超级电容器电极与器件,,,2
C0375,永磁同步电机设计与控制,C0386,感应电机运行控制与性能,,,66
C0375,永磁同步电机设计与控制,C0500,压电能量采集,,,1
C0375,永磁同步电机设计与控制,C0512,无线充电器与装置,,,2
C0375,永磁同步电机设计与控制,C0535,燃料电池供气与空压控制,,,1
C0375,永磁同步电机设计与控制,C0546,永磁电机磁路与结构设计,,,156
C0375,永磁同步电机设计与控制,C0554,电动汽车整车能耗与续航,,,1
C0375,永磁同步电机设计与控制,C0564,波浪能转换装置,,,3
C0375,永磁同步电机设计与控制,C0579,电机转子结构与制造,,,32
C0375,永磁同步电机设计与控制,C0580,电机定子结构与制造,,,7
C0375,永磁同步电机设计与控制,C0627,永磁材料与磁性设计,,,2
C0375,永磁同步电机设计与控制,C0645,电机驱动PWM与谐波控制,,,147
C0375,永磁同步电机设计与控制,C0646,电机转矩脉动抑制,,,131
C0375,永磁同步电机设计与控制,C0667,电网频率控制,,,2
C0375,永磁同步电机设计与控制,C0700,永磁同步电机控制,,,2784
C0375,永磁同步电机设计与控制,C0736,电力系统暂态稳定,,,1
C0375,永磁同步电机设计与控制,C0746,功率因数校正电路与控制,,,12
C0375,永磁同步电机设计与控制,C0748,储能系统集成与安全装置,,,1
C0376,电气设备散热冷却结构,C0060,超级电容器电极与器件,,,3
C0376,电气设备散热冷却结构,C0257,固体氧化物燃料电池,,,1
C0376,电气设备散热冷却结构,C0487,电池冷却与散热,,,9
C0376,电气设备散热冷却结构,C0496,集成电路与功率模块封装,,,2
C0376,电气设备散热冷却结构,C0503,充电设施散热,,,11
C0376,电气设备散热冷却结构,C0512,无线充电器与装置,,,2
C0376,电气设备散热冷却结构,C0546,永磁电机磁路与结构设计,,,2
C0376,电气设备散热冷却结构,C0579,电机转子结构与制造,,,9
C0376,电气设备散热冷却结构,C0580,电机定子结构与制造,,,23
C0376,电气设备散热冷却结构,C0607,地热供热与发电利用,,,1
C0376,电气设备散热冷却结构,C0641,电池盖板、端子与密封结构,,,1
C0376,电气设备散热冷却结构,C0643,电力设施覆冰与除冰,,,2
C0376,电气设备散热冷却结构,C0645,电机驱动PWM与谐波控制,,,1
C0376,电气设备散热冷却结构,C0647,电缆绝缘护套与导体结构,,,2
C0376,电气设备散热冷却结构,C0650,空气源热泵,,,1
C0376,电气设备散热冷却结构,C0666,功率半导体器件,,,3
C0376,电气设备散热冷却结构,C0699,电池模组与电池包装配结构,,,1
C0376,电气设备散热冷却结构,C0700,永磁同步电机控制,,,1
C0376,电气设备散热冷却结构,C0701,电气设备风冷散热,,,10
C0376,电气设备散热冷却结构,C0702,电气设备液冷散热,,,11
C0376,电气设备散热冷却结构,C0708,电缆桥架与线束支撑,,,1
C0376,电气设备散热冷却结构,C0723,光伏光热联合系统,,,1
C0376,电气设备散热冷却结构,C0744,潜热储热系统,,,1
C0377,换热器热泵与储热装置混合,C0257,固体氧化物燃料电池,,,1
C0377,换热器热泵与储热装置混合,C0487,电池冷却与散热,,,24
C0377,换热器热泵与储热装置混合,C0503,充电设施散热,,,2
C0377,换热器热泵与储热装置混合,C0562,制冷工质及其热物性,,,1
C0377,换热器热泵与储热装置混合,C0579,电机转子结构与制造,,,4
C0377,换热器热泵与储热装置混合,C0580,电机定子结构与制造,,,8
C0377,换热器热泵与储热装置混合,C0607,地热供热与发电利用,,,1
C0377,换热器热泵与储热装置混合,C0641,电池盖板、端子与密封结构,,,1
C0377,换热器热泵与储热装置混合,C0643,电力设施覆冰与除冰,,,1
C0377,换热器热泵与储热装置混合,C0650,空气源热泵,,,68
C0377,换热器热泵与储热装置混合,C0651,地源热泵与地埋换热器,,,24
C0377,换热器热泵与储热装置混合,C0665,换热器结构与传热强化,,,8
C0377,换热器热泵与储热装置混合,C0666,功率半导体器件,,,1
C0377,换热器热泵与储热装置混合,C0699,电池模组与电池包装配结构,,,2
C0377,换热器热泵与储热装置混合,C0704,汽轮机运行与热力性能,,,1
C0377,换热器热泵与储热装置混合,C0744,潜热储热系统,,,20
C0377,换热器热泵与储热装置混合,C0745,热化学储热系统,,,3
C0378,纳米流体传热性质与强化,C0487,电池冷却与散热,,,51
C0378,纳米流体传热性质与强化,C0509,太阳能热水与供热装置,,,18
C0378,纳米流体传热性质与强化,C0513,天然气水合物生成与分解,,,2
C0378,纳米流体传热性质与强化,C0516,分离膜污染与清洗,,,1
C0378,纳米流体传热性质与强化,C0561,蒸汽压缩制冷循环,,,7
C0378,纳米流体传热性质与强化,C0602,摩擦纳米发电机,,,20
C0378,纳米流体传热性质与强化,C0606,地热资源勘探与储层建模,,,1
C0378,纳米流体传热性质与强化,C0630,有机朗肯循环发电,,,2
C0378,纳米流体传热性质与强化,C0651,地源热泵与地埋换热器,,,10
C0378,纳米流体传热性质与强化,C0662,吸收式制冷循环,,,4
C0378,纳米流体传热性质与强化,C0665,换热器结构与传热强化,,,111
C0378,纳米流体传热性质与强化,C0670,二氧化碳溶剂吸收捕集,,,1
C0378,纳米流体传热性质与强化,C0677,太阳能集热器传热设计,,,69
C0378,纳米流体传热性质与强化,C0678,聚光太阳能热发电,,,5
C0378,纳米流体传热性质与强化,C0684,电池热失控与传播,,,1
C0378,纳米流体传热性质与强化,C0723,光伏光热联合系统,,,104
C0378,纳米流体传热性质与强化,C0744,潜热储热系统,,,7
C0378,纳米流体传热性质与强化,,,Q.EDITORIAL,封面、索引、勘误等非研究正文,1
C0379,锅炉蒸汽系统与汽轮机运行,C0257,固体氧化物燃料电池,,,6
C0379,锅炉蒸汽系统与汽轮机运行,C0330,太阳能界面蒸发与海水淡化,,,3
C0379,锅炉蒸汽系统与汽轮机运行,C0412,质子交换膜燃料电池运行与建模,,,2
C0379,锅炉蒸汽系统与汽轮机运行,C0509,太阳能热水与供热装置,,,1
C0379,锅炉蒸汽系统与汽轮机运行,C0514,煤气化工艺与反应,,,5
C0379,锅炉蒸汽系统与汽轮机运行,C0539,配电网谐波与电能质量治理,,,1
C0379,锅炉蒸汽系统与汽轮机运行,C0543,加氢站与氢气加注,,,1
C0379,锅炉蒸汽系统与汽轮机运行,C0551,燃气轮机热力性能,,,368
C0379,锅炉蒸汽系统与汽轮机运行,C0561,蒸汽压缩制冷循环,,,3
C0379,锅炉蒸汽系统与汽轮机运行,C0566,蒸汽重整制氢与合成气,,,7
C0379,锅炉蒸汽系统与汽轮机运行,C0606,地热资源勘探与储层建模,,,1
C0379,锅炉蒸汽系统与汽轮机运行,C0607,地热供热与发电利用,,,35
C0379,锅炉蒸汽系统与汽轮机运行,C0621,工业能源审计与节能评估,,,3
C0379,锅炉蒸汽系统与汽轮机运行,C0629,超临界二氧化碳布雷顿循环,,,4
C0379,锅炉蒸汽系统与汽轮机运行,C0630,有机朗肯循环发电,,,20
C0379,锅炉蒸汽系统与汽轮机运行,C0633,区域供热供冷系统,,,22
C0379,锅炉蒸汽系统与汽轮机运行,C0650,空气源热泵,,,11
C0379,锅炉蒸汽系统与汽轮机运行,C0651,地源热泵与地埋换热器,,,12
C0379,锅炉蒸汽系统与汽轮机运行,C0652,核裂变反应堆工程,,,2
C0379,锅炉蒸汽系统与汽轮机运行,C0653,核聚变装置工程,,,4
C0379,锅炉蒸汽系统与汽轮机运行,C0661,温度传感与测量装置,,,1
C0379,锅炉蒸汽系统与汽轮机运行,C0665,换热器结构与传热强化,,,4
C0379,锅炉蒸汽系统与汽轮机运行,C0678,聚光太阳能热发电,,,6
C0379,锅炉蒸汽系统与汽轮机运行,C0680,生物质气化制合成气,,,1
C0379,锅炉蒸汽系统与汽轮机运行,C0703,电站锅炉运行与燃烧,,,30
C0379,锅炉蒸汽系统与汽轮机运行,C0704,汽轮机运行与热力性能,,,213
C0379,锅炉蒸汽系统与汽轮机运行,C0744,潜热储热系统,,,4
C0380,天然气管网供给与市场治理,C0513,天然气水合物生成与分解,,,1
C0380,天然气管网供给与市场治理,C0514,煤气化工艺与反应,,,2
C0380,天然气管网供给与市场治理,C0575,产消者能源交易,,,1
C0380,天然气管网供给与市场治理,C0594,能源安全与转型战略,,,2
C0380,天然气管网供给与市场治理,C0633,区域供热供冷系统,,,1
C0380,天然气管网供给与市场治理,C0644,沼气提纯与生物甲烷升级,,,1
C0380,天然气管网供给与市场治理,C0651,地源热泵与地埋换热器,,,2
C0380,天然气管网供给与市场治理,C0705,天然气管网优化运行,,,35
C0380,天然气管网供给与市场治理,C0718,配电网规划与容量配置,,,1
C0380,天然气管网供给与市场治理,C0720,气候变化减缓政策,,,1
C0380,天然气管网供给与市场治理,C0750,能源贫困与能源可及性,,,1
C0381,光伏发电功率预测方法与装置,C0542,光伏组件故障与缺陷检测,,,2
C0381,光伏发电功率预测方法与装置,C0550,变压器故障诊断,,,2
C0381,光伏发电功率预测方法与装置,C0552,微电网能量管理与经济调度,,,5
C0381,光伏发电功率预测方法与装置,C0578,光伏电池与组件模型参数辨识,,,3
C0381,光伏发电功率预测方法与装置,C0587,太阳辐照度预测估算,,,2
C0381,光伏发电功率预测方法与装置,C0591,电池等效电路与参数辨识,,,1
C0381,光伏发电功率预测方法与装置,C0592,电池荷电状态估计,,,1
C0381,光伏发电功率预测方法与装置,C0607,地热供热与发电利用,,,2
C0381,光伏发电功率预测方法与装置,C0636,综合能源系统优化调度,,,5
C0381,光伏发电功率预测方法与装置,C0643,电力设施覆冰与除冰,,,1
C0381,光伏发电功率预测方法与装置,C0675,风电出力预测,,,1
C0381,光伏发电功率预测方法与装置,C0676,风速预测,,,1
C0381,光伏发电功率预测方法与装置,C0686,电网灾害韧性与恢复,,,5
C0381,光伏发电功率预测方法与装置,C0710,水电站运行调度,,,1
C0381,光伏发电功率预测方法与装置,C0712,电力负荷预测,,,97
C0381,光伏发电功率预测方法与装置,C0713,电价预测,,,5
C0381,光伏发电功率预测方法与装置,C0718,配电网规划与容量配置,,,2
C0381,光伏发电功率预测方法与装置,C0723,光伏光热联合系统,,,3
C0381,光伏发电功率预测方法与装置,C0741,电网状态估计与相量测量,,,3
C0382,碳纳米管、纳米纤维与功能复合材料,C0487,电池冷却与散热,,,2
C0382,碳纳米管、纳米纤维与功能复合材料,C0493,光催化制氢,,,43
C0382,碳纳米管、纳米纤维与功能复合材料,C0498,生物能源生命周期与可持续性,,,3
C0382,碳纳米管、纳米纤维与功能复合材料,C0510,光催化二氧化碳还原,,,7
C0382,碳纳米管、纳米纤维与功能复合材料,C0516,分离膜污染与清洗,,,7
C0382,碳纳米管、纳米纤维与功能复合材料,C0518,电池电极粘结剂,,,2
C0382,碳纳米管、纳米纤维与功能复合材料,C0520,凝胶聚合物锂电解质,,,1
C0382,碳纳米管、纳米纤维与功能复合材料,C0530,钙钛矿电池界面、钝化与传输层,,,4
C0382,碳纳米管、纳米纤维与功能复合材料,C0537,其他材料光催化污染物降解,,,34
C0382,碳纳米管、纳米纤维与功能复合材料,C0555,锌空气电池,,,14
C0382,碳纳米管、纳米纤维与功能复合材料,C0556,水系锌离子电池,,,8
C0382,碳纳米管、纳米纤维与功能复合材料,C0557,TiO₂光催化污染物降解,,,1
C0382,碳纳米管、纳米纤维与功能复合材料,C0560,二氧化碳水合物形成与分离,,,2
C0382,碳纳米管、纳米纤维与功能复合材料,C0567,石墨烯结构复合材料,,,3
C0382,碳纳米管、纳米纤维与功能复合材料,C0583,碳化硅陶瓷结构材料,,,8
C0382,碳纳米管、纳米纤维与功能复合材料,C0584,聚合物有机太阳能电池,,,9
C0382,碳纳米管、纳米纤维与功能复合材料,C0600,直接空气捕碳,,,1
C0382,碳纳米管、纳米纤维与功能复合材料,C0602,摩擦纳米发电机,,,41
C0382,碳纳米管、纳米纤维与功能复合材料,C0634,二氧化碳催化加氢与甲烷化,,,1
C0382,碳纳米管、纳米纤维与功能复合材料,C0648,锂电石墨负极,,,1
C0382,碳纳米管、纳米纤维与功能复合材料,C0663,吸附式制冷循环,,,1
C0382,碳纳米管、纳米纤维与功能复合材料,C0670,二氧化碳溶剂吸收捕集,,,3
C0382,碳纳米管、纳米纤维与功能复合材料,C0671,二氧化碳固体吸附捕集,,,36
C0382,碳纳米管、纳米纤维与功能复合材料,C0677,太阳能集热器传热设计,,,1
C0382,碳纳米管、纳米纤维与功能复合材料,C0678,聚光太阳能热发电,,,1
C0382,碳纳米管、纳米纤维与功能复合材料,C0687,染料敏化电池对电极,,,29
C0382,碳纳米管、纳米纤维与功能复合材料,C0688,染料敏化电池光阳极,,,2
C0382,碳纳米管、纳米纤维与功能复合材料,C0693,活性炭制备与孔结构,,,57
C0382,碳纳米管、纳米纤维与功能复合材料,C0714,层状及富镍锂电正极材料,,,2
C0382,碳纳米管、纳米纤维与功能复合材料,C0715,锂电磷酸盐正极材料,,,15
C0382,碳纳米管、纳米纤维与功能复合材料,C0727,钠离子电池负极材料,,,126
C0382,碳纳米管、纳米纤维与功能复合材料,C0728,钠离子电池正极材料,,,18
C0382,碳纳米管、纳米纤维与功能复合材料,C0739,水污染物吸附去除,,,5
C0382,碳纳米管、纳米纤维与功能复合材料,C0744,潜热储热系统,,,22
C0382,碳纳米管、纳米纤维与功能复合材料,,,Q.EDITORIAL,封面、索引、勘误等非研究正文,31
C0383,交通运输车辆与燃料效率,C0124,电力系统碳计量与低碳调度,,,1
C0383,交通运输车辆与燃料效率,C0154,无线电能传输电路与系统,,,1
C0383,交通运输车辆与燃料效率,C0257,固体氧化物燃料电池,,,2
C0383,交通运输车辆与燃料效率,C0498,生物能源生命周期与可持续性,,,11
C0383,交通运输车辆与燃料效率,C0506,石油价格与市场经济,,,3
C0383,交通运输车辆与燃料效率,C0524,储能运行调度与收益,,,1
C0383,交通运输车辆与燃料效率,C0527,碳税与环境税费,,,22
C0383,交通运输车辆与燃料效率,C0534,氢能技术经济与生命周期,,,29
C0383,交通运输车辆与燃料效率,C0543,加氢站与氢气加注,,,6
C0383,交通运输车辆与燃料效率,C0545,电动汽车有序充放电调度,,,3
C0383,交通运输车辆与燃料效率,C0553,电动汽车推广与购买行为,,,31
C0383,交通运输车辆与燃料效率,C0554,电动汽车整车能耗与续航,,,23
C0383,交通运输车辆与燃料效率,C0572,碳排放交易机制,,,17
C0383,交通运输车辆与燃料效率,C0575,产消者能源交易,,,1
C0383,交通运输车辆与燃料效率,C0592,电池荷电状态估计,,,1
C0383,交通运输车辆与燃料效率,C0623,氢能供应链与基础设施规划,,,12
C0383,交通运输车辆与燃料效率,C0630,有机朗肯循环发电,,,4
C0383,交通运输车辆与燃料效率,C0632,电动汽车路径与补能规划,,,4
C0383,交通运输车辆与燃料效率,C0642,绿色金融与能源投资,,,1
C0383,交通运输车辆与燃料效率,C0707,船舶燃料与能效,,,27
C0383,交通运输车辆与燃料效率,C0716,柴油机燃烧与排放,,,1
C0383,交通运输车辆与燃料效率,C0719,气候变化适应与风险,,,1
C0383,交通运输车辆与燃料效率,C0720,气候变化减缓政策,,,6
C0384,电缆桥架支撑与线束安装,C0573,电连接器与接线端子,,,5
C0384,电缆桥架支撑与线束安装,C0580,电机定子结构与制造,,,3
C0384,电缆桥架支撑与线束安装,C0622,谐振与软开关变换器,,,1
C0384,电缆桥架支撑与线束安装,C0647,电缆绝缘护套与导体结构,,,35
C0384,电缆桥架支撑与线束安装,C0708,电缆桥架与线束支撑,,,462
C0385,辐照材料损伤与稳定性,C0060,超级电容器电极与器件,,,1
C0385,辐照材料损伤与稳定性,C0355,染料敏化太阳能电池材料与器件,,,1
C0385,辐照材料损伤与稳定性,C0533,氮化镓功率与结器件,,,1
C0385,辐照材料损伤与稳定性,C0577,质子交换膜水电解制氢,,,1
C0385,辐照材料损伤与稳定性,C0583,碳化硅陶瓷结构材料,,,3
C0385,辐照材料损伤与稳定性,C0647,电缆绝缘护套与导体结构,,,3
C0385,辐照材料损伤与稳定性,C0652,核裂变反应堆工程,,,8
C0385,辐照材料损伤与稳定性,C0653,核聚变装置工程,,,61
C0385,辐照材料损伤与稳定性,C0661,温度传感与测量装置,,,1
C0385,辐照材料损伤与稳定性,C0695,铀钍提取与分离,,,3
C0385,辐照材料损伤与稳定性,C0709,核结构材料辐照损伤,,,143
C0385,辐照材料损伤与稳定性,C0714,层状及富镍锂电正极材料,,,1
C0386,感应电机运行控制与性能,C0499,电磁能量采集,,,17
C0386,感应电机运行控制与性能,C0500,压电能量采集,,,10
C0386,感应电机运行控制与性能,C0512,无线充电器与装置,,,1
C0386,感应电机运行控制与性能,C0546,永磁电机磁路与结构设计,,,2
C0386,感应电机运行控制与性能,C0564,波浪能转换装置,,,2
C0386,感应电机运行控制与性能,C0592,电池荷电状态估计,,,1
C0386,感应电机运行控制与性能,C0602,摩擦纳米发电机,,,1
C0386,感应电机运行控制与性能,C0614,电晕放电与电晕损耗,,,1
C0386,感应电机运行控制与性能,C0645,电机驱动PWM与谐波控制,,,287
C0386,感应电机运行控制与性能,C0646,电机转矩脉动抑制,,,247
C0386,感应电机运行控制与性能,C0653,核聚变装置工程,,,1
C0386,感应电机运行控制与性能,C0667,电网频率控制,,,1
C0386,感应电机运行控制与性能,C0700,永磁同步电机控制,,,18
C0386,感应电机运行控制与性能,C0746,功率因数校正电路与控制,,,9
C0387,有机发光二极管与发光材料,C0530,钙钛矿电池界面、钝化与传输层,,,1
C0387,有机发光二极管与发光材料,C0533,氮化镓功率与结器件,,,1
C0387,有机发光二极管与发光材料,C0664,LED照明灯具与配光,,,10
C0387,有机发光二极管与发光材料,C0689,染料敏化电池敏化剂,,,1
C0387,有机发光二极管与发光材料,,,Q.EDITORIAL,封面、索引、勘误等非研究正文,5
C0388,风电机组变桨偏航与运行控制,C0500,压电能量采集,,,4
C0388,风电机组变桨偏航与运行控制,C0550,变压器故障诊断,,,13
C0388,风电机组变桨偏航与运行控制,C0564,波浪能转换装置,,,5
C0388,风电机组变桨偏航与运行控制,C0602,摩擦纳米发电机,,,1
C0388,风电机组变桨偏航与运行控制,C0643,电力设施覆冰与除冰,,,1
C0388,风电机组变桨偏航与运行控制,C0645,电机驱动PWM与谐波控制,,,1
C0388,风电机组变桨偏航与运行控制,C0667,电网频率控制,,,1
C0388,风电机组变桨偏航与运行控制,C0672,漂浮式海上风电平台,,,12
C0388,风电机组变桨偏航与运行控制,C0711,水轮机性能与设计,,,1
C0388,风电机组变桨偏航与运行控制,C0726,风机状态监测与预测性维护,,,61
C0388,风电机组变桨偏航与运行控制,C0734,液压泵性能与控制,,,1
C0388,风电机组变桨偏航与运行控制,C0736,电力系统暂态稳定,,,1
C0389,计算流体力学与多相流,C0298,场效应晶体管结构与建模,,,3
C0389,计算流体力学与多相流,C0513,天然气水合物生成与分解,,,3
C0389,计算流体力学与多相流,C0515,膜法海水淡化,,,10
C0389,计算流体力学与多相流,C0516,分离膜污染与清洗,,,2
C0389,计算流体力学与多相流,C0536,燃料电池水管理,,,3
C0389,计算流体力学与多相流,C0561,蒸汽压缩制冷循环,,,2
C0389,计算流体力学与多相流,C0564,波浪能转换装置,,,12
C0389,计算流体力学与多相流,C0576,碱性水电解制氢,,,3
C0389,计算流体力学与多相流,C0577,质子交换膜水电解制氢,,,19
C0389,计算流体力学与多相流,C0606,地热资源勘探与储层建模,,,3
C0389,计算流体力学与多相流,C0614,电晕放电与电晕损耗,,,3
C0389,计算流体力学与多相流,C0630,有机朗肯循环发电,,,4
C0389,计算流体力学与多相流,C0647,电缆绝缘护套与导体结构,,,1
C0389,计算流体力学与多相流,C0651,地源热泵与地埋换热器,,,1
C0389,计算流体力学与多相流,C0653,核聚变装置工程,,,6
C0389,计算流体力学与多相流,C0662,吸收式制冷循环,,,5
C0389,计算流体力学与多相流,C0670,二氧化碳溶剂吸收捕集,,,1
C0389,计算流体力学与多相流,C0677,太阳能集热器传热设计,,,1
C0389,计算流体力学与多相流,C0680,生物质气化制合成气,,,6
C0389,计算流体力学与多相流,C0700,永磁同步电机控制,,,1
C0389,计算流体力学与多相流,C0705,天然气管网优化运行,,,1
C0389,计算流体力学与多相流,C0716,柴油机燃烧与排放,,,1
C0389,计算流体力学与多相流,,,Q.EDITORIAL,封面、索引、勘误等非研究正文,3
C0390,开关谐振及功率调节电路,C0060,超级电容器电极与器件,,,1
C0390,开关谐振及功率调节电路,C0154,无线电能传输电路与系统,,,2
C0390,开关谐振及功率调节电路,C0386,感应电机运行控制与性能,,,1
C0390,开关谐振及功率调节电路,C0472,多电平逆变器拓扑与调制,,,12
C0390,开关谐振及功率调节电路,C0512,无线充电器与装置,,,1
C0390,开关谐振及功率调节电路,C0563,电力线载波通信,,,1
C0390,开关谐振及功率调节电路,C0580,电机定子结构与制造,,,1
C0390,开关谐振及功率调节电路,C0602,摩擦纳米发电机,,,5
C0390,开关谐振及功率调节电路,C0608,隔离型DC-DC变换器,,,3
C0390,开关谐振及功率调节电路,C0622,谐振与软开关变换器,,,47
C0390,开关谐振及功率调节电路,C0637,电流检测与测量电路,,,1
C0390,开关谐振及功率调节电路,C0638,电压检测与测量电路,,,1
C0390,开关谐振及功率调节电路,C0645,电机驱动PWM与谐波控制,,,4
C0390,开关谐振及功率调节电路,C0657,电池单体均衡控制,,,2
C0390,开关谐振及功率调节电路,C0666,功率半导体器件,,,10
C0390,开关谐振及功率调节电路,C0700,永磁同步电机控制,,,1
C0390,开关谐振及功率调节电路,C0746,功率因数校正电路与控制,,,6
C0391,水力发电与水轮机系统,C0246,虚拟电厂资源聚合与调度,,,1
C0391,水力发电与水轮机系统,C0257,固体氧化物燃料电池,,,1
C0391,水力发电与水轮机系统,C0330,太阳能界面蒸发与海水淡化,,,2
C0391,水力发电与水轮机系统,C0386,感应电机运行控制与性能,,,3
C0391,水力发电与水轮机系统,C0412,质子交换膜燃料电池运行与建模,,,1
C0391,水力发电与水轮机系统,C0489,海上风电开发与技术经济,,,1
C0391,水力发电与水轮机系统,C0490,风能资源评估与选址,,,6
C0391,水力发电与水轮机系统,C0499,电磁能量采集,,,1
C0391,水力发电与水轮机系统,C0500,压电能量采集,,,2
C0391,水力发电与水轮机系统,C0502,潮汐与潮流能开发,,,67
C0391,水力发电与水轮机系统,C0509,太阳能热水与供热装置,,,2
C0391,水力发电与水轮机系统,C0515,膜法海水淡化,,,79
C0391,水力发电与水轮机系统,C0524,储能运行调度与收益,,,2
C0391,水力发电与水轮机系统,C0525,储能容量配置与选址,,,1
C0391,水力发电与水轮机系统,C0534,氢能技术经济与生命周期,,,4
C0391,水力发电与水轮机系统,C0551,燃气轮机热力性能,,,10
C0391,水力发电与水轮机系统,C0552,微电网能量管理与经济调度,,,3
C0391,水力发电与水轮机系统,C0559,大气集水与雾水采集,,,3
C0391,水力发电与水轮机系统,C0564,波浪能转换装置,,,40
C0391,水力发电与水轮机系统,C0576,碱性水电解制氢,,,1
C0391,水力发电与水轮机系统,C0577,质子交换膜水电解制氢,,,2
C0391,水力发电与水轮机系统,C0602,摩擦纳米发电机,,,2
C0391,水力发电与水轮机系统,C0607,地热供热与发电利用,,,13
C0391,水力发电与水轮机系统,C0611,电气安全与触电风险,,,1
C0391,水力发电与水轮机系统,C0624,农光互补与农光协同,,,4
C0391,水力发电与水轮机系统,C0625,光伏技术经济与投资,,,4
C0391,水力发电与水轮机系统,C0629,超临界二氧化碳布雷顿循环,,,1
C0391,水力发电与水轮机系统,C0630,有机朗肯循环发电,,,3
C0391,水力发电与水轮机系统,C0647,电缆绝缘护套与导体结构,,,1
C0391,水力发电与水轮机系统,C0651,地源热泵与地埋换热器,,,2
C0391,水力发电与水轮机系统,C0678,聚光太阳能热发电,,,1
C0391,水力发电与水轮机系统,C0686,电网灾害韧性与恢复,,,2
C0391,水力发电与水轮机系统,C0710,水电站运行调度,,,88
C0391,水力发电与水轮机系统,C0711,水轮机性能与设计,,,40
C0391,水力发电与水轮机系统,C0718,配电网规划与容量配置,,,1
C0391,水力发电与水轮机系统,C0733,灌溉水资源优化调度,,,6
C0391,水力发电与水轮机系统,C0750,能源贫困与能源可及性,,,2
C0391,水力发电与水轮机系统,,,Q.EDITORIAL,封面、索引、勘误等非研究正文,3
C0392,电网电压无功与多目标运行优化,C0060,超级电容器电极与器件,,,2
C0392,电网电压无功与多目标运行优化,C0408,配电网重构与优化运行,,,1
C0392,电网电压无功与多目标运行优化,C0487,电池冷却与散热,,,1
C0392,电网电压无功与多目标运行优化,C0499,电磁能量采集,,,1
C0392,电网电压无功与多目标运行优化,C0500,压电能量采集,,,1
C0392,电网电压无功与多目标运行优化,C0524,储能运行调度与收益,,,1
C0392,电网电压无功与多目标运行优化,C0539,配电网谐波与电能质量治理,,,11
C0392,电网电压无功与多目标运行优化,C0540,配电网电压无功优化,,,1
C0392,电网电压无功与多目标运行优化,C0542,光伏组件故障与缺陷检测,,,3
C0392,电网电压无功与多目标运行优化,C0545,电动汽车有序充放电调度,,,4
C0392,电网电压无功与多目标运行优化,C0552,微电网能量管理与经济调度,,,2
C0392,电网电压无功与多目标运行优化,C0581,微电网下垂控制与功率分配,,,2
C0392,电网电压无功与多目标运行优化,C0626,屋顶与分布式光伏部署,,,1
C0392,电网电压无功与多目标运行优化,C0636,综合能源系统优化调度,,,2
C0392,电网电压无功与多目标运行优化,C0638,电压检测与测量电路,,,1
C0392,电网电压无功与多目标运行优化,C0667,电网频率控制,,,1
C0392,电网电压无功与多目标运行优化,C0686,电网灾害韧性与恢复,,,13
C0392,电网电压无功与多目标运行优化,C0690,电力知识图谱,,,1
C0392,电网电压无功与多目标运行优化,C0710,水电站运行调度,,,1
C0392,电网电压无功与多目标运行优化,C0712,电力负荷预测,,,2
C0392,电网电压无功与多目标运行优化,C0718,配电网规划与容量配置,,,2
C0392,电网电压无功与多目标运行优化,C0736,电力系统暂态稳定,,,7
C0392,电网电压无功与多目标运行优化,C0737,电力系统电压稳定,,,8
C0392,电网电压无功与多目标运行优化,C0746,功率因数校正电路与控制,,,4
C0393,配位化学与分子晶体结构,C0298,场效应晶体管结构与建模,,,6
C0393,配位化学与分子晶体结构,C0493,光催化制氢,,,12
C0393,配位化学与分子晶体结构,C0501,钠电池电解液与界面,,,2
C0393,配位化学与分子晶体结构,C0510,光催化二氧化碳还原,,,7
C0393,配位化学与分子晶体结构,C0521,固态聚合物锂电解质,,,1
C0393,配位化学与分子晶体结构,C0530,钙钛矿电池界面、钝化与传输层,,,3
C0393,配位化学与分子晶体结构,C0537,其他材料光催化污染物降解,,,4
C0393,配位化学与分子晶体结构,C0560,二氧化碳水合物形成与分离,,,1
C0393,配位化学与分子晶体结构,C0577,质子交换膜水电解制氢,,,1
C0393,配位化学与分子晶体结构,C0616,锂金属负极界面稳定与枝晶抑制,,,1
C0393,配位化学与分子晶体结构,C0634,二氧化碳催化加氢与甲烷化,,,1
C0393,配位化学与分子晶体结构,C0670,二氧化碳溶剂吸收捕集,,,4
C0393,配位化学与分子晶体结构,C0671,二氧化碳固体吸附捕集,,,3
C0393,配位化学与分子晶体结构,C0694,稀土元素提取分离,,,2
C0393,配位化学与分子晶体结构,C0695,铀钍提取与分离,,,1
C0393,配位化学与分子晶体结构,C0714,层状及富镍锂电正极材料,,,11
C0393,配位化学与分子晶体结构,C0728,钠离子电池正极材料,,,4
C0393,配位化学与分子晶体结构,,,Q.EDITORIAL,封面、索引、勘误等非研究正文,77
C0393,配位化学与分子晶体结构,,,Q.INSUFFICIENT,题名摘要不足，待补全,1
C0394,电力负荷需求与电价预测,C0124,电力系统碳计量与低碳调度,,,1
C0394,电力负荷需求与电价预测,C0156,电力交易竞价与市场优化,,,13
C0394,电力负荷需求与电价预测,C0246,虚拟电厂资源聚合与调度,,,1
C0394,电力负荷需求与电价预测,C0381,光伏发电功率预测方法与装置,,,16
C0394,电力负荷需求与电价预测,C0435,智能电表物联网与用能监测,,,14
C0394,电力负荷需求与电价预测,C0490,风能资源评估与选址,,,1
C0394,电力负荷需求与电价预测,C0506,石油价格与市场经济,,,2
C0394,电力负荷需求与电价预测,C0517,配电网需求响应与柔性调度,,,2
C0394,电力负荷需求与电价预测,C0524,储能运行调度与收益,,,2
C0394,电力负荷需求与电价预测,C0525,储能容量配置与选址,,,1
C0394,电力负荷需求与电价预测,C0539,配电网谐波与电能质量治理,,,1
C0394,电力负荷需求与电价预测,C0540,配电网电压无功优化,,,1
C0394,电力负荷需求与电价预测,C0552,微电网能量管理与经济调度,,,3
C0394,电力负荷需求与电价预测,C0554,电动汽车整车能耗与续航,,,20
C0394,电力负荷需求与电价预测,C0564,波浪能转换装置,,,2
C0394,电力负荷需求与电价预测,C0574,电力市场机制与制度设计,,,1
C0394,电力负荷需求与电价预测,C0575,产消者能源交易,,,2
C0394,电力负荷需求与电价预测,C0592,电池荷电状态估计,,,3
C0394,电力负荷需求与电价预测,C0593,电池健康状态与寿命预测,,,1
C0394,电力负荷需求与电价预测,C0595,电网短路电流计算,,,1
C0394,电力负荷需求与电价预测,C0597,电动汽车充电负荷预测,,,18
C0394,电力负荷需求与电价预测,C0607,地热供热与发电利用,,,1
C0394,电力负荷需求与电价预测,C0613,电力系统可靠性评估,,,3
C0394,电力负荷需求与电价预测,C0621,工业能源审计与节能评估,,,1
C0394,电力负荷需求与电价预测,C0633,区域供热供冷系统,,,5
C0394,电力负荷需求与电价预测,C0636,综合能源系统优化调度,,,5
C0394,电力负荷需求与电价预测,C0654,能源电力教学实验平台,,,7
C0394,电力负荷需求与电价预测,C0675,风电出力预测,,,6
C0394,电力负荷需求与电价预测,C0676,风速预测,,,1
C0394,电力负荷需求与电价预测,C0678,聚光太阳能热发电,,,1
C0394,电力负荷需求与电价预测,C0686,电网灾害韧性与恢复,,,3
C0394,电力负荷需求与电价预测,C0710,水电站运行调度,,,9
C0394,电力负荷需求与电价预测,C0712,电力负荷预测,,,2177
C0394,电力负荷需求与电价预测,C0713,电价预测,,,908
C0394,电力负荷需求与电价预测,C0718,配电网规划与容量配置,,,17
C0394,电力负荷需求与电价预测,C0720,气候变化减缓政策,,,1
C0394,电力负荷需求与电价预测,C0729,建筑暖通空调能耗,,,5
C0394,电力负荷需求与电价预测,C0737,电力系统电压稳定,,,1
C0394,电力负荷需求与电价预测,C0741,电网状态估计与相量测量,,,5
C0394,电力负荷需求与电价预测,C0750,能源贫困与能源可及性,,,2
C0395,纳米材料热传导与热管理,C0298,场效应晶体管结构与建模,,,5
C0395,纳米材料热传导与热管理,C0487,电池冷却与散热,,,19
C0395,纳米材料热传导与热管理,C0500,压电能量采集,,,1
C0395,纳米材料热传导与热管理,C0501,钠电池电解液与界面,,,1
C0395,纳米材料热传导与热管理,C0509,太阳能热水与供热装置,,,2
C0395,纳米材料热传导与热管理,C0533,氮化镓功率与结器件,,,3
C0395,纳米材料热传导与热管理,C0561,蒸汽压缩制冷循环,,,1
C0395,纳米材料热传导与热管理,C0567,石墨烯结构复合材料,,,2
C0395,纳米材料热传导与热管理,C0583,碳化硅陶瓷结构材料,,,4
C0395,纳米材料热传导与热管理,C0584,聚合物有机太阳能电池,,,1
C0395,纳米材料热传导与热管理,C0599,电气设备温度监测与控制,,,1
C0395,纳米材料热传导与热管理,C0601,铜基热电材料,,,20
C0395,纳米材料热传导与热管理,C0602,摩擦纳米发电机,,,27
C0395,纳米材料热传导与热管理,C0662,吸收式制冷循环,,,1
C0395,纳米材料热传导与热管理,C0665,换热器结构与传热强化,,,6
C0395,纳米材料热传导与热管理,C0671,二氧化碳固体吸附捕集,,,1
C0395,纳米材料热传导与热管理,C0677,太阳能集热器传热设计,,,2
C0395,纳米材料热传导与热管理,C0714,层状及富镍锂电正极材料,,,2
C0395,纳米材料热传导与热管理,C0723,光伏光热联合系统,,,10
C0395,纳米材料热传导与热管理,C0744,潜热储热系统,,,331
C0395,纳米材料热传导与热管理,C0745,热化学储热系统,,,2
C0395,纳米材料热传导与热管理,,,Q.EDITORIAL,封面、索引、勘误等非研究正文,5
C0396,转写词与文本质量干扰的跨学科混杂,C0533,氮化镓功率与结器件,,,1
C0396,转写词与文本质量干扰的跨学科混杂,,,Q.EDITORIAL,封面、索引、勘误等非研究正文,45
C0396,转写词与文本质量干扰的跨学科混杂,,,Q.INSUFFICIENT,题名摘要不足，待补全,23
C0397,风机发电装置与机舱结构,C0060,超级电容器电极与器件,,,3
C0397,风机发电装置与机舱结构,C0487,电池冷却与散热,,,2
C0397,风机发电装置与机舱结构,C0500,压电能量采集,,,3
C0397,风机发电装置与机舱结构,C0579,电机转子结构与制造,,,7
C0397,风机发电装置与机舱结构,C0580,电机定子结构与制造,,,5
C0397,风机发电装置与机舱结构,C0602,摩擦纳米发电机,,,3
C0397,风机发电装置与机舱结构,C0643,电力设施覆冰与除冰,,,3
C0397,风机发电装置与机舱结构,C0661,温度传感与测量装置,,,1
C0397,风机发电装置与机舱结构,C0672,漂浮式海上风电平台,,,16
C0397,风机发电装置与机舱结构,C0678,聚光太阳能热发电,,,1
C0397,风机发电装置与机舱结构,C0699,电池模组与电池包装配结构,,,1
C0397,风机发电装置与机舱结构,C0701,电气设备风冷散热,,,19
C0397,风机发电装置与机舱结构,C0708,电缆桥架与线束支撑,,,2
C0398,锌锆系及其他无机纳米材料,C0009,二氧化碳电还原催化,,,25
C0398,锌锆系及其他无机纳米材料,C0060,超级电容器电极与器件,,,85
C0398,锌锆系及其他无机纳米材料,C0122,热电材料与热电性能优化,,,8
C0398,锌锆系及其他无机纳米材料,C0155,电解水析氧催化,,,13
C0398,锌锆系及其他无机纳米材料,C0226,过硫酸盐活化与高级氧化,,,1
C0398,锌锆系及其他无机纳米材料,C0254,电催化析氢与界面调控,,,17
C0398,锌锆系及其他无机纳米材料,C0257,固体氧化物燃料电池,,,31
C0398,锌锆系及其他无机纳米材料,C0278,整体电催化水分解,,,3
C0398,锌锆系及其他无机纳米材料,C0336,硅碳负极材料与制备,,,1
C0398,锌锆系及其他无机纳米材料,C0355,染料敏化太阳能电池材料与器件,,,32
C0398,锌锆系及其他无机纳米材料,C0358,非贵金属氧还原电催化材料,,,3
C0398,锌锆系及其他无机纳米材料,C0387,有机发光二极管与发光材料,,,1
C0398,锌锆系及其他无机纳米材料,C0407,水系锌电池负极及界面稳定,,,53
C0398,锌锆系及其他无机纳米材料,C0417,固体氧化物电解池与可逆电化学单元,,,1
C0398,锌锆系及其他无机纳米材料,C0493,光催化制氢,,,20
C0398,锌锆系及其他无机纳米材料,C0501,钠电池电解液与界面,,,1
C0398,锌锆系及其他无机纳米材料,C0516,分离膜污染与清洗,,,1
C0398,锌锆系及其他无机纳米材料,C0521,固态聚合物锂电解质,,,1
C0398,锌锆系及其他无机纳米材料,C0530,钙钛矿电池界面、钝化与传输层,,,1
C0398,锌锆系及其他无机纳米材料,C0537,其他材料光催化污染物降解,,,11
C0398,锌锆系及其他无机纳米材料,C0555,锌空气电池,,,1
C0398,锌锆系及其他无机纳米材料,C0556,水系锌离子电池,,,14
C0398,锌锆系及其他无机纳米材料,C0557,TiO₂光催化污染物降解,,,1
C0398,锌锆系及其他无机纳米材料,C0560,二氧化碳水合物形成与分离,,,1
C0398,锌锆系及其他无机纳米材料,C0571,光伏电池与组件制造工艺,,,2
C0398,锌锆系及其他无机纳米材料,C0583,碳化硅陶瓷结构材料,,,11
C0398,锌锆系及其他无机纳米材料,C0584,聚合物有机太阳能电池,,,5
C0398,锌锆系及其他无机纳米材料,C0598,锂资源提取与分离,,,1
C0398,锌锆系及其他无机纳米材料,C0602,摩擦纳米发电机,,,5
C0398,锌锆系及其他无机纳米材料,C0603,ZnO光催化污染物降解,,,32
C0398,锌锆系及其他无机纳米材料,C0616,锂金属负极界面稳定与枝晶抑制,,,4
C0398,锌锆系及其他无机纳米材料,C0634,二氧化碳催化加氢与甲烷化,,,2
C0398,锌锆系及其他无机纳米材料,C0671,二氧化碳固体吸附捕集,,,18
C0398,锌锆系及其他无机纳米材料,C0693,活性炭制备与孔结构,,,2
C0398,锌锆系及其他无机纳米材料,C0694,稀土元素提取分离,,,1
C0398,锌锆系及其他无机纳米材料,C0695,铀钍提取与分离,,,2
C0398,锌锆系及其他无机纳米材料,C0714,层状及富镍锂电正极材料,,,11
C0398,锌锆系及其他无机纳米材料,C0715,锂电磷酸盐正极材料,,,2
C0398,锌锆系及其他无机纳米材料,C0727,钠离子电池负极材料,,,3
C0398,锌锆系及其他无机纳米材料,C0728,钠离子电池正极材料,,,2
C0398,锌锆系及其他无机纳米材料,C0739,水污染物吸附去除,,,5
C0398,锌锆系及其他无机纳米材料,C0742,氮气电还原制氨,,,1
C0398,锌锆系及其他无机纳米材料,C0744,潜热储热系统,,,1
C0398,锌锆系及其他无机纳米材料,,,Q.EDITORIAL,封面、索引、勘误等非研究正文,7
C0398,锌锆系及其他无机纳米材料,,,Q.INSUFFICIENT,题名摘要不足，待补全,1
C0399,可见光催化材料与反应,C0009,二氧化碳电还原催化,,,3
C0399,可见光催化材料与反应,C0060,超级电容器电极与器件,,,16
C0399,可见光催化材料与反应,C0155,电解水析氧催化,,,3
C0399,可见光催化材料与反应,C0226,过硫酸盐活化与高级氧化,,,5
C0399,可见光催化材料与反应,C0233,半导体光电化学水分解,,,54
C0399,可见光催化材料与反应,C0254,电催化析氢与界面调控,,,1
C0399,可见光催化材料与反应,C0355,染料敏化太阳能电池材料与器件,,,56
C0399,可见光催化材料与反应,C0387,有机发光二极管与发光材料,,,31
C0399,可见光催化材料与反应,C0493,光催化制氢,,,260
C0399,可见光催化材料与反应,C0510,光催化二氧化碳还原,,,79
C0399,可见光催化材料与反应,C0516,分离膜污染与清洗,,,1
C0399,可见光催化材料与反应,C0537,其他材料光催化污染物降解,,,1781
C0399,可见光催化材料与反应,C0556,水系锌离子电池,,,1
C0399,可见光催化材料与反应,C0557,TiO₂光催化污染物降解,,,60
C0399,可见光催化材料与反应,C0571,光伏电池与组件制造工艺,,,2
C0399,可见光催化材料与反应,C0584,聚合物有机太阳能电池,,,3
C0399,可见光催化材料与反应,C0586,小分子有机太阳能电池,,,1
C0399,可见光催化材料与反应,C0602,摩擦纳米发电机,,,4
C0399,可见光催化材料与反应,C0603,ZnO光催化污染物降解,,,36
C0399,可见光催化材料与反应,C0634,二氧化碳催化加氢与甲烷化,,,2
C0399,可见光催化材料与反应,C0671,二氧化碳固体吸附捕集,,,2
C0399,可见光催化材料与反应,C0688,染料敏化电池光阳极,,,5
C0399,可见光催化材料与反应,C0689,染料敏化电池敏化剂,,,6
C0399,可见光催化材料与反应,C0739,水污染物吸附去除,,,1
C0399,可见光催化材料与反应,,,Q.EDITORIAL,封面、索引、勘误等非研究正文,10
C0400,分类算法与跨领域技术文本混合,C0387,有机发光二极管与发光材料,,,1
C0400,分类算法与跨领域技术文本混合,C0412,质子交换膜燃料电池运行与建模,,,2
C0400,分类算法与跨领域技术文本混合,C0549,开关设备故障检测,,,1
C0400,分类算法与跨领域技术文本混合,C0564,波浪能转换装置,,,1
C0400,分类算法与跨领域技术文本混合,C0593,电池健康状态与寿命预测,,,3
C0400,分类算法与跨领域技术文本混合,C0615,电气绝缘局部放电,,,1
C0400,分类算法与跨领域技术文本混合,C0747,网络入侵检测,,,2
C0400,分类算法与跨领域技术文本混合,,,Q.EDITORIAL,封面、索引、勘误等非研究正文,1
C0401,期刊会议索引与出版信息,,,Q.EDITORIAL,封面、索引、勘误等非研究正文,16
C0401,期刊会议索引与出版信息,,,Q.INSUFFICIENT,题名摘要不足，待补全,31
C0402,晶格声子热输运与热膨胀,C0298,场效应晶体管结构与建模,,,6
C0402,晶格声子热输运与热膨胀,C0493,光催化制氢,,,1
C0402,晶格声子热输运与热膨胀,C0501,钠电池电解液与界面,,,1
C0402,晶格声子热输运与热膨胀,C0530,钙钛矿电池界面、钝化与传输层,,,1
C0402,晶格声子热输运与热膨胀,C0533,氮化镓功率与结器件,,,56
C0402,晶格声子热输运与热膨胀,C0556,水系锌离子电池,,,1
C0402,晶格声子热输运与热膨胀,C0560,二氧化碳水合物形成与分离,,,2
C0402,晶格声子热输运与热膨胀,C0565,二氧化碳干重整制合成气,,,1
C0402,晶格声子热输运与热膨胀,C0583,碳化硅陶瓷结构材料,,,6
C0402,晶格声子热输运与热膨胀,C0596,聚变加热与中性束注入,,,25
C0402,晶格声子热输运与热膨胀,C0601,铜基热电材料,,,4
C0402,晶格声子热输运与热膨胀,C0630,有机朗肯循环发电,,,4
C0402,晶格声子热输运与热膨胀,C0647,电缆绝缘护套与导体结构,,,2
C0402,晶格声子热输运与热膨胀,C0653,核聚变装置工程,,,2
C0402,晶格声子热输运与热膨胀,C0662,吸收式制冷循环,,,2
C0402,晶格声子热输运与热膨胀,C0665,换热器结构与传热强化,,,2
C0402,晶格声子热输运与热膨胀,C0670,二氧化碳溶剂吸收捕集,,,1
C0402,晶格声子热输运与热膨胀,C0671,二氧化碳固体吸附捕集,,,4
C0402,晶格声子热输运与热膨胀,C0673,硫化物固态电解质,,,1
C0402,晶格声子热输运与热膨胀,C0677,太阳能集热器传热设计,,,1
C0402,晶格声子热输运与热膨胀,C0684,电池热失控与传播,,,3
C0402,晶格声子热输运与热膨胀,C0693,活性炭制备与孔结构,,,1
C0402,晶格声子热输运与热膨胀,C0714,层状及富镍锂电正极材料,,,12
C0402,晶格声子热输运与热膨胀,C0715,锂电磷酸盐正极材料,,,2
C0402,晶格声子热输运与热膨胀,C0728,钠离子电池正极材料,,,2
C0402,晶格声子热输运与热膨胀,C0744,潜热储热系统,,,29
C0402,晶格声子热输运与热膨胀,C0745,热化学储热系统,,,23
C0402,晶格声子热输运与热膨胀,,,Q.EDITORIAL,封面、索引、勘误等非研究正文,15
C0403,汽车技术产品与零部件资讯,C0060,超级电容器电极与器件,,,5
C0403,汽车技术产品与零部件资讯,C0386,感应电机运行控制与性能,,,12
C0403,汽车技术产品与零部件资讯,C0412,质子交换膜燃料电池运行与建模,,,1
C0403,汽车技术产品与零部件资讯,C0472,多电平逆变器拓扑与调制,,,3
C0403,汽车技术产品与零部件资讯,C0500,压电能量采集,,,7
C0403,汽车技术产品与零部件资讯,C0512,无线充电器与装置,,,1
C0403,汽车技术产品与零部件资讯,C0554,电动汽车整车能耗与续航,,,1
C0403,汽车技术产品与零部件资讯,C0602,摩擦纳米发电机,,,1
C0403,汽车技术产品与零部件资讯,C0630,有机朗肯循环发电,,,1
C0403,汽车技术产品与零部件资讯,C0645,电机驱动PWM与谐波控制,,,1
C0403,汽车技术产品与零部件资讯,C0700,永磁同步电机控制,,,2
C0403,汽车技术产品与零部件资讯,C0708,电缆桥架与线束支撑,,,4
C0403,汽车技术产品与零部件资讯,,,Q.INSUFFICIENT,题名摘要不足，待补全,3
C0404,空调系统与能效控制装置,C0487,电池冷却与散热,,,7
C0404,空调系统与能效控制装置,C0535,燃料电池供气与空压控制,,,10
C0404,空调系统与能效控制装置,C0643,电力设施覆冰与除冰,,,1
C0404,空调系统与能效控制装置,C0650,空气源热泵,,,7
C0404,空调系统与能效控制装置,C0657,电池单体均衡控制,,,1
C0404,空调系统与能效控制装置,C0684,电池热失控与传播,,,2
C0404,空调系统与能效控制装置,C0701,电气设备风冷散热,,,2
C0404,空调系统与能效控制装置,C0729,建筑暖通空调能耗,,,3
C0404,空调系统与能效控制装置,C0746,功率因数校正电路与控制,,,1
C0405,群智能与多目标优化算法,C0129,生物质与污泥厌氧消化产气,,,2
C0405,群智能与多目标优化算法,C0500,压电能量采集,,,1
C0405,群智能与多目标优化算法,C0502,潮汐与潮流能开发,,,1
C0405,群智能与多目标优化算法,C0512,无线充电器与装置,,,1
C0405,群智能与多目标优化算法,C0517,配电网需求响应与柔性调度,,,2
C0405,群智能与多目标优化算法,C0524,储能运行调度与收益,,,1
C0405,群智能与多目标优化算法,C0525,储能容量配置与选址,,,2
C0405,群智能与多目标优化算法,C0533,氮化镓功率与结器件,,,1
C0405,群智能与多目标优化算法,C0535,燃料电池供气与空压控制,,,1
C0405,群智能与多目标优化算法,C0539,配电网谐波与电能质量治理,,,12
C0405,群智能与多目标优化算法,C0540,配电网电压无功优化,,,7
C0405,群智能与多目标优化算法,C0543,加氢站与氢气加注,,,1
C0405,群智能与多目标优化算法,C0546,永磁电机磁路与结构设计,,,1
C0405,群智能与多目标优化算法,C0548,输配电线路故障检测与定位,,,1
C0405,群智能与多目标优化算法,C0550,变压器故障诊断,,,2
C0405,群智能与多目标优化算法,C0551,燃气轮机热力性能,,,1
C0405,群智能与多目标优化算法,C0552,微电网能量管理与经济调度,,,27
C0405,群智能与多目标优化算法,C0564,波浪能转换装置,,,20
C0405,群智能与多目标优化算法,C0572,碳排放交易机制,,,1
C0405,群智能与多目标优化算法,C0574,电力市场机制与制度设计,,,2
C0405,群智能与多目标优化算法,C0578,光伏电池与组件模型参数辨识,,,24
C0405,群智能与多目标优化算法,C0581,微电网下垂控制与功率分配,,,8
C0405,群智能与多目标优化算法,C0582,微电网孤岛切换与动态控制,,,7
C0405,群智能与多目标优化算法,C0588,电网接地与地网安全,,,5
C0405,群智能与多目标优化算法,C0592,电池荷电状态估计,,,2
C0405,群智能与多目标优化算法,C0593,电池健康状态与寿命预测,,,2
C0405,群智能与多目标优化算法,C0602,摩擦纳米发电机,,,1
C0405,群智能与多目标优化算法,C0615,电气绝缘局部放电,,,1
C0405,群智能与多目标优化算法,C0622,谐振与软开关变换器,,,3
C0405,群智能与多目标优化算法,C0624,农光互补与农光协同,,,1
C0405,群智能与多目标优化算法,C0630,有机朗肯循环发电,,,7
C0405,群智能与多目标优化算法,C0631,电动汽车充电站选址规划,,,2
C0405,群智能与多目标优化算法,C0632,电动汽车路径与补能规划,,,8
C0405,群智能与多目标优化算法,C0635,综合能源系统规划配置,,,3
C0405,群智能与多目标优化算法,C0636,综合能源系统优化调度,,,15
C0405,群智能与多目标优化算法,C0645,电机驱动PWM与谐波控制,,,1
C0405,群智能与多目标优化算法,C0665,换热器结构与传热强化,,,1
C0405,群智能与多目标优化算法,C0667,电网频率控制,,,8
C0405,群智能与多目标优化算法,C0672,漂浮式海上风电平台,,,1
C0405,群智能与多目标优化算法,C0675,风电出力预测,,,2
C0405,群智能与多目标优化算法,C0676,风速预测,,,2
C0405,群智能与多目标优化算法,C0679,FPGA实时控制与硬件实现,,,2
C0405,群智能与多目标优化算法,C0686,电网灾害韧性与恢复,,,3
C0405,群智能与多目标优化算法,C0700,永磁同步电机控制,,,2
C0405,群智能与多目标优化算法,C0710,水电站运行调度,,,29
C0405,群智能与多目标优化算法,C0711,水轮机性能与设计,,,1
C0405,群智能与多目标优化算法,C0712,电力负荷预测,,,35
C0405,群智能与多目标优化算法,C0713,电价预测,,,1
C0405,群智能与多目标优化算法,C0718,配电网规划与容量配置,,,55
C0405,群智能与多目标优化算法,C0722,变电站巡检机器人,,,8
C0405,群智能与多目标优化算法,C0726,风机状态监测与预测性维护,,,1
C0405,群智能与多目标优化算法,C0729,建筑暖通空调能耗,,,1
C0405,群智能与多目标优化算法,C0733,灌溉水资源优化调度,,,1
C0405,群智能与多目标优化算法,C0741,电网状态估计与相量测量,,,4
C0405,群智能与多目标优化算法,C0746,功率因数校正电路与控制,,,2
C0405,群智能与多目标优化算法,C0747,网络入侵检测,,,1
C0406,结构基础抗震与工程力学,C0533,氮化镓功率与结器件,,,4
C0406,结构基础抗震与工程力学,C0564,波浪能转换装置,,,1
C0406,结构基础抗震与工程力学,C0588,电网接地与地网安全,,,66
C0406,结构基础抗震与工程力学,C0606,地热资源勘探与储层建模,,,2
C0406,结构基础抗震与工程力学,C0651,地源热泵与地埋换热器,,,1
C0406,结构基础抗震与工程力学,C0653,核聚变装置工程,,,1
C0406,结构基础抗震与工程力学,C0672,漂浮式海上风电平台,,,1
C0406,结构基础抗震与工程力学,,,Q.EDITORIAL,封面、索引、勘误等非研究正文,2
C0407,水系锌电池负极及界面稳定,C0493,光催化制氢,,,2
C0407,水系锌电池负极及界面稳定,C0501,钠电池电解液与界面,,,4
C0407,水系锌电池负极及界面稳定,C0518,电池电极粘结剂,,,6
C0407,水系锌电池负极及界面稳定,C0521,固态聚合物锂电解质,,,1
C0407,水系锌电池负极及界面稳定,C0530,钙钛矿电池界面、钝化与传输层,,,1
C0407,水系锌电池负极及界面稳定,C0555,锌空气电池,,,94
C0407,水系锌电池负极及界面稳定,C0556,水系锌离子电池,,,1874
C0407,水系锌电池负极及界面稳定,C0576,碱性水电解制氢,,,2
C0407,水系锌电池负极及界面稳定,C0577,质子交换膜水电解制氢,,,2
C0407,水系锌电池负极及界面稳定,C0584,聚合物有机太阳能电池,,,1
C0407,水系锌电池负极及界面稳定,C0590,非钙钛矿多结太阳能电池,,,1
C0407,水系锌电池负极及界面稳定,C0591,电池等效电路与参数辨识,,,1
C0407,水系锌电池负极及界面稳定,C0603,ZnO光催化污染物降解,,,1
C0407,水系锌电池负极及界面稳定,C0604,电池老化实验与循环寿命,,,2
C0407,水系锌电池负极及界面稳定,C0616,锂金属负极界面稳定与枝晶抑制,,,10
C0407,水系锌电池负极及界面稳定,C0647,电缆绝缘护套与导体结构,,,1
C0407,水系锌电池负极及界面稳定,C0660,废旧电池湿法回收,,,1
C0407,水系锌电池负极及界面稳定,C0714,层状及富镍锂电正极材料,,,40
C0407,水系锌电池负极及界面稳定,C0715,锂电磷酸盐正极材料,,,1
C0407,水系锌电池负极及界面稳定,C0727,钠离子电池负极材料,,,45
C0407,水系锌电池负极及界面稳定,C0728,钠离子电池正极材料,,,34
C0407,水系锌电池负极及界面稳定,,,Q.EDITORIAL,封面、索引、勘误等非研究正文,14
C0408,配电网重构与优化运行,C0504,电动汽车充电并网影响,,,11
C0408,配电网重构与优化运行,C0517,配电网需求响应与柔性调度,,,193
C0408,配电网重构与优化运行,C0524,储能运行调度与收益,,,2
C0408,配电网重构与优化运行,C0525,储能容量配置与选址,,,3
C0408,配电网重构与优化运行,C0538,智能电网通信架构,,,24
C0408,配电网重构与优化运行,C0539,配电网谐波与电能质量治理,,,72
C0408,配电网重构与优化运行,C0540,配电网电压无功优化,,,139
C0408,配电网重构与优化运行,C0542,光伏组件故障与缺陷检测,,,4
C0408,配电网重构与优化运行,C0548,输配电线路故障检测与定位,,,3
C0408,配电网重构与优化运行,C0552,微电网能量管理与经济调度,,,1
C0408,配电网重构与优化运行,C0563,电力线载波通信,,,12
C0408,配电网重构与优化运行,C0572,碳排放交易机制,,,1
C0408,配电网重构与优化运行,C0574,电力市场机制与制度设计,,,1
C0408,配电网重构与优化运行,C0575,产消者能源交易,,,3
C0408,配电网重构与优化运行,C0582,微电网孤岛切换与动态控制,,,1
C0408,配电网重构与优化运行,C0588,电网接地与地网安全,,,6
C0408,配电网重构与优化运行,C0613,电力系统可靠性评估,,,1
C0408,配电网重构与优化运行,C0686,电网灾害韧性与恢复,,,6
C0408,配电网重构与优化运行,C0710,水电站运行调度,,,1
C0408,配电网重构与优化运行,C0712,电力负荷预测,,,4
C0408,配电网重构与优化运行,C0718,配电网规划与容量配置,,,675
C0408,配电网重构与优化运行,C0741,电网状态估计与相量测量,,,11
C0408,配电网重构与优化运行,C0747,网络入侵检测,,,1
C0408,配电网重构与优化运行,,,Q.EDITORIAL,封面、索引、勘误等非研究正文,5
C0409,氢氦在材料中的扩散与相互作用,C0501,钠电池电解液与界面,,,2
C0409,氢氦在材料中的扩散与相互作用,C0530,钙钛矿电池界面、钝化与传输层,,,3
C0409,氢氦在材料中的扩散与相互作用,C0560,二氧化碳水合物形成与分离,,,1
C0409,氢氦在材料中的扩散与相互作用,C0576,碱性水电解制氢,,,1
C0409,氢氦在材料中的扩散与相互作用,C0577,质子交换膜水电解制氢,,,17
C0409,氢氦在材料中的扩散与相互作用,C0598,锂资源提取与分离,,,1
C0409,氢氦在材料中的扩散与相互作用,C0634,二氧化碳催化加氢与甲烷化,,,1
C0409,氢氦在材料中的扩散与相互作用,C0652,核裂变反应堆工程,,,2
C0409,氢氦在材料中的扩散与相互作用,C0653,核聚变装置工程,,,13
C0409,氢氦在材料中的扩散与相互作用,C0670,二氧化碳溶剂吸收捕集,,,5
C0409,氢氦在材料中的扩散与相互作用,C0671,二氧化碳固体吸附捕集,,,15
C0409,氢氦在材料中的扩散与相互作用,C0694,稀土元素提取分离,,,1
C0409,氢氦在材料中的扩散与相互作用,C0695,铀钍提取与分离,,,15
C0409,氢氦在材料中的扩散与相互作用,C0714,层状及富镍锂电正极材料,,,3
C0409,氢氦在材料中的扩散与相互作用,C0715,锂电磷酸盐正极材料,,,4
C0409,氢氦在材料中的扩散与相互作用,C0727,钠离子电池负极材料,,,2
C0409,氢氦在材料中的扩散与相互作用,C0728,钠离子电池正极材料,,,7
C0409,氢氦在材料中的扩散与相互作用,,,Q.EDITORIAL,封面、索引、勘误等非研究正文,15
C0410,沸石硅基及多孔材料合成,C0510,光催化二氧化碳还原,,,1
C0410,沸石硅基及多孔材料合成,C0514,煤气化工艺与反应,,,1
C0410,沸石硅基及多孔材料合成,C0516,分离膜污染与清洗,,,1
C0410,沸石硅基及多孔材料合成,C0518,电池电极粘结剂,,,1
C0410,沸石硅基及多孔材料合成,C0533,氮化镓功率与结器件,,,1
C0410,沸石硅基及多孔材料合成,C0537,其他材料光催化污染物降解,,,2
C0410,沸石硅基及多孔材料合成,C0556,水系锌离子电池,,,1
C0410,沸石硅基及多孔材料合成,C0557,TiO₂光催化污染物降解,,,1
C0410,沸石硅基及多孔材料合成,C0560,二氧化碳水合物形成与分离,,,2
C0410,沸石硅基及多孔材料合成,C0565,二氧化碳干重整制合成气,,,1
C0410,沸石硅基及多孔材料合成,C0576,碱性水电解制氢,,,1
C0410,沸石硅基及多孔材料合成,C0577,质子交换膜水电解制氢,,,1
C0410,沸石硅基及多孔材料合成,C0583,碳化硅陶瓷结构材料,,,2
C0410,沸石硅基及多孔材料合成,C0598,锂资源提取与分离,,,1
C0410,沸石硅基及多孔材料合成,C0617,木质纤维素生物乙醇,,,1
C0410,沸石硅基及多孔材料合成,C0634,二氧化碳催化加氢与甲烷化,,,1
C0410,沸石硅基及多孔材料合成,C0670,二氧化碳溶剂吸收捕集,,,2
C0410,沸石硅基及多孔材料合成,C0671,二氧化碳固体吸附捕集,,,81
C0410,沸石硅基及多孔材料合成,C0673,硫化物固态电解质,,,4
C0410,沸石硅基及多孔材料合成,C0693,活性炭制备与孔结构,,,2
C0410,沸石硅基及多孔材料合成,C0695,铀钍提取与分离,,,12
C0410,沸石硅基及多孔材料合成,C0714,层状及富镍锂电正极材料,,,11
C0410,沸石硅基及多孔材料合成,C0715,锂电磷酸盐正极材料,,,55
C0410,沸石硅基及多孔材料合成,C0725,废塑料回收与转化,,,4
C0410,沸石硅基及多孔材料合成,C0728,钠离子电池正极材料,,,1
C0410,沸石硅基及多孔材料合成,C0739,水污染物吸附去除,,,64
C0411,清洗清扫与净化装置混合,C0491,电池电极涂布与辊压,,,3
C0411,清洗清扫与净化装置混合,C0511,电池装配工装与制造设备,,,1
C0411,清洗清扫与净化装置混合,C0519,电池隔膜制备与改性,,,3
C0411,清洗清扫与净化装置混合,C0544,厌氧污水处理反应器,,,1
C0411,清洗清扫与净化装置混合,C0571,光伏电池与组件制造工艺,,,1
C0411,清洗清扫与净化装置混合,C0580,电机定子结构与制造,,,1
C0411,清洗清扫与净化装置混合,C0602,摩擦纳米发电机,,,1
C0411,清洗清扫与净化装置混合,C0641,电池盖板、端子与密封结构,,,1
C0411,清洗清扫与净化装置混合,C0660,废旧电池湿法回收,,,1
C0411,清洗清扫与净化装置混合,C0715,锂电磷酸盐正极材料,,,1
C0411,清洗清扫与净化装置混合,C0721,光伏清扫机器人,,,13
C0412,质子交换膜燃料电池运行与建模,C0535,燃料电池供气与空压控制,,,23
C0412,质子交换膜燃料电池运行与建模,C0536,燃料电池水管理,,,207
C0412,质子交换膜燃料电池运行与建模,C0551,燃气轮机热力性能,,,1
C0412,质子交换膜燃料电池运行与建模,C0566,蒸汽重整制氢与合成气,,,1
C0412,质子交换膜燃料电池运行与建模,C0577,质子交换膜水电解制氢,,,29
C0412,质子交换膜燃料电池运行与建模,C0630,有机朗肯循环发电,,,1
C0412,质子交换膜燃料电池运行与建模,C0684,电池热失控与传播,,,1
C0412,质子交换膜燃料电池运行与建模,,,Q.EDITORIAL,封面、索引、勘误等非研究正文,8
C0413,二次电池正极活性材料,C0491,电池电极涂布与辊压,,,6
C0413,二次电池正极活性材料,C0501,钠电池电解液与界面,,,1
C0413,二次电池正极活性材料,C0518,电池电极粘结剂,,,3
C0413,二次电池正极活性材料,C0519,电池隔膜制备与改性,,,3
C0413,二次电池正极活性材料,C0648,锂电石墨负极,,,5
C0413,二次电池正极活性材料,C0673,硫化物固态电解质,,,1
C0413,二次电池正极活性材料,C0714,层状及富镍锂电正极材料,,,11
C0413,二次电池正极活性材料,C0715,锂电磷酸盐正极材料,,,4
C0413,二次电池正极活性材料,C0727,钠离子电池负极材料,,,1
C0413,二次电池正极活性材料,C0728,钠离子电池正极材料,,,12
C0413,二次电池正极活性材料,,,Q.EDITORIAL,封面、索引、勘误等非研究正文,1
C0414,多孔介质两相流与界面润湿,C0508,污泥脱水与调理,,,3
C0414,多孔介质两相流与界面润湿,C0513,天然气水合物生成与分解,,,95
C0414,多孔介质两相流与界面润湿,C0515,膜法海水淡化,,,10
C0414,多孔介质两相流与界面润湿,C0516,分离膜污染与清洗,,,30
C0414,多孔介质两相流与界面润湿,C0536,燃料电池水管理,,,12
C0414,多孔介质两相流与界面润湿,C0558,油水分离界面与膜材料,,,2
C0414,多孔介质两相流与界面润湿,C0560,二氧化碳水合物形成与分离,,,23
C0414,多孔介质两相流与界面润湿,C0576,碱性水电解制氢,,,6
C0414,多孔介质两相流与界面润湿,C0577,质子交换膜水电解制氢,,,13
C0414,多孔介质两相流与界面润湿,C0606,地热资源勘探与储层建模,,,39
C0414,多孔介质两相流与界面润湿,C0651,地源热泵与地埋换热器,,,3
C0414,多孔介质两相流与界面润湿,C0671,二氧化碳固体吸附捕集,,,5
C0414,多孔介质两相流与界面润湿,C0695,铀钍提取与分离,,,1
C0414,多孔介质两相流与界面润湿,C0739,水污染物吸附去除,,,1
C0414,多孔介质两相流与界面润湿,C0744,潜热储热系统,,,3
C0414,多孔介质两相流与界面润湿,C0745,热化学储热系统,,,3
C0414,多孔介质两相流与界面润湿,,,Q.EDITORIAL,封面、索引、勘误等非研究正文,2
C0415,林木育种栽培与植物生产,C0515,膜法海水淡化,,,1
C0415,林木育种栽培与植物生产,C0587,太阳辐照度预测估算,,,1
C0415,林木育种栽培与植物生产,C0624,农光互补与农光协同,,,1
C0415,林木育种栽培与植物生产,C0689,染料敏化电池敏化剂,,,1
C0416,晶体生长结构与性质,C0500,压电能量采集,,,1
C0416,晶体生长结构与性质,C0501,钠电池电解液与界面,,,3
C0416,晶体生长结构与性质,C0533,氮化镓功率与结器件,,,1
C0416,晶体生长结构与性质,C0583,碳化硅陶瓷结构材料,,,4
C0416,晶体生长结构与性质,C0616,锂金属负极界面稳定与枝晶抑制,,,3
C0416,晶体生长结构与性质,C0714,层状及富镍锂电正极材料,,,49
C0416,晶体生长结构与性质,C0727,钠离子电池负极材料,,,1
C0416,晶体生长结构与性质,C0728,钠离子电池正极材料,,,1
C0416,晶体生长结构与性质,C0739,水污染物吸附去除,,,1
C0416,晶体生长结构与性质,,,Q.EDITORIAL,封面、索引、勘误等非研究正文,9
C0417,固体氧化物电解池与可逆电化学单元,C0487,电池冷却与散热,,,12
C0417,固体氧化物电解池与可逆电化学单元,C0491,电池电极涂布与辊压,,,1
C0417,固体氧化物电解池与可逆电化学单元,C0498,生物能源生命周期与可持续性,,,1
C0417,固体氧化物电解池与可逆电化学单元,C0500,压电能量采集,,,2
C0417,固体氧化物电解池与可逆电化学单元,C0501,钠电池电解液与界面,,,3
C0417,固体氧化物电解池与可逆电化学单元,C0518,电池电极粘结剂,,,3
C0417,固体氧化物电解池与可逆电化学单元,C0519,电池隔膜制备与改性,,,5
C0417,固体氧化物电解池与可逆电化学单元,C0533,氮化镓功率与结器件,,,9
C0417,固体氧化物电解池与可逆电化学单元,C0537,其他材料光催化污染物降解,,,1
C0417,固体氧化物电解池与可逆电化学单元,C0576,碱性水电解制氢,,,33
C0417,固体氧化物电解池与可逆电化学单元,C0577,质子交换膜水电解制氢,,,15
C0417,固体氧化物电解池与可逆电化学单元,C0592,电池荷电状态估计,,,10
C0417,固体氧化物电解池与可逆电化学单元,C0593,电池健康状态与寿命预测,,,1
C0417,固体氧化物电解池与可逆电化学单元,C0602,摩擦纳米发电机,,,3
C0417,固体氧化物电解池与可逆电化学单元,C0604,电池老化实验与循环寿命,,,7
C0417,固体氧化物电解池与可逆电化学单元,C0605,电池阻抗表征,,,10
C0417,固体氧化物电解池与可逆电化学单元,C0644,沼气提纯与生物甲烷升级,,,1
C0417,固体氧化物电解池与可逆电化学单元,C0647,电缆绝缘护套与导体结构,,,3
C0417,固体氧化物电解池与可逆电化学单元,C0653,核聚变装置工程,,,1
C0417,固体氧化物电解池与可逆电化学单元,C0670,二氧化碳溶剂吸收捕集,,,1
C0417,固体氧化物电解池与可逆电化学单元,C0683,电池火灾抑制与灭火,,,1
C0417,固体氧化物电解池与可逆电化学单元,C0684,电池热失控与传播,,,36
C0417,固体氧化物电解池与可逆电化学单元,C0687,染料敏化电池对电极,,,3
C0417,固体氧化物电解池与可逆电化学单元,C0689,染料敏化电池敏化剂,,,1
C0417,固体氧化物电解池与可逆电化学单元,C0693,活性炭制备与孔结构,,,1
C0417,固体氧化物电解池与可逆电化学单元,C0699,电池模组与电池包装配结构,,,1
C0417,固体氧化物电解池与可逆电化学单元,C0714,层状及富镍锂电正极材料,,,18
C0417,固体氧化物电解池与可逆电化学单元,C0715,锂电磷酸盐正极材料,,,3
C0417,固体氧化物电解池与可逆电化学单元,C0727,钠离子电池负极材料,,,4
C0417,固体氧化物电解池与可逆电化学单元,C0728,钠离子电池正极材料,,,9
C0417,固体氧化物电解池与可逆电化学单元,C0743,硝酸盐电还原制氨,,,1
C0417,固体氧化物电解池与可逆电化学单元,,,Q.EDITORIAL,封面、索引、勘误等非研究正文,7
C0418,通用信息管理与软件系统,C0387,有机发光二极管与发光材料,,,1
C0418,通用信息管理与软件系统,C0654,能源电力教学实验平台,,,2
C0418,通用信息管理与软件系统,C0710,水电站运行调度,,,1
C0418,通用信息管理与软件系统,C0718,配电网规划与容量配置,,,1
C0418,通用信息管理与软件系统,,,Q.EDITORIAL,封面、索引、勘误等非研究正文,1
C0419,聚合物气凝胶与复合材料,C0487,电池冷却与散热,,,3
C0419,聚合物气凝胶与复合材料,C0493,光催化制氢,,,1
C0419,聚合物气凝胶与复合材料,C0495,聚合物电气绝缘,,,3
C0419,聚合物气凝胶与复合材料,C0500,压电能量采集,,,1
C0419,聚合物气凝胶与复合材料,C0516,分离膜污染与清洗,,,25
C0419,聚合物气凝胶与复合材料,C0518,电池电极粘结剂,,,1
C0419,聚合物气凝胶与复合材料,C0520,凝胶聚合物锂电解质,,,4
C0419,聚合物气凝胶与复合材料,C0521,固态聚合物锂电解质,,,5
C0419,聚合物气凝胶与复合材料,C0537,其他材料光催化污染物降解,,,4
C0419,聚合物气凝胶与复合材料,C0557,TiO₂光催化污染物降解,,,5
C0419,聚合物气凝胶与复合材料,C0558,油水分离界面与膜材料,,,1
C0419,聚合物气凝胶与复合材料,C0561,蒸汽压缩制冷循环,,,1
C0419,聚合物气凝胶与复合材料,C0567,石墨烯结构复合材料,,,8
C0419,聚合物气凝胶与复合材料,C0583,碳化硅陶瓷结构材料,,,4
C0419,聚合物气凝胶与复合材料,C0584,聚合物有机太阳能电池,,,8
C0419,聚合物气凝胶与复合材料,C0602,摩擦纳米发电机,,,88
C0419,聚合物气凝胶与复合材料,C0603,ZnO光催化污染物降解,,,1
C0419,聚合物气凝胶与复合材料,C0647,电缆绝缘护套与导体结构,,,6
C0419,聚合物气凝胶与复合材料,C0670,二氧化碳溶剂吸收捕集,,,1
C0419,聚合物气凝胶与复合材料,C0671,二氧化碳固体吸附捕集,,,9
C0419,聚合物气凝胶与复合材料,C0693,活性炭制备与孔结构,,,6
C0419,聚合物气凝胶与复合材料,C0714,层状及富镍锂电正极材料,,,1
C0419,聚合物气凝胶与复合材料,C0715,锂电磷酸盐正极材料,,,5
C0419,聚合物气凝胶与复合材料,C0725,废塑料回收与转化,,,7
C0419,聚合物气凝胶与复合材料,C0728,钠离子电池正极材料,,,1
C0419,聚合物气凝胶与复合材料,C0739,水污染物吸附去除,,,10
C0419,聚合物气凝胶与复合材料,C0744,潜热储热系统,,,78
C0419,聚合物气凝胶与复合材料,,,Q.EDITORIAL,封面、索引、勘误等非研究正文,1
C0420,碳化硅功率半导体器件,C0298,场效应晶体管结构与建模,,,75
C0420,碳化硅功率半导体器件,C0496,集成电路与功率模块封装,,,22
C0420,碳化硅功率半导体器件,C0530,钙钛矿电池界面、钝化与传输层,,,1
C0420,碳化硅功率半导体器件,C0532,钙钛矿叠层太阳能电池,,,1
C0420,碳化硅功率半导体器件,C0533,氮化镓功率与结器件,,,221
C0420,碳化硅功率半导体器件,C0583,碳化硅陶瓷结构材料,,,6
C0420,碳化硅功率半导体器件,C0622,谐振与软开关变换器,,,12
C0420,碳化硅功率半导体器件,C0645,电机驱动PWM与谐波控制,,,3
C0420,碳化硅功率半导体器件,C0647,电缆绝缘护套与导体结构,,,1
C0420,碳化硅功率半导体器件,C0723,光伏光热联合系统,,,1
C0420,碳化硅功率半导体器件,C0746,功率因数校正电路与控制,,,5
C0421,柴油机及多燃料内燃机性能,C0060,超级电容器电极与器件,,,1
C0421,柴油机及多燃料内燃机性能,C0063,生物质热解与炭化,,,3
C0421,柴油机及多燃料内燃机性能,C0257,固体氧化物燃料电池,,,120
C0421,柴油机及多燃料内燃机性能,C0412,质子交换膜燃料电池运行与建模,,,6
C0421,柴油机及多燃料内燃机性能,C0498,生物能源生命周期与可持续性,,,3
C0421,柴油机及多燃料内燃机性能,C0534,氢能技术经济与生命周期,,,11
C0421,柴油机及多燃料内燃机性能,C0535,燃料电池供气与空压控制,,,4
C0421,柴油机及多燃料内燃机性能,C0543,加氢站与氢气加注,,,3
C0421,柴油机及多燃料内燃机性能,C0551,燃气轮机热力性能,,,63
C0421,柴油机及多燃料内燃机性能,C0554,电动汽车整车能耗与续航,,,1
C0421,柴油机及多燃料内燃机性能,C0576,碱性水电解制氢,,,1
C0421,柴油机及多燃料内燃机性能,C0621,工业能源审计与节能评估,,,1
C0421,柴油机及多燃料内燃机性能,C0629,超临界二氧化碳布雷顿循环,,,2
C0421,柴油机及多燃料内燃机性能,C0630,有机朗肯循环发电,,,155
C0421,柴油机及多燃料内燃机性能,C0662,吸收式制冷循环,,,4
C0421,柴油机及多燃料内燃机性能,C0665,换热器结构与传热强化,,,2
C0421,柴油机及多燃料内燃机性能,C0680,生物质气化制合成气,,,13
C0421,柴油机及多燃料内燃机性能,C0707,船舶燃料与能效,,,23
C0421,柴油机及多燃料内燃机性能,C0714,层状及富镍锂电正极材料,,,1
C0421,柴油机及多燃料内燃机性能,C0716,柴油机燃烧与排放,,,508
C0421,柴油机及多燃料内燃机性能,C0717,双燃料发动机,,,92
C0421,柴油机及多燃料内燃机性能,C0725,废塑料回收与转化,,,3
C0421,柴油机及多燃料内燃机性能,,,Q.INSUFFICIENT,题名摘要不足，待补全,2
C0422,配电网规划运行与配置方法,C0154,无线电能传输电路与系统,,,1
C0422,配电网规划运行与配置方法,C0156,电力交易竞价与市场优化,,,1
C0422,配电网规划运行与配置方法,C0408,配电网重构与优化运行,,,40
C0422,配电网规划运行与配置方法,C0517,配电网需求响应与柔性调度,,,27
C0422,配电网规划运行与配置方法,C0525,储能容量配置与选址,,,5
C0422,配电网规划运行与配置方法,C0539,配电网谐波与电能质量治理,,,4
C0422,配电网规划运行与配置方法,C0540,配电网电压无功优化,,,1
C0422,配电网规划运行与配置方法,C0542,光伏组件故障与缺陷检测,,,1
C0422,配电网规划运行与配置方法,C0552,微电网能量管理与经济调度,,,4
C0422,配电网规划运行与配置方法,C0582,微电网孤岛切换与动态控制,,,1
C0422,配电网规划运行与配置方法,C0589,输电线路雷击与防雷,,,1
C0422,配电网规划运行与配置方法,C0613,电力系统可靠性评估,,,3
C0422,配电网规划运行与配置方法,C0636,综合能源系统优化调度,,,2
C0422,配电网规划运行与配置方法,C0643,电力设施覆冰与除冰,,,1
C0422,配电网规划运行与配置方法,C0686,电网灾害韧性与恢复,,,19
C0422,配电网规划运行与配置方法,C0690,电力知识图谱,,,5
C0422,配电网规划运行与配置方法,C0712,电力负荷预测,,,2
C0422,配电网规划运行与配置方法,C0718,配电网规划与容量配置,,,56
C0422,配电网规划运行与配置方法,C0741,电网状态估计与相量测量,,,2
C0423,气候变化适应与社会经济政策,C0498,生物能源生命周期与可持续性,,,1
C0423,气候变化适应与社会经济政策,C0502,潮汐与潮流能开发,,,2
C0423,气候变化适应与社会经济政策,C0506,石油价格与市场经济,,,1
C0423,气候变化适应与社会经济政策,C0527,碳税与环境税费,,,19
C0423,气候变化适应与社会经济政策,C0553,电动汽车推广与购买行为,,,2
C0423,气候变化适应与社会经济政策,C0572,碳排放交易机制,,,2
C0423,气候变化适应与社会经济政策,C0607,地热供热与发电利用,,,1
C0423,气候变化适应与社会经济政策,C0612,国际气候协定与治理,,,5
C0423,气候变化适应与社会经济政策,C0633,区域供热供冷系统,,,2
C0423,气候变化适应与社会经济政策,C0642,绿色金融与能源投资,,,8
C0423,气候变化适应与社会经济政策,C0674,森林资源经营与碳汇,,,5
C0423,气候变化适应与社会经济政策,C0686,电网灾害韧性与恢复,,,6
C0423,气候变化适应与社会经济政策,C0719,气候变化适应与风险,,,500
C0423,气候变化适应与社会经济政策,C0720,气候变化减缓政策,,,230
C0423,气候变化适应与社会经济政策,C0750,能源贫困与能源可及性,,,1
C0423,气候变化适应与社会经济政策,,,Q.EDITORIAL,封面、索引、勘误等非研究正文,2
C0424,硅系半导体加工与材料性质,C0298,场效应晶体管结构与建模,,,5
C0424,硅系半导体加工与材料性质,C0493,光催化制氢,,,1
C0424,硅系半导体加工与材料性质,C0533,氮化镓功率与结器件,,,3
C0424,硅系半导体加工与材料性质,C0583,碳化硅陶瓷结构材料,,,119
C0424,硅系半导体加工与材料性质,C0584,聚合物有机太阳能电池,,,1
C0424,硅系半导体加工与材料性质,C0653,核聚变装置工程,,,1
C0424,硅系半导体加工与材料性质,C0671,二氧化碳固体吸附捕集,,,1
C0424,硅系半导体加工与材料性质,C0714,层状及富镍锂电正极材料,,,2
C0424,硅系半导体加工与材料性质,,,Q.EDITORIAL,封面、索引、勘误等非研究正文,14
C0425,巡检机器人与自主移动装置,C0060,超级电容器电极与器件,,,2
C0425,巡检机器人与自主移动装置,C0154,无线电能传输电路与系统,,,4
C0425,巡检机器人与自主移动装置,C0257,固体氧化物燃料电池,,,1
C0425,巡检机器人与自主移动装置,C0386,感应电机运行控制与性能,,,2
C0425,巡检机器人与自主移动装置,C0499,电磁能量采集,,,1
C0425,巡检机器人与自主移动装置,C0500,压电能量采集,,,9
C0425,巡检机器人与自主移动装置,C0512,无线充电器与装置,,,3
C0425,巡检机器人与自主移动装置,C0579,电机转子结构与制造,,,2
C0425,巡检机器人与自主移动装置,C0602,摩擦纳米发电机,,,3
C0425,巡检机器人与自主移动装置,C0643,电力设施覆冰与除冰,,,4
C0425,巡检机器人与自主移动装置,C0700,永磁同步电机控制,,,2
C0425,巡检机器人与自主移动装置,C0711,水轮机性能与设计,,,2
C0425,巡检机器人与自主移动装置,C0721,光伏清扫机器人,,,161
C0425,巡检机器人与自主移动装置,C0722,变电站巡检机器人,,,97
C0426,太阳能光热及光伏光热系统,C0009,二氧化碳电还原催化,,,1
C0426,太阳能光热及光伏光热系统,C0060,超级电容器电极与器件,,,5
C0426,太阳能光热及光伏光热系统,C0063,生物质热解与炭化,,,2
C0426,太阳能光热及光伏光热系统,C0129,生物质与污泥厌氧消化产气,,,1
C0426,太阳能光热及光伏光热系统,C0330,太阳能界面蒸发与海水淡化,,,194
C0426,太阳能光热及光伏光热系统,C0355,染料敏化太阳能电池材料与器件,,,2
C0426,太阳能光热及光伏光热系统,C0381,光伏发电功率预测方法与装置,,,1
C0426,太阳能光热及光伏光热系统,C0417,固体氧化物电解池与可逆电化学单元,,,1
C0426,太阳能光热及光伏光热系统,C0487,电池冷却与散热,,,8
C0426,太阳能光热及光伏光热系统,C0488,电池低温预热,,,1
C0426,太阳能光热及光伏光热系统,C0509,太阳能热水与供热装置,,,699
C0426,太阳能光热及光伏光热系统,C0515,膜法海水淡化,,,2
C0426,太阳能光热及光伏光热系统,C0532,钙钛矿叠层太阳能电池,,,2
C0426,太阳能光热及光伏光热系统,C0541,光伏组件退化与寿命,,,5
C0426,太阳能光热及光伏光热系统,C0547,建筑冷却与被动降温,,,4
C0426,太阳能光热及光伏光热系统,C0551,燃气轮机热力性能,,,3
C0426,太阳能光热及光伏光热系统,C0559,大气集水与雾水采集,,,1
C0426,太阳能光热及光伏光热系统,C0565,二氧化碳干重整制合成气,,,2
C0426,太阳能光热及光伏光热系统,C0571,光伏电池与组件制造工艺,,,11
C0426,太阳能光热及光伏光热系统,C0578,光伏电池与组件模型参数辨识,,,1
C0426,太阳能光热及光伏光热系统,C0584,聚合物有机太阳能电池,,,3
C0426,太阳能光热及光伏光热系统,C0590,非钙钛矿多结太阳能电池,,,10
C0426,太阳能光热及光伏光热系统,C0607,地热供热与发电利用,,,13
C0426,太阳能光热及光伏光热系统,C0630,有机朗肯循环发电,,,15
C0426,太阳能光热及光伏光热系统,C0633,区域供热供冷系统,,,36
C0426,太阳能光热及光伏光热系统,C0634,二氧化碳催化加氢与甲烷化,,,1
C0426,太阳能光热及光伏光热系统,C0636,综合能源系统优化调度,,,1
C0426,太阳能光热及光伏光热系统,C0650,空气源热泵,,,10
C0426,太阳能光热及光伏光热系统,C0651,地源热泵与地埋换热器,,,93
C0426,太阳能光热及光伏光热系统,C0661,温度传感与测量装置,,,1
C0426,太阳能光热及光伏光热系统,C0662,吸收式制冷循环,,,2
C0426,太阳能光热及光伏光热系统,C0665,换热器结构与传热强化,,,4
C0426,太阳能光热及光伏光热系统,C0671,二氧化碳固体吸附捕集,,,1
C0426,太阳能光热及光伏光热系统,C0677,太阳能集热器传热设计,,,362
C0426,太阳能光热及光伏光热系统,C0678,聚光太阳能热发电,,,641
C0426,太阳能光热及光伏光热系统,C0680,生物质气化制合成气,,,3
C0426,太阳能光热及光伏光热系统,C0693,活性炭制备与孔结构,,,1
C0426,太阳能光热及光伏光热系统,C0723,光伏光热联合系统,,,1240
C0426,太阳能光热及光伏光热系统,C0744,潜热储热系统,,,225
C0426,太阳能光热及光伏光热系统,C0745,热化学储热系统,,,10
C0426,太阳能光热及光伏光热系统,,,Q.EDITORIAL,封面、索引、勘误等非研究正文,7
C0427,通用电气工程应用与技术资料,C0154,无线电能传输电路与系统,,,2
C0427,通用电气工程应用与技术资料,C0386,感应电机运行控制与性能,,,1
C0427,通用电气工程应用与技术资料,C0420,碳化硅功率半导体器件,,,2
C0427,通用电气工程应用与技术资料,C0496,集成电路与功率模块封装,,,1
C0427,通用电气工程应用与技术资料,C0499,电磁能量采集,,,3
C0427,通用电气工程应用与技术资料,C0512,无线充电器与装置,,,3
C0427,通用电气工程应用与技术资料,C0533,氮化镓功率与结器件,,,2
C0427,通用电气工程应用与技术资料,C0538,智能电网通信架构,,,1
C0427,通用电气工程应用与技术资料,C0539,配电网谐波与电能质量治理,,,12
C0427,通用电气工程应用与技术资料,C0540,配电网电压无功优化,,,1
C0427,通用电气工程应用与技术资料,C0550,变压器故障诊断,,,4
C0427,通用电气工程应用与技术资料,C0553,电动汽车推广与购买行为,,,1
C0427,通用电气工程应用与技术资料,C0563,电力线载波通信,,,19
C0427,通用电气工程应用与技术资料,C0564,波浪能转换装置,,,1
C0427,通用电气工程应用与技术资料,C0588,电网接地与地网安全,,,1
C0427,通用电气工程应用与技术资料,C0595,电网短路电流计算,,,5
C0427,通用电气工程应用与技术资料,C0611,电气安全与触电风险,,,6
C0427,通用电气工程应用与技术资料,C0615,电气绝缘局部放电,,,8
C0427,通用电气工程应用与技术资料,C0621,工业能源审计与节能评估,,,1
C0427,通用电气工程应用与技术资料,C0637,电流检测与测量电路,,,2
C0427,通用电气工程应用与技术资料,C0638,电压检测与测量电路,,,17
C0427,通用电气工程应用与技术资料,C0645,电机驱动PWM与谐波控制,,,1
C0427,通用电气工程应用与技术资料,C0647,电缆绝缘护套与导体结构,,,11
C0427,通用电气工程应用与技术资料,C0654,能源电力教学实验平台,,,48
C0427,通用电气工程应用与技术资料,C0664,LED照明灯具与配光,,,1
C0427,通用电气工程应用与技术资料,C0667,电网频率控制,,,2
C0427,通用电气工程应用与技术资料,C0736,电力系统暂态稳定,,,1
C0427,通用电气工程应用与技术资料,C0737,电力系统电压稳定,,,13
C0427,通用电气工程应用与技术资料,C0746,功率因数校正电路与控制,,,6
C0427,通用电气工程应用与技术资料,,,Q.EDITORIAL,封面、索引、勘误等非研究正文,1
C0428,固废电子废物回收与处置,C0060,超级电容器电极与器件,,,4
C0428,固废电子废物回收与处置,C0063,生物质热解与炭化,,,5
C0428,固废电子废物回收与处置,C0129,生物质与污泥厌氧消化产气,,,1
C0428,固废电子废物回收与处置,C0254,电催化析氢与界面调控,,,1
C0428,固废电子废物回收与处置,C0498,生物能源生命周期与可持续性,,,5
C0428,固废电子废物回收与处置,C0514,煤气化工艺与反应,,,2
C0428,固废电子废物回收与处置,C0515,膜法海水淡化,,,1
C0428,固废电子废物回收与处置,C0526,厌氧发酵生物制氢,,,1
C0428,固废电子废物回收与处置,C0527,碳税与环境税费,,,2
C0428,固废电子废物回收与处置,C0534,氢能技术经济与生命周期,,,4
C0428,固废电子废物回收与处置,C0544,厌氧污水处理反应器,,,1
C0428,固废电子废物回收与处置,C0569,餐厨垃圾或污泥厌氧消化,,,3
C0428,固废电子废物回收与处置,C0570,畜禽粪便与农业残余厌氧消化,,,2
C0428,固废电子废物回收与处置,C0623,氢能供应链与基础设施规划,,,2
C0428,固废电子废物回收与处置,C0625,光伏技术经济与投资,,,1
C0428,固废电子废物回收与处置,C0630,有机朗肯循环发电,,,7
C0428,固废电子废物回收与处置,C0633,区域供热供冷系统,,,1
C0428,固废电子废物回收与处置,C0644,沼气提纯与生物甲烷升级,,,1
C0428,固废电子废物回收与处置,C0658,废旧电池材料直接再生,,,1
C0428,固废电子废物回收与处置,C0662,吸收式制冷循环,,,3
C0428,固废电子废物回收与处置,C0663,吸附式制冷循环,,,1
C0428,固废电子废物回收与处置,C0671,二氧化碳固体吸附捕集,,,3
C0428,固废电子废物回收与处置,C0674,森林资源经营与碳汇,,,1
C0428,固废电子废物回收与处置,C0680,生物质气化制合成气,,,2
C0428,固废电子废物回收与处置,C0681,生物质水热炭化,,,1
C0428,固废电子废物回收与处置,C0693,活性炭制备与孔结构,,,1
C0428,固废电子废物回收与处置,C0694,稀土元素提取分离,,,4
C0428,固废电子废物回收与处置,C0724,电子废物回收,,,341
C0428,固废电子废物回收与处置,C0725,废塑料回收与转化,,,172
C0428,固废电子废物回收与处置,C0728,钠离子电池正极材料,,,1
C0428,固废电子废物回收与处置,C0738,木材加工与干燥,,,2
C0428,固废电子废物回收与处置,C0739,水污染物吸附去除,,,3
C0428,固废电子废物回收与处置,C0744,潜热储热系统,,,1
C0429,磁性材料与铁氧体磁学,C0298,场效应晶体管结构与建模,,,1
C0429,磁性材料与铁氧体磁学,C0500,压电能量采集,,,1
C0429,磁性材料与铁氧体磁学,C0583,碳化硅陶瓷结构材料,,,1
C0429,磁性材料与铁氧体磁学,C0601,铜基热电材料,,,3
C0429,磁性材料与铁氧体磁学,C0602,摩擦纳米发电机,,,1
C0429,磁性材料与铁氧体磁学,C0627,永磁材料与磁性设计,,,1
C0429,磁性材料与铁氧体磁学,C0628,软磁材料与磁损耗,,,21
C0429,磁性材料与铁氧体磁学,C0671,二氧化碳固体吸附捕集,,,1
C0429,磁性材料与铁氧体磁学,C0694,稀土元素提取分离,,,5
C0429,磁性材料与铁氧体磁学,C0714,层状及富镍锂电正极材料,,,1
C0429,磁性材料与铁氧体磁学,C0715,锂电磷酸盐正极材料,,,2
C0429,磁性材料与铁氧体磁学,C0727,钠离子电池负极材料,,,1
C0429,磁性材料与铁氧体磁学,C0728,钠离子电池正极材料,,,3
C0429,磁性材料与铁氧体磁学,,,Q.EDITORIAL,封面、索引、勘误等非研究正文,12
C0430,电力系统电磁暂态与实时仿真,C0298,场效应晶体管结构与建模,,,8
C0430,电力系统电磁暂态与实时仿真,C0499,电磁能量采集,,,2
C0430,电力系统电磁暂态与实时仿真,C0500,压电能量采集,,,4
C0430,电力系统电磁暂态与实时仿真,C0512,无线充电器与装置,,,1
C0430,电力系统电磁暂态与实时仿真,C0519,电池隔膜制备与改性,,,1
C0430,电力系统电磁暂态与实时仿真,C0533,氮化镓功率与结器件,,,2
C0430,电力系统电磁暂态与实时仿真,C0550,变压器故障诊断,,,9
C0430,电力系统电磁暂态与实时仿真,C0564,波浪能转换装置,,,32
C0430,电力系统电磁暂态与实时仿真,C0589,输电线路雷击与防雷,,,5
C0430,电力系统电磁暂态与实时仿真,C0591,电池等效电路与参数辨识,,,1
C0430,电力系统电磁暂态与实时仿真,C0622,谐振与软开关变换器,,,2
C0430,电力系统电磁暂态与实时仿真,C0630,有机朗肯循环发电,,,2
C0430,电力系统电磁暂态与实时仿真,C0645,电机驱动PWM与谐波控制,,,6
C0430,电力系统电磁暂态与实时仿真,C0646,电机转矩脉动抑制,,,1
C0430,电力系统电磁暂态与实时仿真,C0647,电缆绝缘护套与导体结构,,,2
C0430,电力系统电磁暂态与实时仿真,C0654,能源电力教学实验平台,,,5
C0430,电力系统电磁暂态与实时仿真,C0667,电网频率控制,,,1
C0430,电力系统电磁暂态与实时仿真,C0679,FPGA实时控制与硬件实现,,,13
C0430,电力系统电磁暂态与实时仿真,C0686,电网灾害韧性与恢复,,,2
C0430,电力系统电磁暂态与实时仿真,C0700,永磁同步电机控制,,,5
C0430,电力系统电磁暂态与实时仿真,C0712,电力负荷预测,,,3
C0430,电力系统电磁暂态与实时仿真,C0736,电力系统暂态稳定,,,18
C0430,电力系统电磁暂态与实时仿真,C0737,电力系统电压稳定,,,5
C0430,电力系统电磁暂态与实时仿真,C0746,功率因数校正电路与控制,,,7
C0430,电力系统电磁暂态与实时仿真,,,Q.EDITORIAL,封面、索引、勘误等非研究正文,1
C0431,电池负极储能材料与储氢材料混合,C0009,二氧化碳电还原催化,,,1
C0431,电池负极储能材料与储氢材料混合,C0060,超级电容器电极与器件,,,80
C0431,电池负极储能材料与储氢材料混合,C0151,多孔碳吸附二氧化碳,,,1
C0431,电池负极储能材料与储氢材料混合,C0191,固态储氢材料与反应器,,,5
C0431,电池负极储能材料与储氢材料混合,C0254,电催化析氢与界面调控,,,1
C0431,电池负极储能材料与储氢材料混合,C0257,固体氧化物燃料电池,,,13
C0431,电池负极储能材料与储氢材料混合,C0259,锂硫电池正极与多硫化物调控,,,586
C0431,电池负极储能材料与储氢材料混合,C0336,硅碳负极材料与制备,,,147
C0431,电池负极储能材料与储氢材料混合,C0407,水系锌电池负极及界面稳定,,,1
C0431,电池负极储能材料与储氢材料混合,C0441,二次电池电解液添加剂与配方,,,4
C0431,电池负极储能材料与储氢材料混合,C0481,微生物燃料电池与生物产电,,,1
C0431,电池负极储能材料与储氢材料混合,C0491,电池电极涂布与辊压,,,1
C0431,电池负极储能材料与储氢材料混合,C0498,生物能源生命周期与可持续性,,,6
C0431,电池负极储能材料与储氢材料混合,C0501,钠电池电解液与界面,,,31
C0431,电池负极储能材料与储氢材料混合,C0518,电池电极粘结剂,,,27
C0431,电池负极储能材料与储氢材料混合,C0519,电池隔膜制备与改性,,,4
C0431,电池负极储能材料与储氢材料混合,C0521,固态聚合物锂电解质,,,3
C0431,电池负极储能材料与储氢材料混合,C0555,锌空气电池,,,24
C0431,电池负极储能材料与储氢材料混合,C0556,水系锌离子电池,,,96
C0431,电池负极储能材料与储氢材料混合,C0576,碱性水电解制氢,,,1
C0431,电池负极储能材料与储氢材料混合,C0592,电池荷电状态估计,,,1
C0431,电池负极储能材料与储氢材料混合,C0598,锂资源提取与分离,,,2
C0431,电池负极储能材料与储氢材料混合,C0602,摩擦纳米发电机,,,1
C0431,电池负极储能材料与储氢材料混合,C0604,电池老化实验与循环寿命,,,5
C0431,电池负极储能材料与储氢材料混合,C0616,锂金属负极界面稳定与枝晶抑制,,,24
C0431,电池负极储能材料与储氢材料混合,C0648,锂电石墨负极,,,4
C0431,电池负极储能材料与储氢材料混合,C0693,活性炭制备与孔结构,,,21
C0431,电池负极储能材料与储氢材料混合,C0697,钾离子电池,,,3
C0431,电池负极储能材料与储氢材料混合,C0714,层状及富镍锂电正极材料,,,67
C0431,电池负极储能材料与储氢材料混合,C0715,锂电磷酸盐正极材料,,,71
C0431,电池负极储能材料与储氢材料混合,C0727,钠离子电池负极材料,,,1029
C0431,电池负极储能材料与储氢材料混合,C0728,钠离子电池正极材料,,,273
C0431,电池负极储能材料与储氢材料混合,,,Q.EDITORIAL,封面、索引、勘误等非研究正文,44
C0432,电机驱动控制方法与装置,C0060,超级电容器电极与器件,,,2
C0432,电机驱动控制方法与装置,C0386,感应电机运行控制与性能,,,57
C0432,电机驱动控制方法与装置,C0500,压电能量采集,,,4
C0432,电机驱动控制方法与装置,C0579,电机转子结构与制造,,,1
C0432,电机驱动控制方法与装置,C0611,电气安全与触电风险,,,1
C0432,电机驱动控制方法与装置,C0637,电流检测与测量电路,,,5
C0432,电机驱动控制方法与装置,C0645,电机驱动PWM与谐波控制,,,2
C0432,电机驱动控制方法与装置,C0646,电机转矩脉动抑制,,,5
C0432,电机驱动控制方法与装置,C0657,电池单体均衡控制,,,1
C0432,电机驱动控制方法与装置,C0700,永磁同步电机控制,,,96
C0432,电机驱动控制方法与装置,C0741,电网状态估计与相量测量,,,1
C0432,电机驱动控制方法与装置,C0746,功率因数校正电路与控制,,,1
C0433,风电功率预测与状态监测混合,C0246,虚拟电厂资源聚合与调度,,,1
C0433,风电功率预测与状态监测混合,C0489,海上风电开发与技术经济,,,1
C0433,风电功率预测与状态监测混合,C0490,风能资源评估与选址,,,3
C0433,风电功率预测与状态监测混合,C0502,潮汐与潮流能开发,,,1
C0433,风电功率预测与状态监测混合,C0564,波浪能转换装置,,,2
C0433,风电功率预测与状态监测混合,C0578,光伏电池与组件模型参数辨识,,,1
C0433,风电功率预测与状态监测混合,C0589,输电线路雷击与防雷,,,3
C0433,风电功率预测与状态监测混合,C0613,电力系统可靠性评估,,,3
C0433,风电功率预测与状态监测混合,C0643,电力设施覆冰与除冰,,,2
C0433,风电功率预测与状态监测混合,C0672,漂浮式海上风电平台,,,1
C0433,风电功率预测与状态监测混合,C0675,风电出力预测,,,171
C0433,风电功率预测与状态监测混合,C0676,风速预测,,,11
C0433,风电功率预测与状态监测混合,C0684,电池热失控与传播,,,1
C0433,风电功率预测与状态监测混合,C0686,电网灾害韧性与恢复,,,1
C0433,风电功率预测与状态监测混合,C0712,电力负荷预测,,,1
C0433,风电功率预测与状态监测混合,C0726,风机状态监测与预测性维护,,,198
C0434,风电光伏项目建设与扶持政策,C0528,可再生能源补贴机制,,,8
C0434,风电光伏项目建设与扶持政策,C0530,钙钛矿电池界面、钝化与传输层,,,1
C0434,风电光伏项目建设与扶持政策,C0626,屋顶与分布式光伏部署,,,8
C0434,风电光伏项目建设与扶持政策,C0678,聚光太阳能热发电,,,1
C0434,风电光伏项目建设与扶持政策,C0710,水电站运行调度,,,1
C0434,风电光伏项目建设与扶持政策,C0718,配电网规划与容量配置,,,7
C0435,智能电表物联网与用能监测,C0060,超级电容器电极与器件,,,5
C0435,智能电表物联网与用能监测,C0154,无线电能传输电路与系统,,,5
C0435,智能电表物联网与用能监测,C0246,虚拟电厂资源聚合与调度,,,1
C0435,智能电表物联网与用能监测,C0420,碳化硅功率半导体器件,,,1
C0435,智能电表物联网与用能监测,C0487,电池冷却与散热,,,2
C0435,智能电表物联网与用能监测,C0499,电磁能量采集,,,2
C0435,智能电表物联网与用能监测,C0500,压电能量采集,,,3
C0435,智能电表物联网与用能监测,C0509,太阳能热水与供热装置,,,1
C0435,智能电表物联网与用能监测,C0538,智能电网通信架构,,,13
C0435,智能电表物联网与用能监测,C0539,配电网谐波与电能质量治理,,,1
C0435,智能电表物联网与用能监测,C0542,光伏组件故障与缺陷检测,,,1
C0435,智能电表物联网与用能监测,C0545,电动汽车有序充放电调度,,,1
C0435,智能电表物联网与用能监测,C0550,变压器故障诊断,,,2
C0435,智能电表物联网与用能监测,C0552,微电网能量管理与经济调度,,,16
C0435,智能电表物联网与用能监测,C0563,电力线载波通信,,,3
C0435,智能电表物联网与用能监测,C0575,产消者能源交易,,,1
C0435,智能电表物联网与用能监测,C0582,微电网孤岛切换与动态控制,,,2
C0435,智能电表物联网与用能监测,C0592,电池荷电状态估计,,,1
C0435,智能电表物联网与用能监测,C0611,电气安全与触电风险,,,2
C0435,智能电表物联网与用能监测,C0624,农光互补与农光协同,,,1
C0435,智能电表物联网与用能监测,C0633,区域供热供冷系统,,,1
C0435,智能电表物联网与用能监测,C0637,电流检测与测量电路,,,5
C0435,智能电表物联网与用能监测,C0638,电压检测与测量电路,,,3
C0435,智能电表物联网与用能监测,C0654,能源电力教学实验平台,,,1
C0435,智能电表物联网与用能监测,C0661,温度传感与测量装置,,,2
C0435,智能电表物联网与用能监测,C0664,LED照明灯具与配光,,,5
C0435,智能电表物联网与用能监测,C0686,电网灾害韧性与恢复,,,2
C0435,智能电表物联网与用能监测,C0690,电力知识图谱,,,1
C0435,智能电表物联网与用能监测,C0706,轨道交通能耗与牵引优化,,,1
C0435,智能电表物联网与用能监测,C0712,电力负荷预测,,,1
C0435,智能电表物联网与用能监测,C0729,建筑暖通空调能耗,,,3
C0435,智能电表物联网与用能监测,C0741,电网状态估计与相量测量,,,1
C0435,智能电表物联网与用能监测,C0746,功率因数校正电路与控制,,,5
C0435,智能电表物联网与用能监测,C0747,网络入侵检测,,,7
C0435,智能电表物联网与用能监测,C0748,储能系统集成与安全装置,,,1
C0435,智能电表物联网与用能监测,,,Q.EDITORIAL,封面、索引、勘误等非研究正文,4
C0436,钠离子电池电极材料,C0501,钠电池电解液与界面,,,345
C0436,钠离子电池电极材料,C0518,电池电极粘结剂,,,64
C0436,钠离子电池电极材料,C0519,电池隔膜制备与改性,,,14
C0436,钠离子电池电极材料,C0520,凝胶聚合物锂电解质,,,3
C0436,钠离子电池电极材料,C0521,固态聚合物锂电解质,,,20
C0436,钠离子电池电极材料,C0530,钙钛矿电池界面、钝化与传输层,,,2
C0436,钠离子电池电极材料,C0555,锌空气电池,,,2
C0436,钠离子电池电极材料,C0556,水系锌离子电池,,,281
C0436,钠离子电池电极材料,C0576,碱性水电解制氢,,,5
C0436,钠离子电池电极材料,C0577,质子交换膜水电解制氢,,,2
C0436,钠离子电池电极材料,C0598,锂资源提取与分离,,,2
C0436,钠离子电池电极材料,C0604,电池老化实验与循环寿命,,,10
C0436,钠离子电池电极材料,C0616,锂金属负极界面稳定与枝晶抑制,,,236
C0436,钠离子电池电极材料,C0648,锂电石墨负极,,,9
C0436,钠离子电池电极材料,C0673,硫化物固态电解质,,,36
C0436,钠离子电池电极材料,C0714,层状及富镍锂电正极材料,,,601
C0436,钠离子电池电极材料,C0715,锂电磷酸盐正极材料,,,6
C0436,钠离子电池电极材料,C0727,钠离子电池负极材料,,,446
C0436,钠离子电池电极材料,C0728,钠离子电池正极材料,,,875
C0436,钠离子电池电极材料,,,Q.EDITORIAL,封面、索引、勘误等非研究正文,18
C0437,矿物岩石与黏土性质,C0513,天然气水合物生成与分解,,,6
C0437,矿物岩石与黏土性质,C0560,二氧化碳水合物形成与分离,,,5
C0437,矿物岩石与黏土性质,C0598,锂资源提取与分离,,,9
C0437,矿物岩石与黏土性质,C0606,地热资源勘探与储层建模,,,52
C0437,矿物岩石与黏土性质,C0671,二氧化碳固体吸附捕集,,,2
C0437,矿物岩石与黏土性质,C0680,生物质气化制合成气,,,1
C0437,矿物岩石与黏土性质,C0693,活性炭制备与孔结构,,,1
C0437,矿物岩石与黏土性质,C0694,稀土元素提取分离,,,108
C0437,矿物岩石与黏土性质,C0695,铀钍提取与分离,,,1
C0437,矿物岩石与黏土性质,,,Q.EDITORIAL,封面、索引、勘误等非研究正文,4
C0438,电力设备数据诊断与异常检测,C0381,光伏发电功率预测方法与装置,,,1
C0438,电力设备数据诊断与异常检测,C0435,智能电表物联网与用能监测,,,38
C0438,电力设备数据诊断与异常检测,C0539,配电网谐波与电能质量治理,,,5
C0438,电力设备数据诊断与异常检测,C0542,光伏组件故障与缺陷检测,,,4
C0438,电力设备数据诊断与异常检测,C0549,开关设备故障检测,,,2
C0438,电力设备数据诊断与异常检测,C0550,变压器故障诊断,,,2
C0438,电力设备数据诊断与异常检测,C0611,电气安全与触电风险,,,2
C0438,电力设备数据诊断与异常检测,C0613,电力系统可靠性评估,,,1
C0438,电力设备数据诊断与异常检测,C0615,电气绝缘局部放电,,,3
C0438,电力设备数据诊断与异常检测,C0637,电流检测与测量电路,,,4
C0438,电力设备数据诊断与异常检测,C0638,电压检测与测量电路,,,6
C0438,电力设备数据诊断与异常检测,C0654,能源电力教学实验平台,,,1
C0438,电力设备数据诊断与异常检测,C0661,温度传感与测量装置,,,1
C0438,电力设备数据诊断与异常检测,C0690,电力知识图谱,,,20
C0438,电力设备数据诊断与异常检测,C0700,永磁同步电机控制,,,1
C0438,电力设备数据诊断与异常检测,C0732,电力设备风险预警,,,1
C0438,电力设备数据诊断与异常检测,C0737,电力系统电压稳定,,,1
C0438,电力设备数据诊断与异常检测,C0741,电网状态估计与相量测量,,,7
C0439,电气化铁路牵引与供电,C0499,电磁能量采集,,,2
C0439,电气化铁路牵引与供电,C0500,压电能量采集,,,3
C0439,电气化铁路牵引与供电,C0504,电动汽车充电并网影响,,,1
C0439,电气化铁路牵引与供电,C0512,无线充电器与装置,,,2
C0439,电气化铁路牵引与供电,C0525,储能容量配置与选址,,,1
C0439,电气化铁路牵引与供电,C0548,输配电线路故障检测与定位,,,2
C0439,电气化铁路牵引与供电,C0550,变压器故障诊断,,,1
C0439,电气化铁路牵引与供电,C0563,电力线载波通信,,,1
C0439,电气化铁路牵引与供电,C0613,电力系统可靠性评估,,,1
C0439,电气化铁路牵引与供电,C0632,电动汽车路径与补能规划,,,2
C0439,电气化铁路牵引与供电,C0651,地源热泵与地埋换热器,,,1
C0439,电气化铁路牵引与供电,C0667,电网频率控制,,,1
C0439,电气化铁路牵引与供电,C0700,永磁同步电机控制,,,1
C0439,电气化铁路牵引与供电,C0706,轨道交通能耗与牵引优化,,,13
C0439,电气化铁路牵引与供电,C0726,风机状态监测与预测性维护,,,1
C0439,电气化铁路牵引与供电,C0746,功率因数校正电路与控制,,,1
C0439,电气化铁路牵引与供电,,,Q.INSUFFICIENT,题名摘要不足，待补全,2
C0440,铜基硫族薄膜与光伏吸收材料,C0493,光催化制氢,,,1
C0440,铜基硫族薄膜与光伏吸收材料,C0516,分离膜污染与清洗,,,1
C0440,铜基硫族薄膜与光伏吸收材料,C0530,钙钛矿电池界面、钝化与传输层,,,2
C0440,铜基硫族薄膜与光伏吸收材料,C0537,其他材料光催化污染物降解,,,3
C0440,铜基硫族薄膜与光伏吸收材料,C0557,TiO₂光催化污染物降解,,,1
C0440,铜基硫族薄膜与光伏吸收材料,C0558,油水分离界面与膜材料,,,1
C0440,铜基硫族薄膜与光伏吸收材料,C0584,聚合物有机太阳能电池,,,1
C0440,铜基硫族薄膜与光伏吸收材料,C0601,铜基热电材料,,,24
C0440,铜基硫族薄膜与光伏吸收材料,C0671,二氧化碳固体吸附捕集,,,2
C0440,铜基硫族薄膜与光伏吸收材料,C0687,染料敏化电池对电极,,,1
C0440,铜基硫族薄膜与光伏吸收材料,C0714,层状及富镍锂电正极材料,,,2
C0440,铜基硫族薄膜与光伏吸收材料,C0724,电子废物回收,,,1
C0440,铜基硫族薄膜与光伏吸收材料,C0727,钠离子电池负极材料,,,1
C0440,铜基硫族薄膜与光伏吸收材料,,,Q.EDITORIAL,封面、索引、勘误等非研究正文,3
C0441,二次电池电解液添加剂与配方,C0491,电池电极涂布与辊压,,,2
C0441,二次电池电解液添加剂与配方,C0501,钠电池电解液与界面,,,9
C0441,二次电池电解液添加剂与配方,C0511,电池装配工装与制造设备,,,5
C0441,二次电池电解液添加剂与配方,C0518,电池电极粘结剂,,,18
C0441,二次电池电解液添加剂与配方,C0519,电池隔膜制备与改性,,,68
C0441,二次电池电解液添加剂与配方,C0520,凝胶聚合物锂电解质,,,2
C0441,二次电池电解液添加剂与配方,C0556,水系锌离子电池,,,2
C0441,二次电池电解液添加剂与配方,C0683,电池火灾抑制与灭火,,,8
C0441,二次电池电解液添加剂与配方,C0728,钠离子电池正极材料,,,4
C0441,二次电池电解液添加剂与配方,,,Q.EDITORIAL,封面、索引、勘误等非研究正文,2
C0442,能源专项监管与企业整改公告,C0522,销售电价与用户电费政策,,,7
C0442,能源专项监管与企业整改公告,C0523,输配电价监管政策,,,1
C0442,能源专项监管与企业整改公告,C0528,可再生能源补贴机制,,,2
C0442,能源专项监管与企业整改公告,C0621,工业能源审计与节能评估,,,6
C0442,能源专项监管与企业整改公告,C0649,能源电力标准化政策,,,1
C0442,能源专项监管与企业整改公告,C0691,充电基础设施建设政策,,,3
C0443,建筑能效与居民供热用能,C0060,超级电容器电极与器件,,,1
C0443,建筑能效与居民供热用能,C0257,固体氧化物燃料电池,,,1
C0443,建筑能效与居民供热用能,C0435,智能电表物联网与用能监测,,,12
C0443,建筑能效与居民供热用能,C0500,压电能量采集,,,1
C0443,建筑能效与居民供热用能,C0504,电动汽车充电并网影响,,,1
C0443,建筑能效与居民供热用能,C0509,太阳能热水与供热装置,,,3
C0443,建筑能效与居民供热用能,C0527,碳税与环境税费,,,1
C0443,建筑能效与居民供热用能,C0552,微电网能量管理与经济调度,,,8
C0443,建筑能效与居民供热用能,C0553,电动汽车推广与购买行为,,,1
C0443,建筑能效与居民供热用能,C0564,波浪能转换装置,,,1
C0443,建筑能效与居民供热用能,C0572,碳排放交易机制,,,1
C0443,建筑能效与居民供热用能,C0575,产消者能源交易,,,5
C0443,建筑能效与居民供热用能,C0594,能源安全与转型战略,,,1
C0443,建筑能效与居民供热用能,C0607,地热供热与发电利用,,,1
C0443,建筑能效与居民供热用能,C0621,工业能源审计与节能评估,,,9
C0443,建筑能效与居民供热用能,C0624,农光互补与农光协同,,,1
C0443,建筑能效与居民供热用能,C0626,屋顶与分布式光伏部署,,,10
C0443,建筑能效与居民供热用能,C0633,区域供热供冷系统,,,77
C0443,建筑能效与居民供热用能,C0635,综合能源系统规划配置,,,13
C0443,建筑能效与居民供热用能,C0636,综合能源系统优化调度,,,3
C0443,建筑能效与居民供热用能,C0651,地源热泵与地埋换热器,,,4
C0443,建筑能效与居民供热用能,C0664,LED照明灯具与配光,,,6
C0443,建筑能效与居民供热用能,C0686,电网灾害韧性与恢复,,,3
C0443,建筑能效与居民供热用能,C0719,气候变化适应与风险,,,1
C0443,建筑能效与居民供热用能,C0720,气候变化减缓政策,,,1
C0443,建筑能效与居民供热用能,C0723,光伏光热联合系统,,,15
C0443,建筑能效与居民供热用能,C0729,建筑暖通空调能耗,,,130
C0443,建筑能效与居民供热用能,C0730,建筑节能改造,,,6
C0443,建筑能效与居民供热用能,C0744,潜热储热系统,,,2
C0443,建筑能效与居民供热用能,C0750,能源贫困与能源可及性,,,10
C0444,通用计算硬件接口与电子系统,C0298,场效应晶体管结构与建模,,,2
C0444,通用计算硬件接口与电子系统,C0512,无线充电器与装置,,,1
C0444,通用计算硬件接口与电子系统,C0533,氮化镓功率与结器件,,,6
C0444,通用计算硬件接口与电子系统,C0588,电网接地与地网安全,,,2
C0444,通用计算硬件接口与电子系统,C0746,功率因数校正电路与控制,,,2
C0444,通用计算硬件接口与电子系统,,,Q.EDITORIAL,封面、索引、勘误等非研究正文,6
C0444,通用计算硬件接口与电子系统,,,Q.INSUFFICIENT,题名摘要不足，待补全,3
C0445,雷电电磁场与天体物理混合,C0154,无线电能传输电路与系统,,,1
C0445,雷电电磁场与天体物理混合,C0387,有机发光二极管与发光材料,,,1
C0445,雷电电磁场与天体物理混合,C0472,多电平逆变器拓扑与调制,,,1
C0445,雷电电磁场与天体物理混合,C0499,电磁能量采集,,,1
C0445,雷电电磁场与天体物理混合,C0533,氮化镓功率与结器件,,,1
C0445,雷电电磁场与天体物理混合,C0564,波浪能转换装置,,,1
C0445,雷电电磁场与天体物理混合,C0589,输电线路雷击与防雷,,,8
C0445,雷电电磁场与天体物理混合,C0596,聚变加热与中性束注入,,,1
C0445,雷电电磁场与天体物理混合,C0614,电晕放电与电晕损耗,,,2
C0445,雷电电磁场与天体物理混合,C0622,谐振与软开关变换器,,,1
C0445,雷电电磁场与天体物理混合,C0653,核聚变装置工程,,,11
C0445,雷电电磁场与天体物理混合,C0669,磁约束等离子体MHD稳定性,,,2
C0445,雷电电磁场与天体物理混合,C0679,FPGA实时控制与硬件实现,,,1
C0445,雷电电磁场与天体物理混合,C0731,天体等离子体与磁重联,,,26
C0445,雷电电磁场与天体物理混合,,,Q.EDITORIAL,封面、索引、勘误等非研究正文,6
C0446,电力扰动孤岛及异常识别算法,C0060,超级电容器电极与器件,,,2
C0446,电力扰动孤岛及异常识别算法,C0154,无线电能传输电路与系统,,,2
C0446,电力扰动孤岛及异常识别算法,C0246,虚拟电厂资源聚合与调度,,,1
C0446,电力扰动孤岛及异常识别算法,C0298,场效应晶体管结构与建模,,,1
C0446,电力扰动孤岛及异常识别算法,C0381,光伏发电功率预测方法与装置,,,3
C0446,电力扰动孤岛及异常识别算法,C0387,有机发光二极管与发光材料,,,1
C0446,电力扰动孤岛及异常识别算法,C0435,智能电表物联网与用能监测,,,9
C0446,电力扰动孤岛及异常识别算法,C0472,多电平逆变器拓扑与调制,,,3
C0446,电力扰动孤岛及异常识别算法,C0533,氮化镓功率与结器件,,,5
C0446,电力扰动孤岛及异常识别算法,C0538,智能电网通信架构,,,3
C0446,电力扰动孤岛及异常识别算法,C0539,配电网谐波与电能质量治理,,,12
C0446,电力扰动孤岛及异常识别算法,C0542,光伏组件故障与缺陷检测,,,401
C0446,电力扰动孤岛及异常识别算法,C0548,输配电线路故障检测与定位,,,17
C0446,电力扰动孤岛及异常识别算法,C0549,开关设备故障检测,,,19
C0446,电力扰动孤岛及异常识别算法,C0550,变压器故障诊断,,,408
C0446,电力扰动孤岛及异常识别算法,C0563,电力线载波通信,,,1
C0446,电力扰动孤岛及异常识别算法,C0578,光伏电池与组件模型参数辨识,,,4
C0446,电力扰动孤岛及异常识别算法,C0582,微电网孤岛切换与动态控制,,,3
C0446,电力扰动孤岛及异常识别算法,C0588,电网接地与地网安全,,,1
C0446,电力扰动孤岛及异常识别算法,C0589,输电线路雷击与防雷,,,5
C0446,电力扰动孤岛及异常识别算法,C0592,电池荷电状态估计,,,13
C0446,电力扰动孤岛及异常识别算法,C0593,电池健康状态与寿命预测,,,6
C0446,电力扰动孤岛及异常识别算法,C0613,电力系统可靠性评估,,,3
C0446,电力扰动孤岛及异常识别算法,C0614,电晕放电与电晕损耗,,,1
C0446,电力扰动孤岛及异常识别算法,C0615,电气绝缘局部放电,,,86
C0446,电力扰动孤岛及异常识别算法,C0637,电流检测与测量电路,,,15
C0446,电力扰动孤岛及异常识别算法,C0638,电压检测与测量电路,,,14
C0446,电力扰动孤岛及异常识别算法,C0647,电缆绝缘护套与导体结构,,,1
C0446,电力扰动孤岛及异常识别算法,C0672,漂浮式海上风电平台,,,1
C0446,电力扰动孤岛及异常识别算法,C0679,FPGA实时控制与硬件实现,,,6
C0446,电力扰动孤岛及异常识别算法,C0685,智能电网网络攻击与安全,,,28
C0446,电力扰动孤岛及异常识别算法,C0700,永磁同步电机控制,,,1
C0446,电力扰动孤岛及异常识别算法,C0712,电力负荷预测,,,5
C0446,电力扰动孤岛及异常识别算法,C0726,风机状态监测与预测性维护,,,1
C0446,电力扰动孤岛及异常识别算法,C0736,电力系统暂态稳定,,,4
C0446,电力扰动孤岛及异常识别算法,C0737,电力系统电压稳定,,,4
C0446,电力扰动孤岛及异常识别算法,C0741,电网状态估计与相量测量,,,53
C0446,电力扰动孤岛及异常识别算法,C0747,网络入侵检测,,,36
C0446,电力扰动孤岛及异常识别算法,,,Q.EDITORIAL,封面、索引、勘误等非研究正文,2
C0447,电力安全风险与故障预警系统,C0435,智能电表物联网与用能监测,,,6
C0447,电力安全风险与故障预警系统,C0500,压电能量采集,,,1
C0447,电力安全风险与故障预警系统,C0517,配电网需求响应与柔性调度,,,1
C0447,电力安全风险与故障预警系统,C0538,智能电网通信架构,,,1
C0447,电力安全风险与故障预警系统,C0542,光伏组件故障与缺陷检测,,,3
C0447,电力安全风险与故障预警系统,C0549,开关设备故障检测,,,3
C0447,电力安全风险与故障预警系统,C0550,变压器故障诊断,,,2
C0447,电力安全风险与故障预警系统,C0563,电力线载波通信,,,1
C0447,电力安全风险与故障预警系统,C0582,微电网孤岛切换与动态控制,,,1
C0447,电力安全风险与故障预警系统,C0588,电网接地与地网安全,,,1
C0447,电力安全风险与故障预警系统,C0611,电气安全与触电风险,,,11
C0447,电力安全风险与故障预警系统,C0613,电力系统可靠性评估,,,2
C0447,电力安全风险与故障预警系统,C0615,电气绝缘局部放电,,,3
C0447,电力安全风险与故障预警系统,C0636,综合能源系统优化调度,,,1
C0447,电力安全风险与故障预警系统,C0637,电流检测与测量电路,,,2
C0447,电力安全风险与故障预警系统,C0638,电压检测与测量电路,,,1
C0447,电力安全风险与故障预警系统,C0639,漏电与剩余电流保护,,,4
C0447,电力安全风险与故障预警系统,C0667,电网频率控制,,,1
C0447,电力安全风险与故障预警系统,C0685,智能电网网络攻击与安全,,,19
C0447,电力安全风险与故障预警系统,C0686,电网灾害韧性与恢复,,,11
C0447,电力安全风险与故障预警系统,C0690,电力知识图谱,,,6
C0447,电力安全风险与故障预警系统,C0732,电力设备风险预警,,,4
C0447,电力安全风险与故障预警系统,C0741,电网状态估计与相量测量,,,1
C0447,电力安全风险与故障预警系统,C0747,网络入侵检测,,,25
C0447,电力安全风险与故障预警系统,C0748,储能系统集成与安全装置,,,2
C0448,水资源调度灌溉与水能利用,C0498,生物能源生命周期与可持续性,,,1
C0448,水资源调度灌溉与水能利用,C0502,潮汐与潮流能开发,,,14
C0448,水资源调度灌溉与水能利用,C0515,膜法海水淡化,,,37
C0448,水资源调度灌溉与水能利用,C0516,分离膜污染与清洗,,,2
C0448,水资源调度灌溉与水能利用,C0527,碳税与环境税费,,,4
C0448,水资源调度灌溉与水能利用,C0572,碳排放交易机制,,,2
C0448,水资源调度灌溉与水能利用,C0598,锂资源提取与分离,,,4
C0448,水资源调度灌溉与水能利用,C0607,地热供热与发电利用,,,1
C0448,水资源调度灌溉与水能利用,C0611,电气安全与触电风险,,,1
C0448,水资源调度灌溉与水能利用,C0612,国际气候协定与治理,,,1
C0448,水资源调度灌溉与水能利用,C0624,农光互补与农光协同,,,2
C0448,水资源调度灌溉与水能利用,C0633,区域供热供冷系统,,,1
C0448,水资源调度灌溉与水能利用,C0710,水电站运行调度,,,10
C0448,水资源调度灌溉与水能利用,C0719,气候变化适应与风险,,,12
C0448,水资源调度灌溉与水能利用,C0720,气候变化减缓政策,,,3
C0448,水资源调度灌溉与水能利用,C0733,灌溉水资源优化调度,,,17
C0449,电池单体壳体与组件结构,C0257,固体氧化物燃料电池,,,4
C0449,电池单体壳体与组件结构,C0487,电池冷却与散热,,,3
C0449,电池单体壳体与组件结构,C0491,电池电极涂布与辊压,,,24
C0449,电池单体壳体与组件结构,C0511,电池装配工装与制造设备,,,90
C0449,电池单体壳体与组件结构,C0518,电池电极粘结剂,,,3
C0449,电池单体壳体与组件结构,C0519,电池隔膜制备与改性,,,75
C0449,电池单体壳体与组件结构,C0571,光伏电池与组件制造工艺,,,1
C0449,电池单体壳体与组件结构,C0598,锂资源提取与分离,,,2
C0449,电池单体壳体与组件结构,C0604,电池老化实验与循环寿命,,,8
C0449,电池单体壳体与组件结构,C0641,电池盖板、端子与密封结构,,,98
C0449,电池单体壳体与组件结构,C0657,电池单体均衡控制,,,4
C0449,电池单体壳体与组件结构,C0659,废旧电池拆解与物理分离,,,11
C0449,电池单体壳体与组件结构,C0660,废旧电池湿法回收,,,1
C0449,电池单体壳体与组件结构,C0683,电池火灾抑制与灭火,,,21
C0449,电池单体壳体与组件结构,C0684,电池热失控与传播,,,4
C0449,电池单体壳体与组件结构,C0699,电池模组与电池包装配结构,,,40
C0449,电池单体壳体与组件结构,C0715,锂电磷酸盐正极材料,,,1
C0449,电池单体壳体与组件结构,,,Q.EDITORIAL,封面、索引、勘误等非研究正文,1
C0450,液压泵阀与流体传动,C0386,感应电机运行控制与性能,,,8
C0450,液压泵阀与流体传动,C0412,质子交换膜燃料电池运行与建模,,,2
C0450,液压泵阀与流体传动,C0499,电磁能量采集,,,2
C0450,液压泵阀与流体传动,C0500,压电能量采集,,,1
C0450,液压泵阀与流体传动,C0515,膜法海水淡化,,,3
C0450,液压泵阀与流体传动,C0535,燃料电池供气与空压控制,,,1
C0450,液压泵阀与流体传动,C0551,燃气轮机热力性能,,,4
C0450,液压泵阀与流体传动,C0564,波浪能转换装置,,,13
C0450,液压泵阀与流体传动,C0645,电机驱动PWM与谐波控制,,,3
C0450,液压泵阀与流体传动,C0651,地源热泵与地埋换热器,,,6
C0450,液压泵阀与流体传动,C0653,核聚变装置工程,,,1
C0450,液压泵阀与流体传动,C0662,吸收式制冷循环,,,2
C0450,液压泵阀与流体传动,C0667,电网频率控制,,,1
C0450,液压泵阀与流体传动,C0704,汽轮机运行与热力性能,,,6
C0450,液压泵阀与流体传动,C0711,水轮机性能与设计,,,53
C0450,液压泵阀与流体传动,C0734,液压泵性能与控制,,,15
C0450,液压泵阀与流体传动,C0735,液压阀设计与控制,,,17
C0450,液压泵阀与流体传动,C0744,潜热储热系统,,,1
C0450,液压泵阀与流体传动,,,Q.INSUFFICIENT,题名摘要不足，待补全,4
C0451,电力系统暂态电压与稳定性分析,C0060,超级电容器电极与器件,,,14
C0451,电力系统暂态电压与稳定性分析,C0154,无线电能传输电路与系统,,,3
C0451,电力系统暂态电压与稳定性分析,C0246,虚拟电厂资源聚合与调度,,,1
C0451,电力系统暂态电压与稳定性分析,C0257,固体氧化物燃料电池,,,4
C0451,电力系统暂态电压与稳定性分析,C0386,感应电机运行控制与性能,,,1
C0451,电力系统暂态电压与稳定性分析,C0412,质子交换膜燃料电池运行与建模,,,3
C0451,电力系统暂态电压与稳定性分析,C0472,多电平逆变器拓扑与调制,,,4
C0451,电力系统暂态电压与稳定性分析,C0490,风能资源评估与选址,,,1
C0451,电力系统暂态电压与稳定性分析,C0500,压电能量采集,,,1
C0451,电力系统暂态电压与稳定性分析,C0504,电动汽车充电并网影响,,,1
C0451,电力系统暂态电压与稳定性分析,C0517,配电网需求响应与柔性调度,,,1
C0451,电力系统暂态电压与稳定性分析,C0524,储能运行调度与收益,,,2
C0451,电力系统暂态电压与稳定性分析,C0525,储能容量配置与选址,,,1
C0451,电力系统暂态电压与稳定性分析,C0539,配电网谐波与电能质量治理,,,4
C0451,电力系统暂态电压与稳定性分析,C0540,配电网电压无功优化,,,8
C0451,电力系统暂态电压与稳定性分析,C0542,光伏组件故障与缺陷检测,,,4
C0451,电力系统暂态电压与稳定性分析,C0551,燃气轮机热力性能,,,1
C0451,电力系统暂态电压与稳定性分析,C0564,波浪能转换装置,,,4
C0451,电力系统暂态电压与稳定性分析,C0581,微电网下垂控制与功率分配,,,5
C0451,电力系统暂态电压与稳定性分析,C0582,微电网孤岛切换与动态控制,,,25
C0451,电力系统暂态电压与稳定性分析,C0592,电池荷电状态估计,,,1
C0451,电力系统暂态电压与稳定性分析,C0595,电网短路电流计算,,,2
C0451,电力系统暂态电压与稳定性分析,C0613,电力系统可靠性评估,,,13
C0451,电力系统暂态电压与稳定性分析,C0622,谐振与软开关变换器,,,1
C0451,电力系统暂态电压与稳定性分析,C0631,电动汽车充电站选址规划,,,1
C0451,电力系统暂态电压与稳定性分析,C0633,区域供热供冷系统,,,1
C0451,电力系统暂态电压与稳定性分析,C0638,电压检测与测量电路,,,1
C0451,电力系统暂态电压与稳定性分析,C0667,电网频率控制,,,287
C0451,电力系统暂态电压与稳定性分析,C0675,风电出力预测,,,1
C0451,电力系统暂态电压与稳定性分析,C0686,电网灾害韧性与恢复,,,86
C0451,电力系统暂态电压与稳定性分析,C0700,永磁同步电机控制,,,2
C0451,电力系统暂态电压与稳定性分析,C0723,光伏光热联合系统,,,1
C0451,电力系统暂态电压与稳定性分析,C0726,风机状态监测与预测性维护,,,1
C0451,电力系统暂态电压与稳定性分析,C0736,电力系统暂态稳定,,,791
C0451,电力系统暂态电压与稳定性分析,C0737,电力系统电压稳定,,,567
C0451,电力系统暂态电压与稳定性分析,C0741,电网状态估计与相量测量,,,19
C0451,电力系统暂态电压与稳定性分析,C0746,功率因数校正电路与控制,,,36
C0451,电力系统暂态电压与稳定性分析,,,Q.EDITORIAL,封面、索引、勘误等非研究正文,1
C0452,风光储及混合能源系统配置,C0060,超级电容器电极与器件,,,11
C0452,风光储及混合能源系统配置,C0154,无线电能传输电路与系统,,,1
C0452,风光储及混合能源系统配置,C0246,虚拟电厂资源聚合与调度,,,6
C0452,风光储及混合能源系统配置,C0257,固体氧化物燃料电池,,,1
C0452,风光储及混合能源系统配置,C0330,太阳能界面蒸发与海水淡化,,,5
C0452,风光储及混合能源系统配置,C0381,光伏发电功率预测方法与装置,,,5
C0452,风光储及混合能源系统配置,C0386,感应电机运行控制与性能,,,1
C0452,风光储及混合能源系统配置,C0412,质子交换膜燃料电池运行与建模,,,1
C0452,风光储及混合能源系统配置,C0472,多电平逆变器拓扑与调制,,,12
C0452,风光储及混合能源系统配置,C0489,海上风电开发与技术经济,,,1
C0452,风光储及混合能源系统配置,C0499,电磁能量采集,,,1
C0452,风光储及混合能源系统配置,C0509,太阳能热水与供热装置,,,9
C0452,风光储及混合能源系统配置,C0515,膜法海水淡化,,,14
C0452,风光储及混合能源系统配置,C0524,储能运行调度与收益,,,2
C0452,风光储及混合能源系统配置,C0525,储能容量配置与选址,,,2
C0452,风光储及混合能源系统配置,C0528,可再生能源补贴机制,,,2
C0452,风光储及混合能源系统配置,C0534,氢能技术经济与生命周期,,,67
C0452,风光储及混合能源系统配置,C0539,配电网谐波与电能质量治理,,,3
C0452,风光储及混合能源系统配置,C0540,配电网电压无功优化,,,1
C0452,风光储及混合能源系统配置,C0541,光伏组件退化与寿命,,,1
C0452,风光储及混合能源系统配置,C0543,加氢站与氢气加注,,,2
C0452,风光储及混合能源系统配置,C0551,燃气轮机热力性能,,,9
C0452,风光储及混合能源系统配置,C0552,微电网能量管理与经济调度,,,43
C0452,风光储及混合能源系统配置,C0564,波浪能转换装置,,,4
C0452,风光储及混合能源系统配置,C0571,光伏电池与组件制造工艺,,,4
C0452,风光储及混合能源系统配置,C0572,碳排放交易机制,,,3
C0452,风光储及混合能源系统配置,C0578,光伏电池与组件模型参数辨识,,,1
C0452,风光储及混合能源系统配置,C0581,微电网下垂控制与功率分配,,,3
C0452,风光储及混合能源系统配置,C0582,微电网孤岛切换与动态控制,,,2
C0452,风光储及混合能源系统配置,C0587,太阳辐照度预测估算,,,1
C0452,风光储及混合能源系统配置,C0588,电网接地与地网安全,,,1
C0452,风光储及混合能源系统配置,C0592,电池荷电状态估计,,,1
C0452,风光储及混合能源系统配置,C0602,摩擦纳米发电机,,,4
C0452,风光储及混合能源系统配置,C0607,地热供热与发电利用,,,12
C0452,风光储及混合能源系统配置,C0624,农光互补与农光协同,,,6
C0452,风光储及混合能源系统配置,C0625,光伏技术经济与投资,,,45
C0452,风光储及混合能源系统配置,C0626,屋顶与分布式光伏部署,,,15
C0452,风光储及混合能源系统配置,C0629,超临界二氧化碳布雷顿循环,,,1
C0452,风光储及混合能源系统配置,C0630,有机朗肯循环发电,,,2
C0452,风光储及混合能源系统配置,C0633,区域供热供冷系统,,,1
C0452,风光储及混合能源系统配置,C0635,综合能源系统规划配置,,,2
C0452,风光储及混合能源系统配置,C0636,综合能源系统优化调度,,,6
C0452,风光储及混合能源系统配置,C0644,沼气提纯与生物甲烷升级,,,1
C0452,风光储及混合能源系统配置,C0651,地源热泵与地埋换热器,,,6
C0452,风光储及混合能源系统配置,C0654,能源电力教学实验平台,,,2
C0452,风光储及混合能源系统配置,C0656,动力电池梯次利用,,,6
C0452,风光储及混合能源系统配置,C0675,风电出力预测,,,1
C0452,风光储及混合能源系统配置,C0677,太阳能集热器传热设计,,,4
C0452,风光储及混合能源系统配置,C0678,聚光太阳能热发电,,,219
C0452,风光储及混合能源系统配置,C0680,生物质气化制合成气,,,1
C0452,风光储及混合能源系统配置,C0707,船舶燃料与能效,,,1
C0452,风光储及混合能源系统配置,C0710,水电站运行调度,,,2
C0452,风光储及混合能源系统配置,C0718,配电网规划与容量配置,,,1
C0452,风光储及混合能源系统配置,C0723,光伏光热联合系统,,,100
C0452,风光储及混合能源系统配置,C0733,灌溉水资源优化调度,,,1
C0452,风光储及混合能源系统配置,C0750,能源贫困与能源可及性,,,1
C0452,风光储及混合能源系统配置,,,Q.EDITORIAL,封面、索引、勘误等非研究正文,4
C0453,电机制造与通用装配装置混合,C0060,超级电容器电极与器件,,,1
C0453,电机制造与通用装配装置混合,C0491,电池电极涂布与辊压,,,8
C0453,电机制造与通用装配装置混合,C0511,电池装配工装与制造设备,,,5
C0453,电机制造与通用装配装置混合,C0546,永磁电机磁路与结构设计,,,1
C0453,电机制造与通用装配装置混合,C0571,光伏电池与组件制造工艺,,,1
C0453,电机制造与通用装配装置混合,C0579,电机转子结构与制造,,,15
C0453,电机制造与通用装配装置混合,C0580,电机定子结构与制造,,,16
C0453,电机制造与通用装配装置混合,C0641,电池盖板、端子与密封结构,,,7
C0454,木材加工与木质资源利用,C0063,生物质热解与炭化,,,55
C0454,木材加工与木质资源利用,C0498,生物能源生命周期与可持续性,,,8
C0454,木材加工与木质资源利用,C0499,电磁能量采集,,,1
C0454,木材加工与木质资源利用,C0621,工业能源审计与节能评估,,,2
C0454,木材加工与木质资源利用,C0633,区域供热供冷系统,,,1
C0454,木材加工与木质资源利用,C0668,中国区域低碳经济与碳效率,,,1
C0454,木材加工与木质资源利用,C0674,森林资源经营与碳汇,,,36
C0454,木材加工与木质资源利用,C0680,生物质气化制合成气,,,3
C0454,木材加工与木质资源利用,C0693,活性炭制备与孔结构,,,2
C0454,木材加工与木质资源利用,C0738,木材加工与干燥,,,289
C0455,污染物吸附氧化与分离,C0009,二氧化碳电还原催化,,,4
C0455,污染物吸附氧化与分离,C0063,生物质热解与炭化,,,2
C0455,污染物吸附氧化与分离,C0129,生物质与污泥厌氧消化产气,,,1
C0455,污染物吸附氧化与分离,C0226,过硫酸盐活化与高级氧化,,,193
C0455,污染物吸附氧化与分离,C0233,半导体光电化学水分解,,,1
C0455,污染物吸附氧化与分离,C0257,固体氧化物燃料电池,,,1
C0455,污染物吸附氧化与分离,C0259,锂硫电池正极与多硫化物调控,,,2
C0455,污染物吸附氧化与分离,C0355,染料敏化太阳能电池材料与器件,,,5
C0455,污染物吸附氧化与分离,C0501,钠电池电解液与界面,,,1
C0455,污染物吸附氧化与分离,C0513,天然气水合物生成与分解,,,1
C0455,污染物吸附氧化与分离,C0516,分离膜污染与清洗,,,3
C0455,污染物吸附氧化与分离,C0533,氮化镓功率与结器件,,,1
C0455,污染物吸附氧化与分离,C0537,其他材料光催化污染物降解,,,69
C0455,污染物吸附氧化与分离,C0557,TiO₂光催化污染物降解,,,9
C0455,污染物吸附氧化与分离,C0560,二氧化碳水合物形成与分离,,,1
C0455,污染物吸附氧化与分离,C0569,餐厨垃圾或污泥厌氧消化,,,4
C0455,污染物吸附氧化与分离,C0577,质子交换膜水电解制氢,,,1
C0455,污染物吸附氧化与分离,C0598,锂资源提取与分离,,,9
C0455,污染物吸附氧化与分离,C0603,ZnO光催化污染物降解,,,4
C0455,污染物吸附氧化与分离,C0670,二氧化碳溶剂吸收捕集,,,30
C0455,污染物吸附氧化与分离,C0671,二氧化碳固体吸附捕集,,,12
C0455,污染物吸附氧化与分离,C0680,生物质气化制合成气,,,1
C0455,污染物吸附氧化与分离,C0681,生物质水热炭化,,,1
C0455,污染物吸附氧化与分离,C0689,染料敏化电池敏化剂,,,1
C0455,污染物吸附氧化与分离,C0693,活性炭制备与孔结构,,,2
C0455,污染物吸附氧化与分离,C0694,稀土元素提取分离,,,11
C0455,污染物吸附氧化与分离,C0695,铀钍提取与分离,,,2
C0455,污染物吸附氧化与分离,C0714,层状及富镍锂电正极材料,,,4
C0455,污染物吸附氧化与分离,C0715,锂电磷酸盐正极材料,,,3
C0455,污染物吸附氧化与分离,C0724,电子废物回收,,,4
C0455,污染物吸附氧化与分离,C0725,废塑料回收与转化,,,5
C0455,污染物吸附氧化与分离,C0739,水污染物吸附去除,,,342
C0455,污染物吸附氧化与分离,C0740,水污染物电化学氧化,,,19
C0455,污染物吸附氧化与分离,,,Q.EDITORIAL,封面、索引、勘误等非研究正文,1
C0456,电极组件与活性材料加工,C0060,超级电容器电极与器件,,,15
C0456,电极组件与活性材料加工,C0257,固体氧化物燃料电池,,,3
C0456,电极组件与活性材料加工,C0417,固体氧化物电解池与可逆电化学单元,,,3
C0456,电极组件与活性材料加工,C0491,电池电极涂布与辊压,,,3
C0456,电极组件与活性材料加工,C0496,集成电路与功率模块封装,,,1
C0456,电极组件与活性材料加工,C0501,钠电池电解液与界面,,,1
C0456,电极组件与活性材料加工,C0511,电池装配工装与制造设备,,,1
C0456,电极组件与活性材料加工,C0518,电池电极粘结剂,,,1
C0456,电极组件与活性材料加工,C0519,电池隔膜制备与改性,,,2
C0456,电极组件与活性材料加工,C0602,摩擦纳米发电机,,,2
C0456,电极组件与活性材料加工,C0641,电池盖板、端子与密封结构,,,3
C0456,电极组件与活性材料加工,C0666,功率半导体器件,,,3
C0456,电极组件与活性材料加工,C0684,电池热失控与传播,,,1
C0456,电极组件与活性材料加工,,,Q.EDITORIAL,封面、索引、勘误等非研究正文,1
C0457,电网状态估计相量测量与系统分析,C0060,超级电容器电极与器件,,,1
C0457,电网状态估计相量测量与系统分析,C0154,无线电能传输电路与系统,,,3
C0457,电网状态估计相量测量与系统分析,C0246,虚拟电厂资源聚合与调度,,,1
C0457,电网状态估计相量测量与系统分析,C0387,有机发光二极管与发光材料,,,1
C0457,电网状态估计相量测量与系统分析,C0412,质子交换膜燃料电池运行与建模,,,2
C0457,电网状态估计相量测量与系统分析,C0420,碳化硅功率半导体器件,,,1
C0457,电网状态估计相量测量与系统分析,C0435,智能电表物联网与用能监测,,,4
C0457,电网状态估计相量测量与系统分析,C0472,多电平逆变器拓扑与调制,,,1
C0457,电网状态估计相量测量与系统分析,C0490,风能资源评估与选址,,,1
C0457,电网状态估计相量测量与系统分析,C0500,压电能量采集,,,3
C0457,电网状态估计相量测量与系统分析,C0504,电动汽车充电并网影响,,,1
C0457,电网状态估计相量测量与系统分析,C0533,氮化镓功率与结器件,,,10
C0457,电网状态估计相量测量与系统分析,C0538,智能电网通信架构,,,1
C0457,电网状态估计相量测量与系统分析,C0539,配电网谐波与电能质量治理,,,57
C0457,电网状态估计相量测量与系统分析,C0540,配电网电压无功优化,,,9
C0457,电网状态估计相量测量与系统分析,C0542,光伏组件故障与缺陷检测,,,2
C0457,电网状态估计相量测量与系统分析,C0548,输配电线路故障检测与定位,,,3
C0457,电网状态估计相量测量与系统分析,C0550,变压器故障诊断,,,44
C0457,电网状态估计相量测量与系统分析,C0564,波浪能转换装置,,,9
C0457,电网状态估计相量测量与系统分析,C0574,电力市场机制与制度设计,,,1
C0457,电网状态估计相量测量与系统分析,C0581,微电网下垂控制与功率分配,,,1
C0457,电网状态估计相量测量与系统分析,C0592,电池荷电状态估计,,,4
C0457,电网状态估计相量测量与系统分析,C0613,电力系统可靠性评估,,,36
C0457,电网状态估计相量测量与系统分析,C0615,电气绝缘局部放电,,,6
C0457,电网状态估计相量测量与系统分析,C0624,农光互补与农光协同,,,1
C0457,电网状态估计相量测量与系统分析,C0636,综合能源系统优化调度,,,1
C0457,电网状态估计相量测量与系统分析,C0637,电流检测与测量电路,,,5
C0457,电网状态估计相量测量与系统分析,C0638,电压检测与测量电路,,,19
C0457,电网状态估计相量测量与系统分析,C0643,电力设施覆冰与除冰,,,1
C0457,电网状态估计相量测量与系统分析,C0654,能源电力教学实验平台,,,1
C0457,电网状态估计相量测量与系统分析,C0664,LED照明灯具与配光,,,1
C0457,电网状态估计相量测量与系统分析,C0666,功率半导体器件,,,2
C0457,电网状态估计相量测量与系统分析,C0667,电网频率控制,,,90
C0457,电网状态估计相量测量与系统分析,C0686,电网灾害韧性与恢复,,,10
C0457,电网状态估计相量测量与系统分析,C0690,电力知识图谱,,,1
C0457,电网状态估计相量测量与系统分析,C0712,电力负荷预测,,,18
C0457,电网状态估计相量测量与系统分析,C0718,配电网规划与容量配置,,,5
C0457,电网状态估计相量测量与系统分析,C0723,光伏光热联合系统,,,1
C0457,电网状态估计相量测量与系统分析,C0736,电力系统暂态稳定,,,54
C0457,电网状态估计相量测量与系统分析,C0737,电力系统电压稳定,,,89
C0457,电网状态估计相量测量与系统分析,C0741,电网状态估计与相量测量,,,355
C0457,电网状态估计相量测量与系统分析,C0746,功率因数校正电路与控制,,,12
C0457,电网状态估计相量测量与系统分析,C0747,网络入侵检测,,,1
C0458,气固流动分离与杂项工艺混合,C0009,二氧化碳电还原催化,,,1
C0458,气固流动分离与杂项工艺混合,C0063,生物质热解与炭化,,,1
C0458,气固流动分离与杂项工艺混合,C0129,生物质与污泥厌氧消化产气,,,1
C0458,气固流动分离与杂项工艺混合,C0151,多孔碳吸附二氧化碳,,,2
C0458,气固流动分离与杂项工艺混合,C0257,固体氧化物燃料电池,,,20
C0458,气固流动分离与杂项工艺混合,C0412,质子交换膜燃料电池运行与建模,,,22
C0458,气固流动分离与杂项工艺混合,C0417,固体氧化物电解池与可逆电化学单元,,,1
C0458,气固流动分离与杂项工艺混合,C0481,微生物燃料电池与生物产电,,,1
C0458,气固流动分离与杂项工艺混合,C0514,煤气化工艺与反应,,,6
C0458,气固流动分离与杂项工艺混合,C0515,膜法海水淡化,,,1
C0458,气固流动分离与杂项工艺混合,C0534,氢能技术经济与生命周期,,,1
C0458,气固流动分离与杂项工艺混合,C0535,燃料电池供气与空压控制,,,3
C0458,气固流动分离与杂项工艺混合,C0536,燃料电池水管理,,,1
C0458,气固流动分离与杂项工艺混合,C0537,其他材料光催化污染物降解,,,2
C0458,气固流动分离与杂项工艺混合,C0551,燃气轮机热力性能,,,2
C0458,气固流动分离与杂项工艺混合,C0560,二氧化碳水合物形成与分离,,,1
C0458,气固流动分离与杂项工艺混合,C0561,蒸汽压缩制冷循环,,,5
C0458,气固流动分离与杂项工艺混合,C0564,波浪能转换装置,,,2
C0458,气固流动分离与杂项工艺混合,C0566,蒸汽重整制氢与合成气,,,1
C0458,气固流动分离与杂项工艺混合,C0570,畜禽粪便与农业残余厌氧消化,,,1
C0458,气固流动分离与杂项工艺混合,C0576,碱性水电解制氢,,,1
C0458,气固流动分离与杂项工艺混合,C0600,直接空气捕碳,,,30
C0458,气固流动分离与杂项工艺混合,C0614,电晕放电与电晕损耗,,,2
C0458,气固流动分离与杂项工艺混合,C0629,超临界二氧化碳布雷顿循环,,,1
C0458,气固流动分离与杂项工艺混合,C0630,有机朗肯循环发电,,,46
C0458,气固流动分离与杂项工艺混合,C0634,二氧化碳催化加氢与甲烷化,,,2
C0458,气固流动分离与杂项工艺混合,C0650,空气源热泵,,,2
C0458,气固流动分离与杂项工艺混合,C0653,核聚变装置工程,,,2
C0458,气固流动分离与杂项工艺混合,C0662,吸收式制冷循环,,,60
C0458,气固流动分离与杂项工艺混合,C0663,吸附式制冷循环,,,1
C0458,气固流动分离与杂项工艺混合,C0670,二氧化碳溶剂吸收捕集,,,10
C0458,气固流动分离与杂项工艺混合,C0671,二氧化碳固体吸附捕集,,,23
C0458,气固流动分离与杂项工艺混合,C0680,生物质气化制合成气,,,20
C0458,气固流动分离与杂项工艺混合,C0683,电池火灾抑制与灭火,,,1
C0458,气固流动分离与杂项工艺混合,C0684,电池热失控与传播,,,5
C0458,气固流动分离与杂项工艺混合,C0693,活性炭制备与孔结构,,,2
C0458,气固流动分离与杂项工艺混合,C0716,柴油机燃烧与排放,,,1
C0458,气固流动分离与杂项工艺混合,C0728,钠离子电池正极材料,,,1
C0459,钛合金陶瓷与MAX相材料,C0495,聚合物电气绝缘,,,1
C0459,钛合金陶瓷与MAX相材料,C0530,钙钛矿电池界面、钝化与传输层,,,1
C0459,钛合金陶瓷与MAX相材料,C0533,氮化镓功率与结器件,,,2
C0459,钛合金陶瓷与MAX相材料,C0557,TiO₂光催化污染物降解,,,1
C0459,钛合金陶瓷与MAX相材料,C0567,石墨烯结构复合材料,,,1
C0459,钛合金陶瓷与MAX相材料,C0583,碳化硅陶瓷结构材料,,,161
C0459,钛合金陶瓷与MAX相材料,C0601,铜基热电材料,,,1
C0459,钛合金陶瓷与MAX相材料,C0648,锂电石墨负极,,,2
C0459,钛合金陶瓷与MAX相材料,C0714,层状及富镍锂电正极材料,,,13
C0459,钛合金陶瓷与MAX相材料,C0715,锂电磷酸盐正极材料,,,3
C0459,钛合金陶瓷与MAX相材料,C0727,钠离子电池负极材料,,,1
C0459,钛合金陶瓷与MAX相材料,C0728,钠离子电池正极材料,,,1
C0459,钛合金陶瓷与MAX相材料,,,Q.EDITORIAL,封面、索引、勘误等非研究正文,2
C0460,电场空间电荷与界面建模,C0298,场效应晶体管结构与建模,,,11
C0460,电场空间电荷与界面建模,C0491,电池电极涂布与辊压,,,6
C0460,电场空间电荷与界面建模,C0496,集成电路与功率模块封装,,,1
C0460,电场空间电荷与界面建模,C0501,钠电池电解液与界面,,,1
C0460,电场空间电荷与界面建模,C0518,电池电极粘结剂,,,4
C0460,电场空间电荷与界面建模,C0519,电池隔膜制备与改性,,,3
C0460,电场空间电荷与界面建模,C0533,氮化镓功率与结器件,,,14
C0460,电场空间电荷与界面建模,C0576,碱性水电解制氢,,,11
C0460,电场空间电荷与界面建模,C0577,质子交换膜水电解制氢,,,14
C0460,电场空间电荷与界面建模,C0591,电池等效电路与参数辨识,,,1
C0460,电场空间电荷与界面建模,C0592,电池荷电状态估计,,,12
C0460,电场空间电荷与界面建模,C0601,铜基热电材料,,,1
C0460,电场空间电荷与界面建模,C0602,摩擦纳米发电机,,,12
C0460,电场空间电荷与界面建模,C0605,电池阻抗表征,,,15
C0460,电场空间电荷与界面建模,C0614,电晕放电与电晕损耗,,,1
C0460,电场空间电荷与界面建模,C0615,电气绝缘局部放电,,,5
C0460,电场空间电荷与界面建模,C0616,锂金属负极界面稳定与枝晶抑制,,,3
C0460,电场空间电荷与界面建模,C0647,电缆绝缘护套与导体结构,,,6
C0460,电场空间电荷与界面建模,C0648,锂电石墨负极,,,1
C0460,电场空间电荷与界面建模,C0654,能源电力教学实验平台,,,1
C0460,电场空间电荷与界面建模,C0714,层状及富镍锂电正极材料,,,3
C0460,电场空间电荷与界面建模,C0715,锂电磷酸盐正极材料,,,1
C0460,电场空间电荷与界面建模,,,Q.EDITORIAL,封面、索引、勘误等非研究正文,7
C0461,电催化制氨与氮循环反应,C0009,二氧化碳电还原催化,,,46
C0461,电催化制氨与氮循环反应,C0060,超级电容器电极与器件,,,6
C0461,电催化制氨与氮循环反应,C0155,电解水析氧催化,,,81
C0461,电催化制氨与氮循环反应,C0226,过硫酸盐活化与高级氧化,,,9
C0461,电催化制氨与氮循环反应,C0254,电催化析氢与界面调控,,,93
C0461,电催化制氨与氮循环反应,C0257,固体氧化物燃料电池,,,17
C0461,电催化制氨与氮循环反应,C0259,锂硫电池正极与多硫化物调控,,,1
C0461,电催化制氨与氮循环反应,C0278,整体电催化水分解,,,23
C0461,电催化制氨与氮循环反应,C0355,染料敏化太阳能电池材料与器件,,,1
C0461,电催化制氨与氮循环反应,C0358,非贵金属氧还原电催化材料,,,16
C0461,电催化制氨与氮循环反应,C0417,固体氧化物电解池与可逆电化学单元,,,4
C0461,电催化制氨与氮循环反应,C0481,微生物燃料电池与生物产电,,,1
C0461,电催化制氨与氮循环反应,C0493,光催化制氢,,,10
C0461,电催化制氨与氮循环反应,C0510,光催化二氧化碳还原,,,1
C0461,电催化制氨与氮循环反应,C0513,天然气水合物生成与分解,,,1
C0461,电催化制氨与氮循环反应,C0530,钙钛矿电池界面、钝化与传输层,,,1
C0461,电催化制氨与氮循环反应,C0533,氮化镓功率与结器件,,,1
C0461,电催化制氨与氮循环反应,C0537,其他材料光催化污染物降解,,,2
C0461,电催化制氨与氮循环反应,C0555,锌空气电池,,,1
C0461,电催化制氨与氮循环反应,C0556,水系锌离子电池,,,1
C0461,电催化制氨与氮循环反应,C0565,二氧化碳干重整制合成气,,,26
C0461,电催化制氨与氮循环反应,C0566,蒸汽重整制氢与合成气,,,6
C0461,电催化制氨与氮循环反应,C0576,碱性水电解制氢,,,21
C0461,电催化制氨与氮循环反应,C0577,质子交换膜水电解制氢,,,1
C0461,电催化制氨与氮循环反应,C0634,二氧化碳催化加氢与甲烷化,,,68
C0461,电催化制氨与氮循环反应,C0670,二氧化碳溶剂吸收捕集,,,8
C0461,电催化制氨与氮循环反应,C0671,二氧化碳固体吸附捕集,,,7
C0461,电催化制氨与氮循环反应,C0680,生物质气化制合成气,,,4
C0461,电催化制氨与氮循环反应,C0693,活性炭制备与孔结构,,,1
C0461,电催化制氨与氮循环反应,C0695,铀钍提取与分离,,,3
C0461,电催化制氨与氮循环反应,C0714,层状及富镍锂电正极材料,,,40
C0461,电催化制氨与氮循环反应,C0727,钠离子电池负极材料,,,6
C0461,电催化制氨与氮循环反应,C0728,钠离子电池正极材料,,,7
C0461,电催化制氨与氮循环反应,C0740,水污染物电化学氧化,,,2
C0461,电催化制氨与氮循环反应,C0742,氮气电还原制氨,,,585
C0461,电催化制氨与氮循环反应,C0743,硝酸盐电还原制氨,,,655
C0461,电催化制氨与氮循环反应,,,Q.EDITORIAL,封面、索引、勘误等非研究正文,18
C0461,电催化制氨与氮循环反应,,,Q.TEMPLATE,仍有模板干扰，待复核,1
C0462,超导电力装置与故障限流,C0500,压电能量采集,,,3
C0462,超导电力装置与故障限流,C0512,无线充电器与装置,,,2
C0462,超导电力装置与故障限流,C0539,配电网谐波与电能质量治理,,,3
C0462,超导电力装置与故障限流,C0548,输配电线路故障检测与定位,,,1
C0462,超导电力装置与故障限流,C0629,超临界二氧化碳布雷顿循环,,,3
C0462,超导电力装置与故障限流,C0647,电缆绝缘护套与导体结构,,,194
C0462,超导电力装置与故障限流,C0653,核聚变装置工程,,,3
C0462,超导电力装置与故障限流,C0736,电力系统暂态稳定,,,2
C0462,超导电力装置与故障限流,C0746,功率因数校正电路与控制,,,1
C0462,超导电力装置与故障限流,,,Q.EDITORIAL,封面、索引、勘误等非研究正文,1
C0463,区域供热预测与热系统建模,C0063,生物质热解与炭化,,,2
C0463,区域供热预测与热系统建模,C0122,热电材料与热电性能优化,,,1
C0463,区域供热预测与热系统建模,C0257,固体氧化物燃料电池,,,16
C0463,区域供热预测与热系统建模,C0298,场效应晶体管结构与建模,,,1
C0463,区域供热预测与热系统建模,C0412,质子交换膜燃料电池运行与建模,,,2
C0463,区域供热预测与热系统建模,C0420,碳化硅功率半导体器件,,,2
C0463,区域供热预测与热系统建模,C0487,电池冷却与散热,,,25
C0463,区域供热预测与热系统建模,C0500,压电能量采集,,,1
C0463,区域供热预测与热系统建模,C0509,太阳能热水与供热装置,,,2
C0463,区域供热预测与热系统建模,C0533,氮化镓功率与结器件,,,2
C0463,区域供热预测与热系统建模,C0547,建筑冷却与被动降温,,,2
C0463,区域供热预测与热系统建模,C0550,变压器故障诊断,,,2
C0463,区域供热预测与热系统建模,C0551,燃气轮机热力性能,,,7
C0463,区域供热预测与热系统建模,C0564,波浪能转换装置,,,1
C0463,区域供热预测与热系统建模,C0587,太阳辐照度预测估算,,,1
C0463,区域供热预测与热系统建模,C0593,电池健康状态与寿命预测,,,1
C0463,区域供热预测与热系统建模,C0606,地热资源勘探与储层建模,,,4
C0463,区域供热预测与热系统建模,C0607,地热供热与发电利用,,,5
C0463,区域供热预测与热系统建模,C0630,有机朗肯循环发电,,,16
C0463,区域供热预测与热系统建模,C0633,区域供热供冷系统,,,391
C0463,区域供热预测与热系统建模,C0636,综合能源系统优化调度,,,5
C0463,区域供热预测与热系统建模,C0650,空气源热泵,,,12
C0463,区域供热预测与热系统建模,C0651,地源热泵与地埋换热器,,,131
C0463,区域供热预测与热系统建模,C0661,温度传感与测量装置,,,21
C0463,区域供热预测与热系统建模,C0665,换热器结构与传热强化,,,13
C0463,区域供热预测与热系统建模,C0677,太阳能集热器传热设计,,,1
C0463,区域供热预测与热系统建模,C0678,聚光太阳能热发电,,,3
C0463,区域供热预测与热系统建模,C0680,生物质气化制合成气,,,4
C0463,区域供热预测与热系统建模,C0684,电池热失控与传播,,,9
C0463,区域供热预测与热系统建模,C0704,汽轮机运行与热力性能,,,1
C0463,区域供热预测与热系统建模,C0710,水电站运行调度,,,1
C0463,区域供热预测与热系统建模,C0712,电力负荷预测,,,5
C0463,区域供热预测与热系统建模,C0723,光伏光热联合系统,,,5
C0463,区域供热预测与热系统建模,C0729,建筑暖通空调能耗,,,8
C0463,区域供热预测与热系统建模,C0744,潜热储热系统,,,44
C0463,区域供热预测与热系统建模,C0745,热化学储热系统,,,1
C0463,区域供热预测与热系统建模,,,Q.EDITORIAL,封面、索引、勘误等非研究正文,1
C0464,潜热及热化学储热系统,C0060,超级电容器电极与器件,,,9
C0464,潜热及热化学储热系统,C0063,生物质热解与炭化,,,1
C0464,潜热及热化学储热系统,C0191,固态储氢材料与反应器,,,12
C0464,潜热及热化学储热系统,C0257,固体氧化物燃料电池,,,2
C0464,潜热及热化学储热系统,C0330,太阳能界面蒸发与海水淡化,,,1
C0464,潜热及热化学储热系统,C0417,固体氧化物电解池与可逆电化学单元,,,1
C0464,潜热及热化学储热系统,C0487,电池冷却与散热,,,253
C0464,潜热及热化学储热系统,C0488,电池低温预热,,,3
C0464,潜热及热化学储热系统,C0509,太阳能热水与供热装置,,,7
C0464,潜热及热化学储热系统,C0524,储能运行调度与收益,,,5
C0464,潜热及热化学储热系统,C0525,储能容量配置与选址,,,4
C0464,潜热及热化学储热系统,C0547,建筑冷却与被动降温,,,1
C0464,潜热及热化学储热系统,C0560,二氧化碳水合物形成与分离,,,1
C0464,潜热及热化学储热系统,C0561,蒸汽压缩制冷循环,,,1
C0464,潜热及热化学储热系统,C0562,制冷工质及其热物性,,,1
C0464,潜热及热化学储热系统,C0569,餐厨垃圾或污泥厌氧消化,,,1
C0464,潜热及热化学储热系统,C0571,光伏电池与组件制造工艺,,,1
C0464,潜热及热化学储热系统,C0583,碳化硅陶瓷结构材料,,,1
C0464,潜热及热化学储热系统,C0607,地热供热与发电利用,,,1
C0464,潜热及热化学储热系统,C0629,超临界二氧化碳布雷顿循环,,,1
C0464,潜热及热化学储热系统,C0630,有机朗肯循环发电,,,12
C0464,潜热及热化学储热系统,C0633,区域供热供冷系统,,,20
C0464,潜热及热化学储热系统,C0634,二氧化碳催化加氢与甲烷化,,,1
C0464,潜热及热化学储热系统,C0650,空气源热泵,,,1
C0464,潜热及热化学储热系统,C0651,地源热泵与地埋换热器,,,8
C0464,潜热及热化学储热系统,C0662,吸收式制冷循环,,,12
C0464,潜热及热化学储热系统,C0663,吸附式制冷循环,,,11
C0464,潜热及热化学储热系统,C0665,换热器结构与传热强化,,,21
C0464,潜热及热化学储热系统,C0671,二氧化碳固体吸附捕集,,,3
C0464,潜热及热化学储热系统,C0677,太阳能集热器传热设计,,,2
C0464,潜热及热化学储热系统,C0678,聚光太阳能热发电,,,14
C0464,潜热及热化学储热系统,C0684,电池热失控与传播,,,17
C0464,潜热及热化学储热系统,C0714,层状及富镍锂电正极材料,,,1
C0464,潜热及热化学储热系统,C0723,光伏光热联合系统,,,19
C0464,潜热及热化学储热系统,C0725,废塑料回收与转化,,,1
C0464,潜热及热化学储热系统,C0744,潜热储热系统,,,2475
C0464,潜热及热化学储热系统,C0745,热化学储热系统,,,453
C0464,潜热及热化学储热系统,C0748,储能系统集成与安全装置,,,3
C0464,潜热及热化学储热系统,,,Q.EDITORIAL,封面、索引、勘误等非研究正文,4
C0465,功率因数校正与变流器电流控制,C0060,超级电容器电极与器件,,,10
C0465,功率因数校正与变流器电流控制,C0154,无线电能传输电路与系统,,,16
C0465,功率因数校正与变流器电流控制,C0257,固体氧化物燃料电池,,,1
C0465,功率因数校正与变流器电流控制,C0386,感应电机运行控制与性能,,,39
C0465,功率因数校正与变流器电流控制,C0412,质子交换膜燃料电池运行与建模,,,2
C0465,功率因数校正与变流器电流控制,C0472,多电平逆变器拓扑与调制,,,40
C0465,功率因数校正与变流器电流控制,C0499,电磁能量采集,,,1
C0465,功率因数校正与变流器电流控制,C0512,无线充电器与装置,,,8
C0465,功率因数校正与变流器电流控制,C0517,配电网需求响应与柔性调度,,,1
C0465,功率因数校正与变流器电流控制,C0539,配电网谐波与电能质量治理,,,34
C0465,功率因数校正与变流器电流控制,C0540,配电网电压无功优化,,,10
C0465,功率因数校正与变流器电流控制,C0564,波浪能转换装置,,,41
C0465,功率因数校正与变流器电流控制,C0581,微电网下垂控制与功率分配,,,13
C0465,功率因数校正与变流器电流控制,C0582,微电网孤岛切换与动态控制,,,3
C0465,功率因数校正与变流器电流控制,C0608,隔离型DC-DC变换器,,,10
C0465,功率因数校正与变流器电流控制,C0609,非隔离DC-DC变换器,,,2
C0465,功率因数校正与变流器电流控制,C0622,谐振与软开关变换器,,,131
C0465,功率因数校正与变流器电流控制,C0638,电压检测与测量电路,,,6
C0465,功率因数校正与变流器电流控制,C0639,漏电与剩余电流保护,,,1
C0465,功率因数校正与变流器电流控制,C0645,电机驱动PWM与谐波控制,,,75
C0465,功率因数校正与变流器电流控制,C0646,电机转矩脉动抑制,,,1
C0465,功率因数校正与变流器电流控制,C0657,电池单体均衡控制,,,3
C0465,功率因数校正与变流器电流控制,C0664,LED照明灯具与配光,,,2
C0465,功率因数校正与变流器电流控制,C0667,电网频率控制,,,82
C0465,功率因数校正与变流器电流控制,C0679,FPGA实时控制与硬件实现,,,1
C0465,功率因数校正与变流器电流控制,C0700,永磁同步电机控制,,,108
C0465,功率因数校正与变流器电流控制,C0712,电力负荷预测,,,5
C0465,功率因数校正与变流器电流控制,C0736,电力系统暂态稳定,,,5
C0465,功率因数校正与变流器电流控制,C0737,电力系统电压稳定,,,4
C0465,功率因数校正与变流器电流控制,C0746,功率因数校正电路与控制,,,1095
C0466,新能源汽车产业与推广政策,C0553,电动汽车推广与购买行为,,,2
C0466,新能源汽车产业与推广政策,C0691,充电基础设施建设政策,,,1
C0467,燃料电池电堆与系统装置,C0257,固体氧化物燃料电池,,,79
C0467,燃料电池电堆与系统装置,C0266,燃料电池质子交换膜,,,3
C0467,燃料电池电堆与系统装置,C0487,电池冷却与散热,,,3
C0467,燃料电池电堆与系统装置,C0511,电池装配工装与制造设备,,,1
C0467,燃料电池电堆与系统装置,C0535,燃料电池供气与空压控制,,,5
C0467,燃料电池电堆与系统装置,C0551,燃气轮机热力性能,,,8
C0467,燃料电池电堆与系统装置,C0634,二氧化碳催化加氢与甲烷化,,,2
C0467,燃料电池电堆与系统装置,C0641,电池盖板、端子与密封结构,,,4
C0467,燃料电池电堆与系统装置,C0680,生物质气化制合成气,,,1
C0467,燃料电池电堆与系统装置,C0683,电池火灾抑制与灭火,,,5
C0467,燃料电池电堆与系统装置,C0684,电池热失控与传播,,,1
C0468,网络攻击检测与信息安全,C0246,虚拟电厂资源聚合与调度,,,1
C0468,网络攻击检测与信息安全,C0381,光伏发电功率预测方法与装置,,,1
C0468,网络攻击检测与信息安全,C0408,配电网重构与优化运行,,,1
C0468,网络攻击检测与信息安全,C0538,智能电网通信架构,,,12
C0468,网络攻击检测与信息安全,C0582,微电网孤岛切换与动态控制,,,14
C0468,网络攻击检测与信息安全,C0667,电网频率控制,,,1
C0468,网络攻击检测与信息安全,C0685,智能电网网络攻击与安全,,,194
C0468,网络攻击检测与信息安全,C0690,电力知识图谱,,,1
C0468,网络攻击检测与信息安全,C0718,配电网规划与容量配置,,,1
C0468,网络攻击检测与信息安全,C0741,电网状态估计与相量测量,,,5
C0468,网络攻击检测与信息安全,C0747,网络入侵检测,,,1413
C0469,燃料电池技术与固体氧化物电池,C0009,二氧化碳电还原催化,,,1
C0469,燃料电池技术与固体氧化物电池,C0060,超级电容器电极与器件,,,7
C0469,燃料电池技术与固体氧化物电池,C0257,固体氧化物燃料电池,,,2665
C0469,燃料电池技术与固体氧化物电池,C0266,燃料电池质子交换膜,,,1
C0469,燃料电池技术与固体氧化物电池,C0412,质子交换膜燃料电池运行与建模,,,147
C0469,燃料电池技术与固体氧化物电池,C0417,固体氧化物电解池与可逆电化学单元,,,7
C0469,燃料电池技术与固体氧化物电池,C0472,多电平逆变器拓扑与调制,,,1
C0469,燃料电池技术与固体氧化物电池,C0481,微生物燃料电池与生物产电,,,5
C0469,燃料电池技术与固体氧化物电池,C0498,生物能源生命周期与可持续性,,,2
C0469,燃料电池技术与固体氧化物电池,C0514,煤气化工艺与反应,,,1
C0469,燃料电池技术与固体氧化物电池,C0515,膜法海水淡化,,,1
C0469,燃料电池技术与固体氧化物电池,C0534,氢能技术经济与生命周期,,,1
C0469,燃料电池技术与固体氧化物电池,C0535,燃料电池供气与空压控制,,,48
C0469,燃料电池技术与固体氧化物电池,C0536,燃料电池水管理,,,4
C0469,燃料电池技术与固体氧化物电池,C0543,加氢站与氢气加注,,,1
C0469,燃料电池技术与固体氧化物电池,C0551,燃气轮机热力性能,,,25
C0469,燃料电池技术与固体氧化物电池,C0552,微电网能量管理与经济调度,,,1
C0469,燃料电池技术与固体氧化物电池,C0566,蒸汽重整制氢与合成气,,,1
C0469,燃料电池技术与固体氧化物电池,C0577,质子交换膜水电解制氢,,,3
C0469,燃料电池技术与固体氧化物电池,C0623,氢能供应链与基础设施规划,,,2
C0469,燃料电池技术与固体氧化物电池,C0629,超临界二氧化碳布雷顿循环,,,3
C0469,燃料电池技术与固体氧化物电池,C0630,有机朗肯循环发电,,,4
C0469,燃料电池技术与固体氧化物电池,C0651,地源热泵与地埋换热器,,,1
C0469,燃料电池技术与固体氧化物电池,C0662,吸收式制冷循环,,,1
C0469,燃料电池技术与固体氧化物电池,C0678,聚光太阳能热发电,,,1
C0469,燃料电池技术与固体氧化物电池,C0680,生物质气化制合成气,,,17
C0469,燃料电池技术与固体氧化物电池,C0707,船舶燃料与能效,,,5
C0469,燃料电池技术与固体氧化物电池,C0718,配电网规划与容量配置,,,1
C0470,电力储能系统集成与运行装置,C0060,超级电容器电极与器件,,,9
C0470,电力储能系统集成与运行装置,C0517,配电网需求响应与柔性调度,,,3
C0470,电力储能系统集成与运行装置,C0524,储能运行调度与收益,,,1
C0470,电力储能系统集成与运行装置,C0525,储能容量配置与选址,,,45
C0470,电力储能系统集成与运行装置,C0718,配电网规划与容量配置,,,4
C0470,电力储能系统集成与运行装置,C0748,储能系统集成与安全装置,,,2
C0471,风力机叶片塔架与气动结构,C0500,压电能量采集,,,5
C0471,风力机叶片塔架与气动结构,C0602,摩擦纳米发电机,,,1
C0471,风力机叶片塔架与气动结构,C0672,漂浮式海上风电平台,,,7
C0471,风力机叶片塔架与气动结构,C0701,电气设备风冷散热,,,1
C0472,多电平逆变器拓扑与调制,C0298,场效应晶体管结构与建模,,,1
C0472,多电平逆变器拓扑与调制,C0512,无线充电器与装置,,,3
C0472,多电平逆变器拓扑与调制,C0533,氮化镓功率与结器件,,,4
C0472,多电平逆变器拓扑与调制,C0539,配电网谐波与电能质量治理,,,12
C0472,多电平逆变器拓扑与调制,C0564,波浪能转换装置,,,4
C0472,多电平逆变器拓扑与调制,C0581,微电网下垂控制与功率分配,,,2
C0472,多电平逆变器拓扑与调制,C0582,微电网孤岛切换与动态控制,,,1
C0472,多电平逆变器拓扑与调制,C0592,电池荷电状态估计,,,1
C0472,多电平逆变器拓扑与调制,C0602,摩擦纳米发电机,,,2
C0472,多电平逆变器拓扑与调制,C0608,隔离型DC-DC变换器,,,2
C0472,多电平逆变器拓扑与调制,C0622,谐振与软开关变换器,,,93
C0472,多电平逆变器拓扑与调制,C0645,电机驱动PWM与谐波控制,,,67
C0472,多电平逆变器拓扑与调制,C0647,电缆绝缘护套与导体结构,,,1
C0472,多电平逆变器拓扑与调制,C0653,核聚变装置工程,,,1
C0472,多电平逆变器拓扑与调制,C0657,电池单体均衡控制,,,2
C0472,多电平逆变器拓扑与调制,C0679,FPGA实时控制与硬件实现,,,2
C0472,多电平逆变器拓扑与调制,C0700,永磁同步电机控制,,,19
C0472,多电平逆变器拓扑与调制,C0736,电力系统暂态稳定,,,1
C0472,多电平逆变器拓扑与调制,C0746,功率因数校正电路与控制,,,68
C0473,二氧化碳地质封存与驱油,C0513,天然气水合物生成与分解,,,18
C0473,二氧化碳地质封存与驱油,C0514,煤气化工艺与反应,,,3
C0473,二氧化碳地质封存与驱油,C0560,二氧化碳水合物形成与分离,,,234
C0473,二氧化碳地质封存与驱油,C0572,碳排放交易机制,,,1
C0473,二氧化碳地质封存与驱油,C0606,地热资源勘探与储层建模,,,71
C0473,二氧化碳地质封存与驱油,C0607,地热供热与发电利用,,,2
C0473,二氧化碳地质封存与驱油,C0670,二氧化碳溶剂吸收捕集,,,1
C0473,二氧化碳地质封存与驱油,C0671,二氧化碳固体吸附捕集,,,87
C0473,二氧化碳地质封存与驱油,,,Q.EDITORIAL,封面、索引、勘误等非研究正文,1
C0474,焦炭钙基反应与无机工艺材料混合,C0009,二氧化碳电还原催化,,,4
C0474,焦炭钙基反应与无机工艺材料混合,C0063,生物质热解与炭化,,,52
C0474,焦炭钙基反应与无机工艺材料混合,C0226,过硫酸盐活化与高级氧化,,,3
C0474,焦炭钙基反应与无机工艺材料混合,C0254,电催化析氢与界面调控,,,1
C0474,焦炭钙基反应与无机工艺材料混合,C0257,固体氧化物燃料电池,,,6
C0474,焦炭钙基反应与无机工艺材料混合,C0501,钠电池电解液与界面,,,1
C0474,焦炭钙基反应与无机工艺材料混合,C0513,天然气水合物生成与分解,,,18
C0474,焦炭钙基反应与无机工艺材料混合,C0514,煤气化工艺与反应,,,1
C0474,焦炭钙基反应与无机工艺材料混合,C0526,厌氧发酵生物制氢,,,5
C0474,焦炭钙基反应与无机工艺材料混合,C0537,其他材料光催化污染物降解,,,1
C0474,焦炭钙基反应与无机工艺材料混合,C0560,二氧化碳水合物形成与分离,,,14
C0474,焦炭钙基反应与无机工艺材料混合,C0565,二氧化碳干重整制合成气,,,4
C0474,焦炭钙基反应与无机工艺材料混合,C0566,蒸汽重整制氢与合成气,,,5
C0474,焦炭钙基反应与无机工艺材料混合,C0569,餐厨垃圾或污泥厌氧消化,,,1
C0474,焦炭钙基反应与无机工艺材料混合,C0576,碱性水电解制氢,,,1
C0474,焦炭钙基反应与无机工艺材料混合,C0583,碳化硅陶瓷结构材料,,,3
C0474,焦炭钙基反应与无机工艺材料混合,C0596,聚变加热与中性束注入,,,1
C0474,焦炭钙基反应与无机工艺材料混合,C0598,锂资源提取与分离,,,11
C0474,焦炭钙基反应与无机工艺材料混合,C0606,地热资源勘探与储层建模,,,1
C0474,焦炭钙基反应与无机工艺材料混合,C0630,有机朗肯循环发电,,,7
C0474,焦炭钙基反应与无机工艺材料混合,C0634,二氧化碳催化加氢与甲烷化,,,8
C0474,焦炭钙基反应与无机工艺材料混合,C0662,吸收式制冷循环,,,5
C0474,焦炭钙基反应与无机工艺材料混合,C0663,吸附式制冷循环,,,1
C0474,焦炭钙基反应与无机工艺材料混合,C0665,换热器结构与传热强化,,,1
C0474,焦炭钙基反应与无机工艺材料混合,C0670,二氧化碳溶剂吸收捕集,,,10
C0474,焦炭钙基反应与无机工艺材料混合,C0671,二氧化碳固体吸附捕集,,,132
C0474,焦炭钙基反应与无机工艺材料混合,C0673,硫化物固态电解质,,,2
C0474,焦炭钙基反应与无机工艺材料混合,C0678,聚光太阳能热发电,,,2
C0474,焦炭钙基反应与无机工艺材料混合,C0680,生物质气化制合成气,,,36
C0474,焦炭钙基反应与无机工艺材料混合,C0681,生物质水热炭化,,,3
C0474,焦炭钙基反应与无机工艺材料混合,C0693,活性炭制备与孔结构,,,1
C0474,焦炭钙基反应与无机工艺材料混合,C0695,铀钍提取与分离,,,6
C0474,焦炭钙基反应与无机工艺材料混合,C0714,层状及富镍锂电正极材料,,,2
C0474,焦炭钙基反应与无机工艺材料混合,C0715,锂电磷酸盐正极材料,,,5
C0474,焦炭钙基反应与无机工艺材料混合,C0725,废塑料回收与转化,,,3
C0474,焦炭钙基反应与无机工艺材料混合,C0728,钠离子电池正极材料,,,1
C0474,焦炭钙基反应与无机工艺材料混合,C0739,水污染物吸附去除,,,1
C0474,焦炭钙基反应与无机工艺材料混合,C0744,潜热储热系统,,,11
C0474,焦炭钙基反应与无机工艺材料混合,C0745,热化学储热系统,,,89
C0474,焦炭钙基反应与无机工艺材料混合,,,Q.EDITORIAL,封面、索引、勘误等非研究正文,2
C0475,钢铁合金腐蚀与耐蚀性能,C0493,光催化制氢,,,1
C0475,钢铁合金腐蚀与耐蚀性能,C0555,锌空气电池,,,1
C0475,钢铁合金腐蚀与耐蚀性能,C0556,水系锌离子电池,,,1
C0475,钢铁合金腐蚀与耐蚀性能,C0576,碱性水电解制氢,,,3
C0475,钢铁合金腐蚀与耐蚀性能,C0583,碳化硅陶瓷结构材料,,,4
C0475,钢铁合金腐蚀与耐蚀性能,C0601,铜基热电材料,,,6
C0475,钢铁合金腐蚀与耐蚀性能,C0602,摩擦纳米发电机,,,1
C0475,钢铁合金腐蚀与耐蚀性能,C0628,软磁材料与磁损耗,,,4
C0475,钢铁合金腐蚀与耐蚀性能,C0671,二氧化碳固体吸附捕集,,,2
C0475,钢铁合金腐蚀与耐蚀性能,C0689,染料敏化电池敏化剂,,,1
C0475,钢铁合金腐蚀与耐蚀性能,C0694,稀土元素提取分离,,,1
C0475,钢铁合金腐蚀与耐蚀性能,C0695,铀钍提取与分离,,,2
C0475,钢铁合金腐蚀与耐蚀性能,C0709,核结构材料辐照损伤,,,1
C0475,钢铁合金腐蚀与耐蚀性能,C0714,层状及富镍锂电正极材料,,,66
C0475,钢铁合金腐蚀与耐蚀性能,C0724,电子废物回收,,,1
C0475,钢铁合金腐蚀与耐蚀性能,C0727,钠离子电池负极材料,,,2
C0475,钢铁合金腐蚀与耐蚀性能,C0728,钠离子电池正极材料,,,3
C0475,钢铁合金腐蚀与耐蚀性能,C0739,水污染物吸附去除,,,1
C0475,钢铁合金腐蚀与耐蚀性能,C0744,潜热储热系统,,,9
C0475,钢铁合金腐蚀与耐蚀性能,,,Q.EDITORIAL,封面、索引、勘误等非研究正文,2
C0475,钢铁合金腐蚀与耐蚀性能,,,Q.INSUFFICIENT,题名摘要不足，待补全,1
C0476,工业废水处理与电化学净化,C0501,钠电池电解液与界面,,,1
C0476,工业废水处理与电化学净化,C0507,污水污泥营养元素回收,,,4
C0476,工业废水处理与电化学净化,C0508,污泥脱水与调理,,,2
C0476,工业废水处理与电化学净化,C0514,煤气化工艺与反应,,,1
C0476,工业废水处理与电化学净化,C0515,膜法海水淡化,,,20
C0476,工业废水处理与电化学净化,C0516,分离膜污染与清洗,,,128
C0476,工业废水处理与电化学净化,C0519,电池隔膜制备与改性,,,1
C0476,工业废水处理与电化学净化,C0526,厌氧发酵生物制氢,,,1
C0476,工业废水处理与电化学净化,C0537,其他材料光催化污染物降解,,,94
C0476,工业废水处理与电化学净化,C0544,厌氧污水处理反应器,,,14
C0476,工业废水处理与电化学净化,C0555,锌空气电池,,,1
C0476,工业废水处理与电化学净化,C0556,水系锌离子电池,,,1
C0476,工业废水处理与电化学净化,C0557,TiO₂光催化污染物降解,,,20
C0476,工业废水处理与电化学净化,C0558,油水分离界面与膜材料,,,1
C0476,工业废水处理与电化学净化,C0560,二氧化碳水合物形成与分离,,,1
C0476,工业废水处理与电化学净化,C0576,碱性水电解制氢,,,19
C0476,工业废水处理与电化学净化,C0577,质子交换膜水电解制氢,,,16
C0476,工业废水处理与电化学净化,C0598,锂资源提取与分离,,,7
C0476,工业废水处理与电化学净化,C0602,摩擦纳米发电机,,,1
C0476,工业废水处理与电化学净化,C0603,ZnO光催化污染物降解,,,5
C0476,工业废水处理与电化学净化,C0619,生物炭土壤改良,,,1
C0476,工业废水处理与电化学净化,C0652,核裂变反应堆工程,,,1
C0476,工业废水处理与电化学净化,C0660,废旧电池湿法回收,,,1
C0476,工业废水处理与电化学净化,C0662,吸收式制冷循环,,,1
C0476,工业废水处理与电化学净化,C0671,二氧化碳固体吸附捕集,,,5
C0476,工业废水处理与电化学净化,C0681,生物质水热炭化,,,1
C0476,工业废水处理与电化学净化,C0682,生物质水热液化,,,1
C0476,工业废水处理与电化学净化,C0693,活性炭制备与孔结构,,,9
C0476,工业废水处理与电化学净化,C0694,稀土元素提取分离,,,5
C0476,工业废水处理与电化学净化,C0695,铀钍提取与分离,,,9
C0476,工业废水处理与电化学净化,C0724,电子废物回收,,,10
C0476,工业废水处理与电化学净化,C0725,废塑料回收与转化,,,8
C0476,工业废水处理与电化学净化,C0728,钠离子电池正极材料,,,1
C0476,工业废水处理与电化学净化,C0733,灌溉水资源优化调度,,,1
C0476,工业废水处理与电化学净化,C0739,水污染物吸附去除,,,270
C0476,工业废水处理与电化学净化,C0740,水污染物电化学氧化,,,126
C0476,工业废水处理与电化学净化,C0742,氮气电还原制氨,,,1
C0476,工业废水处理与电化学净化,,,Q.EDITORIAL,封面、索引、勘误等非研究正文,1
C0477,节能审查与碳排放评价政策,C0572,碳排放交易机制,,,21
C0477,节能审查与碳排放评价政策,C0621,工业能源审计与节能评估,,,7
C0477,节能审查与碳排放评价政策,C0720,气候变化减缓政策,,,3
C0478,抗菌生物医用纳米材料,C0060,超级电容器电极与器件,,,6
C0478,抗菌生物医用纳米材料,C0226,过硫酸盐活化与高级氧化,,,60
C0478,抗菌生物医用纳米材料,C0355,染料敏化太阳能电池材料与器件,,,1
C0478,抗菌生物医用纳米材料,C0387,有机发光二极管与发光材料,,,1
C0478,抗菌生物医用纳米材料,C0412,质子交换膜燃料电池运行与建模,,,1
C0478,抗菌生物医用纳米材料,C0481,微生物燃料电池与生物产电,,,1
C0478,抗菌生物医用纳米材料,C0493,光催化制氢,,,1
C0478,抗菌生物医用纳米材料,C0516,分离膜污染与清洗,,,8
C0478,抗菌生物医用纳米材料,C0537,其他材料光催化污染物降解,,,69
C0478,抗菌生物医用纳米材料,C0557,TiO₂光催化污染物降解,,,3
C0478,抗菌生物医用纳米材料,C0567,石墨烯结构复合材料,,,1
C0478,抗菌生物医用纳米材料,C0569,餐厨垃圾或污泥厌氧消化,,,1
C0478,抗菌生物医用纳米材料,C0602,摩擦纳米发电机,,,8
C0478,抗菌生物医用纳米材料,C0603,ZnO光催化污染物降解,,,2
C0478,抗菌生物医用纳米材料,C0617,木质纤维素生物乙醇,,,1
C0478,抗菌生物医用纳米材料,C0671,二氧化碳固体吸附捕集,,,1
C0478,抗菌生物医用纳米材料,C0689,染料敏化电池敏化剂,,,4
C0478,抗菌生物医用纳米材料,C0715,锂电磷酸盐正极材料,,,1
C0478,抗菌生物医用纳米材料,C0724,电子废物回收,,,2
C0478,抗菌生物医用纳米材料,C0739,水污染物吸附去除,,,23
C0478,抗菌生物医用纳米材料,,,Q.EDITORIAL,封面、索引、勘误等非研究正文,4
C0478,抗菌生物医用纳米材料,,,Q.INSUFFICIENT,题名摘要不足，待补全,1
C0479,电机绕组线圈与电磁部件,C0511,电池装配工装与制造设备,,,1
C0479,电机绕组线圈与电磁部件,C0512,无线充电器与装置,,,2
C0479,电机绕组线圈与电磁部件,C0571,光伏电池与组件制造工艺,,,1
C0479,电机绕组线圈与电磁部件,C0579,电机转子结构与制造,,,14
C0479,电机绕组线圈与电磁部件,C0580,电机定子结构与制造,,,26
C0479,电机绕组线圈与电磁部件,C0641,电池盖板、端子与密封结构,,,10
C0479,电机绕组线圈与电磁部件,C0708,电缆桥架与线束支撑,,,9
C0479,电机绕组线圈与电磁部件,C0749,电机绕组与线圈制造,,,3
C0480,燃气轮机与航空发动机装置,C0257,固体氧化物燃料电池,,,6
C0480,燃气轮机与航空发动机装置,C0412,质子交换膜燃料电池运行与建模,,,1
C0480,燃气轮机与航空发动机装置,C0512,无线充电器与装置,,,1
C0480,燃气轮机与航空发动机装置,C0551,燃气轮机热力性能,,,6
C0480,燃气轮机与航空发动机装置,C0579,电机转子结构与制造,,,1
C0480,燃气轮机与航空发动机装置,C0650,空气源热泵,,,1
C0480,燃气轮机与航空发动机装置,C0701,电气设备风冷散热,,,2
C0480,燃气轮机与航空发动机装置,C0704,汽轮机运行与热力性能,,,7
C0481,微生物燃料电池与生物产电,C0129,生物质与污泥厌氧消化产气,,,8
C0481,微生物燃料电池与生物产电,C0298,场效应晶体管结构与建模,,,1
C0481,微生物燃料电池与生物产电,C0493,光催化制氢,,,1
C0481,微生物燃料电池与生物产电,C0497,藻类生物燃料,,,2
C0481,微生物燃料电池与生物产电,C0498,生物能源生命周期与可持续性,,,19
C0481,微生物燃料电池与生物产电,C0500,压电能量采集,,,2
C0481,微生物燃料电池与生物产电,C0516,分离膜污染与清洗,,,2
C0481,微生物燃料电池与生物产电,C0518,电池电极粘结剂,,,1
C0481,微生物燃料电池与生物产电,C0519,电池隔膜制备与改性,,,1
C0481,微生物燃料电池与生物产电,C0526,厌氧发酵生物制氢,,,30
C0481,微生物燃料电池与生物产电,C0537,其他材料光催化污染物降解,,,1
C0481,微生物燃料电池与生物产电,C0543,加氢站与氢气加注,,,1
C0481,微生物燃料电池与生物产电,C0569,餐厨垃圾或污泥厌氧消化,,,1
C0481,微生物燃料电池与生物产电,C0576,碱性水电解制氢,,,1
C0481,微生物燃料电池与生物产电,C0577,质子交换膜水电解制氢,,,1
C0481,微生物燃料电池与生物产电,C0602,摩擦纳米发电机,,,11
C0481,微生物燃料电池与生物产电,C0611,电气安全与触电风险,,,1
C0481,微生物燃料电池与生物产电,C0618,木质纤维素预处理,,,4
C0481,微生物燃料电池与生物产电,C0634,二氧化碳催化加氢与甲烷化,,,2
C0481,微生物燃料电池与生物产电,C0644,沼气提纯与生物甲烷升级,,,43
C0481,微生物燃料电池与生物产电,C0648,锂电石墨负极,,,2
C0481,微生物燃料电池与生物产电,C0662,吸收式制冷循环,,,1
C0481,微生物燃料电池与生物产电,C0680,生物质气化制合成气,,,2
C0481,微生物燃料电池与生物产电,C0681,生物质水热炭化,,,1
C0481,微生物燃料电池与生物产电,C0693,活性炭制备与孔结构,,,3
C0481,微生物燃料电池与生物产电,C0715,锂电磷酸盐正极材料,,,1
C0481,微生物燃料电池与生物产电,C0724,电子废物回收,,,1
C0481,微生物燃料电池与生物产电,C0727,钠离子电池负极材料,,,1
C0481,微生物燃料电池与生物产电,,,Q.EDITORIAL,封面、索引、勘误等非研究正文,1
C0482,半导体光电探测器,C0298,场效应晶体管结构与建模,,,2
C0482,半导体光电探测器,C0530,钙钛矿电池界面、钝化与传输层,,,3
C0482,半导体光电探测器,C0532,钙钛矿叠层太阳能电池,,,1
C0482,半导体光电探测器,C0537,其他材料光催化污染物降解,,,8
C0482,半导体光电探测器,C0542,光伏组件故障与缺陷检测,,,1
C0482,半导体光电探测器,C0584,聚合物有机太阳能电池,,,1
C0482,半导体光电探测器,C0585,有机光伏印刷与规模制造,,,1
C0482,半导体光电探测器,C0590,非钙钛矿多结太阳能电池,,,1
C0482,半导体光电探测器,C0602,摩擦纳米发电机,,,6
C0482,半导体光电探测器,C0664,LED照明灯具与配光,,,1
C0482,半导体光电探测器,C0671,二氧化碳固体吸附捕集,,,1
C0482,半导体光电探测器,C0688,染料敏化电池光阳极,,,2
C0482,半导体光电探测器,C0689,染料敏化电池敏化剂,,,7
C0482,半导体光电探测器,,,Q.EDITORIAL,封面、索引、勘误等非研究正文,6
C0483,电催化氧化还原与催化材料综述,C0009,二氧化碳电还原催化,,,145
C0483,电催化氧化还原与催化材料综述,C0060,超级电容器电极与器件,,,4
C0483,电催化氧化还原与催化材料综述,C0155,电解水析氧催化,,,406
C0483,电催化氧化还原与催化材料综述,C0226,过硫酸盐活化与高级氧化,,,4
C0483,电催化氧化还原与催化材料综述,C0233,半导体光电化学水分解,,,1
C0483,电催化氧化还原与催化材料综述,C0254,电催化析氢与界面调控,,,763
C0483,电催化氧化还原与催化材料综述,C0257,固体氧化物燃料电池,,,25
C0483,电催化氧化还原与催化材料综述,C0278,整体电催化水分解,,,5
C0483,电催化氧化还原与催化材料综述,C0358,非贵金属氧还原电催化材料,,,154
C0483,电催化氧化还原与催化材料综述,C0387,有机发光二极管与发光材料,,,1
C0483,电催化氧化还原与催化材料综述,C0412,质子交换膜燃料电池运行与建模,,,4
C0483,电催化氧化还原与催化材料综述,C0417,固体氧化物电解池与可逆电化学单元,,,13
C0483,电催化氧化还原与催化材料综述,C0481,微生物燃料电池与生物产电,,,1
C0483,电催化氧化还原与催化材料综述,C0537,其他材料光催化污染物降解,,,1
C0483,电催化氧化还原与催化材料综述,C0576,碱性水电解制氢,,,9
C0483,电催化氧化还原与催化材料综述,C0577,质子交换膜水电解制氢,,,7
C0483,电催化氧化还原与催化材料综述,C0602,摩擦纳米发电机,,,1
C0483,电催化氧化还原与催化材料综述,C0634,二氧化碳催化加氢与甲烷化,,,1
C0483,电催化氧化还原与催化材料综述,C0693,活性炭制备与孔结构,,,1
C0483,电催化氧化还原与催化材料综述,C0714,层状及富镍锂电正极材料,,,4
C0483,电催化氧化还原与催化材料综述,C0715,锂电磷酸盐正极材料,,,12
C0483,电催化氧化还原与催化材料综述,C0728,钠离子电池正极材料,,,1
C0483,电催化氧化还原与催化材料综述,C0739,水污染物吸附去除,,,1
C0483,电催化氧化还原与催化材料综述,C0740,水污染物电化学氧化,,,1
C0483,电催化氧化还原与催化材料综述,C0742,氮气电还原制氨,,,19
C0483,电催化氧化还原与催化材料综述,C0743,硝酸盐电还原制氨,,,2
C0483,电催化氧化还原与催化材料综述,,,Q.EDITORIAL,封面、索引、勘误等非研究正文,11
C0483,电催化氧化还原与催化材料综述,,,Q.TEMPLATE,仍有模板干扰，待复核,1
C0484,配电系统供电设备与可靠性,C0060,超级电容器电极与器件,,,1
C0484,配电系统供电设备与可靠性,C0246,虚拟电厂资源聚合与调度,,,2
C0484,配电系统供电设备与可靠性,C0408,配电网重构与优化运行,,,56
C0484,配电系统供电设备与可靠性,C0435,智能电表物联网与用能监测,,,3
C0484,配电系统供电设备与可靠性,C0472,多电平逆变器拓扑与调制,,,1
C0484,配电系统供电设备与可靠性,C0490,风能资源评估与选址,,,1
C0484,配电系统供电设备与可靠性,C0504,电动汽车充电并网影响,,,5
C0484,配电系统供电设备与可靠性,C0517,配电网需求响应与柔性调度,,,19
C0484,配电系统供电设备与可靠性,C0524,储能运行调度与收益,,,1
C0484,配电系统供电设备与可靠性,C0539,配电网谐波与电能质量治理,,,122
C0484,配电系统供电设备与可靠性,C0540,配电网电压无功优化,,,32
C0484,配电系统供电设备与可靠性,C0541,光伏组件退化与寿命,,,1
C0484,配电系统供电设备与可靠性,C0542,光伏组件故障与缺陷检测,,,2
C0484,配电系统供电设备与可靠性,C0550,变压器故障诊断,,,2
C0484,配电系统供电设备与可靠性,C0552,微电网能量管理与经济调度,,,1
C0484,配电系统供电设备与可靠性,C0574,电力市场机制与制度设计,,,5
C0484,配电系统供电设备与可靠性,C0575,产消者能源交易,,,1
C0484,配电系统供电设备与可靠性,C0588,电网接地与地网安全,,,2
C0484,配电系统供电设备与可靠性,C0592,电池荷电状态估计,,,1
C0484,配电系统供电设备与可靠性,C0595,电网短路电流计算,,,2
C0484,配电系统供电设备与可靠性,C0613,电力系统可靠性评估,,,80
C0484,配电系统供电设备与可靠性,C0621,工业能源审计与节能评估,,,1
C0484,配电系统供电设备与可靠性,C0625,光伏技术经济与投资,,,1
C0484,配电系统供电设备与可靠性,C0626,屋顶与分布式光伏部署,,,8
C0484,配电系统供电设备与可靠性,C0639,漏电与剩余电流保护,,,1
C0484,配电系统供电设备与可靠性,C0664,LED照明灯具与配光,,,1
C0484,配电系统供电设备与可靠性,C0667,电网频率控制,,,1
C0484,配电系统供电设备与可靠性,C0675,风电出力预测,,,1
C0484,配电系统供电设备与可靠性,C0686,电网灾害韧性与恢复,,,193
C0484,配电系统供电设备与可靠性,C0710,水电站运行调度,,,4
C0484,配电系统供电设备与可靠性,C0712,电力负荷预测,,,2
C0484,配电系统供电设备与可靠性,C0718,配电网规划与容量配置,,,49
C0484,配电系统供电设备与可靠性,C0736,电力系统暂态稳定,,,2
C0484,配电系统供电设备与可靠性,C0737,电力系统电压稳定,,,44
C0484,配电系统供电设备与可靠性,C0741,电网状态估计与相量测量,,,18
C0484,配电系统供电设备与可靠性,C0746,功率因数校正电路与控制,,,40
C0485,锂钠储能负极纳米材料,C0060,超级电容器电极与器件,,,47
C0485,锂钠储能负极纳米材料,C0191,固态储氢材料与反应器,,,20
C0485,锂钠储能负极纳米材料,C0254,电催化析氢与界面调控,,,1
C0485,锂钠储能负极纳米材料,C0259,锂硫电池正极与多硫化物调控,,,52
C0485,锂钠储能负极纳米材料,C0336,硅碳负极材料与制备,,,174
C0485,锂钠储能负极纳米材料,C0407,水系锌电池负极及界面稳定,,,1
C0485,锂钠储能负极纳米材料,C0498,生物能源生命周期与可持续性,,,1
C0485,锂钠储能负极纳米材料,C0501,钠电池电解液与界面,,,4
C0485,锂钠储能负极纳米材料,C0518,电池电极粘结剂,,,3
C0485,锂钠储能负极纳米材料,C0556,水系锌离子电池,,,37
C0485,锂钠储能负极纳米材料,C0598,锂资源提取与分离,,,32
C0485,锂钠储能负极纳米材料,C0616,锂金属负极界面稳定与枝晶抑制,,,38
C0485,锂钠储能负极纳米材料,C0697,钾离子电池,,,1
C0485,锂钠储能负极纳米材料,C0714,层状及富镍锂电正极材料,,,11
C0485,锂钠储能负极纳米材料,C0715,锂电磷酸盐正极材料,,,30
C0485,锂钠储能负极纳米材料,C0727,钠离子电池负极材料,,,182
C0485,锂钠储能负极纳米材料,C0728,钠离子电池正极材料,,,46
C0485,锂钠储能负极纳米材料,C0744,潜热储热系统,,,1
C0485,锂钠储能负极纳米材料,,,Q.EDITORIAL,封面、索引、勘误等非研究正文,15
C0486,能源发展可及性与能源贫困,C0060,超级电容器电极与器件,,,3
C0486,能源发展可及性与能源贫困,C0124,电力系统碳计量与低碳调度,,,3
C0486,能源发展可及性与能源贫困,C0246,虚拟电厂资源聚合与调度,,,1
C0486,能源发展可及性与能源贫困,C0489,海上风电开发与技术经济,,,1
C0486,能源发展可及性与能源贫困,C0490,风能资源评估与选址,,,4
C0486,能源发展可及性与能源贫困,C0502,潮汐与潮流能开发,,,10
C0486,能源发展可及性与能源贫困,C0509,太阳能热水与供热装置,,,3
C0486,能源发展可及性与能源贫困,C0527,碳税与环境税费,,,18
C0486,能源发展可及性与能源贫困,C0528,可再生能源补贴机制,,,11
C0486,能源发展可及性与能源贫困,C0534,氢能技术经济与生命周期,,,1
C0486,能源发展可及性与能源贫困,C0552,微电网能量管理与经济调度,,,2
C0486,能源发展可及性与能源贫困,C0564,波浪能转换装置,,,2
C0486,能源发展可及性与能源贫困,C0574,电力市场机制与制度设计,,,5
C0486,能源发展可及性与能源贫困,C0575,产消者能源交易,,,26
C0486,能源发展可及性与能源贫困,C0594,能源安全与转型战略,,,10
C0486,能源发展可及性与能源贫困,C0606,地热资源勘探与储层建模,,,1
C0486,能源发展可及性与能源贫困,C0607,地热供热与发电利用,,,8
C0486,能源发展可及性与能源贫困,C0611,电气安全与触电风险,,,1
C0486,能源发展可及性与能源贫困,C0621,工业能源审计与节能评估,,,5
C0486,能源发展可及性与能源贫困,C0624,农光互补与农光协同,,,27
C0486,能源发展可及性与能源贫困,C0626,屋顶与分布式光伏部署,,,1
C0486,能源发展可及性与能源贫困,C0633,区域供热供冷系统,,,3
C0486,能源发展可及性与能源贫困,C0642,绿色金融与能源投资,,,9
C0486,能源发展可及性与能源贫困,C0651,地源热泵与地埋换热器,,,1
C0486,能源发展可及性与能源贫困,C0654,能源电力教学实验平台,,,4
C0486,能源发展可及性与能源贫困,C0678,聚光太阳能热发电,,,3
C0486,能源发展可及性与能源贫困,C0686,电网灾害韧性与恢复,,,16
C0486,能源发展可及性与能源贫困,C0712,电力负荷预测,,,2
C0486,能源发展可及性与能源贫困,C0718,配电网规划与容量配置,,,1
C0486,能源发展可及性与能源贫困,C0719,气候变化适应与风险,,,10
C0486,能源发展可及性与能源贫困,C0720,气候变化减缓政策,,,12
C0486,能源发展可及性与能源贫困,C0750,能源贫困与能源可及性,,,424
C0486,能源发展可及性与能源贫困,,,Q.EDITORIAL,封面、索引、勘误等非研究正文,1
